thermoreg_reading,enzyme_activity_index,dual_lobe_signal,stress_variability,habitat_zone,activity_score,fasting_flag,health_outcome,station_code,diagnostic_noise
52.6,97.0,3.6,-3.5,C2,2.0,0.0,1,Z-WHH,0.48209
41.8,105.0,3.4,10.5,C1,2.0,0.0,0,Z-EAT,
56.2,126.0,5.5,9.6,C2,5.0,0.0,0,Z-IPF,-0.74735
57.7,106.0,-4.1,-4.0,C1,4.0,0.0,1,Z-FKO,0.57048
34.5,73.0,2.3,0.3,C4,5.0,1.0,1,Z-SVY,-0.31084
39.7,69.0,-1.2,5.1,C4,2.0,1.0,0,Z-WAH,1.41691
51.2,94.0,-1.7,3.8,C2,3.0,1.0,1,Z-YDK,-1.34719
47.6,113.0,0.4,-4.4,C5,3.0,1.0,1,Z-SFR,-0.55448
50.0,80.0,-2.6,,C3,,1.0,0,Z-DCX,-0.82019
43.3,71.0,0.4,-2.0,C4,3.0,1.0,0,Z-DJJ,0.28067
57.2,70.0,-2.5,-4.9,C4,2.0,1.0,1,Z-COP,-0.70047
56.4,128.0,3.5,0.8,C1,1.0,0.0,1,Z-HNJ,0.93062
50.7,93.0,2.1,-0.2,C4,5.0,0.0,1,Z-HUU,1.83824
59.2,82.0,0.2,-0.6,C1,5.0,1.0,1,Z-HJU,-0.04918
53.9,129.0,,-1.8,C5,4.0,0.0,1,Z-TLX,0.42459
,86.0,3.1,7.2,C2,2.0,0.0,0,Z-CFZ,-0.5574
53.1,84.0,4.3,-1.3,C3,,0.0,0,Z-FWA,1.10435
42.5,110.0,3.9,5.9,C1,2.0,0.0,1,Z-VTZ,-0.83517
57.2,102.0,5.5,-1.3,C1,5.0,1.0,1,Z-TCA,-0.14318
49.8,56.0,1.0,0.2,C1,2.0,1.0,1,Z-HIH,0.44343
48.7,122.0,1.8,4.4,C1,,1.0,0,Z-NGD,-0.99985
,67.0,0.5,1.2,C2,4.0,1.0,0,Z-OJP,0.69497
,197.0,3.5,0.1,C1,3.0,1.0,0,Z-VDL,-0.20526
48.9,85.0,-2.2,-2.3,C5,4.0,0.0,1,Z-JFF,0.31945
46.7,39.0,2.4,7.5,C4,3.0,0.0,1,Z-KML,-0.36748
,141.0,4.9,0.2,C2,3.0,1.0,0,Z-BBE,-1.22933
54.4,105.0,7.9,7.8,C4,5.0,,0,Z-BIV,0.65729
53.1,111.0,4.6,,C2,2.0,0.0,0,Z-ATF,0.1755
53.5,115.0,0.5,-2.8,C5,1.0,1.0,1,Z-PXQ,0.1509
53.6,68.0,-1.8,4.2,C3,3.0,1.0,1,Z-SLT,-0.37121
,69.0,1.5,8.5,C3,3.0,0.0,0,Z-LNK,0.52878
46.9,146.0,2.2,4.9,C1,3.0,0.0,0,Z-QOT,-0.4278
46.1,50.0,1.4,,C3,3.0,0.0,0,Z-ZUZ,0.16858
43.6,132.0,-0.3,-9.2,C3,3.0,,0,Z-MWL,1.59571
55.1,121.0,3.0,-4.6,C1,3.0,0.0,1,Z-NKJ,-0.36918
59.2,119.0,5.0,2.4,C1,5.0,0.0,0,Z-EWI,0.43377
49.2,85.0,5.7,0.6,C4,1.0,1.0,1,Z-WYR,-0.41525
43.4,150.0,2.8,3.5,C5,5.0,1.0,1,Z-IPH,0.30335
43.6,69.0,5.9,-8.5,C3,3.0,1.0,0,Z-SBY,-0.22039
55.4,90.0,-0.7,0.4,C1,1.0,1.0,1,Z-NYI,0.76556
56.1,127.0,,-2.6,C2,1.0,1.0,1,,-0.60071
54.5,88.0,-1.6,-5.3,,3.0,0.0,1,Z-FOV,-0.36464
44.8,63.0,6.8,12.4,,4.0,0.0,0,Z-HHV,1.58837
52.0,101.0,0.0,-2.9,C1,3.0,0.0,1,Z-OWK,0.17707
51.1,119.0,4.7,-4.3,C1,3.0,1.0,1,Z-ECS,1.75022
51.9,,5.7,5.3,C2,2.0,0.0,0,Z-VMF,
57.1,167.0,4.7,4.1,C3,3.0,1.0,0,Z-XNJ,-1.07306
,54.0,3.3,0.5,C4,5.0,1.0,1,Z-EGV,-0.05522
55.6,305.0,3.1,11.0,C2,3.0,0.0,0,Z-RCG,0.39471
50.7,73.0,5.8,4.4,C1,4.0,0.0,1,Z-YME,-0.20899
52.5,78.0,-1.0,1.8,C1,1.0,1.0,1,Z-IXB,-1.38113
55.2,93.0,-4.4,-4.1,C3,3.0,0.0,1,Z-NEY,-1.67891
38.5,63.0,3.7,7.1,C1,4.0,0.0,1,Z-TGM,1.7412
47.6,66.0,4.8,1.2,C3,4.0,0.0,0,Z-ZJK,-0.81036
46.4,30.0,-2.6,-8.4,C2,3.0,0.0,0,Z-DLW,0.46085
45.0,129.0,2.3,3.6,C2,3.0,0.0,0,Z-ZFU,0.92193
48.0,120.0,-2.0,-2.1,C1,1.0,1.0,1,Z-YEO,0.85753
62.1,119.0,4.1,5.3,C4,2.0,0.0,0,Z-BLN,-3.14904
,61.0,4.9,0.1,C3,4.0,0.0,0,Z-WMR,-1.59657
,,2.6,,C2,4.0,1.0,0,,-1.36275
36.7,75.0,-2.3,-10.4,C2,1.0,0.0,0,Z-UPN,0.53754
47.5,79.0,6.6,2.1,C2,5.0,0.0,0,Z-GLR,-0.54715
51.5,57.0,2.0,,C2,5.0,0.0,1,Z-SBP,-1.32618
54.9,121.0,0.5,1.0,C4,2.0,1.0,1,Z-QOP,0.53822
55.9,100.0,5.1,0.8,C2,1.0,,1,Z-BIG,0.69703
56.5,117.0,3.7,-4.2,C1,2.0,0.0,1,Z-XZY,-0.01141
47.4,99.0,-1.7,-5.5,C5,5.0,1.0,1,Z-QAQ,-1.40451
46.5,110.0,6.7,6.8,C2,3.0,0.0,0,Z-LZO,0.26886
57.0,116.0,3.2,1.8,C1,2.0,0.0,0,Z-CKO,-0.93786
48.6,88.0,4.2,-1.1,C1,5.0,1.0,1,Z-QRO,-0.20712
39.9,,3.3,4.9,C2,1.0,1.0,0,Z-KJO,
41.1,109.0,4.1,8.6,C3,5.0,0.0,0,Z-RLU,0.14585
42.8,128.0,4.1,5.8,C5,4.0,0.0,1,Z-QXU,-0.27688
54.1,76.0,-2.0,-13.2,C1,2.0,0.0,0,Z-ETM,-0.13782
51.3,131.0,3.1,2.2,C2,4.0,0.0,0,Z-OZZ,0.59693
55.7,66.0,4.0,,C1,4.0,0.0,1,Z-LXJ,0.07139
46.7,121.0,-0.8,-11.0,C2,3.0,0.0,0,Z-VMW,-2.5277
51.4,85.0,0.4,-6.7,C3,4.0,0.0,0,Z-HRQ,-0.83193
55.2,130.0,3.5,,C1,3.0,0.0,0,Z-HUN,-0.04298
47.7,135.0,4.6,3.2,C5,4.0,,1,Z-MEL,0.98011
53.8,111.0,,1.3,C1,4.0,0.0,1,Z-GVP,-0.55581
44.9,90.0,2.7,-2.0,C3,5.0,0.0,0,Z-TPE,-0.64509
47.3,93.0,-3.6,-0.2,C3,4.0,0.0,1,Z-VSZ,0.39882
47.1,83.0,2.8,-4.3,C2,5.0,0.0,0,Z-DMP,-1.11513
40.6,115.0,3.6,-2.2,C4,2.0,1.0,1,Z-MEQ,0.58529
54.1,104.0,0.0,-2.9,C3,2.0,0.0,0,Z-OXJ,-0.67203
46.4,35.0,5.3,-3.4,C3,3.0,0.0,0,Z-ZLC,0.14294
50.3,124.0,3.0,-2.7,C2,2.0,1.0,0,Z-NRN,0.29332
54.0,129.0,1.1,3.9,C3,5.0,1.0,0,,0.35565
53.7,108.0,3.6,-2.0,C1,2.0,1.0,1,Z-KZV,1.05846
55.5,88.0,2.2,3.6,C3,3.0,0.0,1,Z-BWW,
49.4,,0.4,1.4,,3.0,0.0,1,Z-VBZ,-0.79277
46.8,74.0,,-3.2,C3,5.0,1.0,0,Z-UPG,-0.01493
49.5,105.0,,-7.1,C4,2.0,1.0,0,Z-JSZ,2.08015
36.7,28.0,-4.5,-5.3,C5,5.0,1.0,0,Z-CYD,1.04203
38.6,92.0,3.6,-7.4,C1,2.0,0.0,0,Z-UFC,-0.98776
39.6,85.0,,-3.9,C3,2.0,0.0,0,Z-BNC,-1.25252
42.2,122.0,4.3,3.2,C4,2.0,,1,Z-BMX,-0.20832
53.4,125.0,6.8,,C1,5.0,1.0,0,Z-AGG,-1.45365
42.9,69.0,-2.8,-4.7,C1,2.0,0.0,0,Z-LVZ,-1.31038
47.1,50.0,0.1,-4.1,C1,1.0,0.0,0,Z-TYQ,1.08191
60.6,96.0,,-2.3,C4,2.0,1.0,1,Z-CZK,1.02496
47.3,133.0,2.4,-1.5,C5,3.0,1.0,1,Z-MPG,0.92414
56.1,118.0,3.3,,C4,2.0,,0,Z-WFJ,1.60785
42.7,104.0,-1.9,-1.7,C2,2.0,0.0,0,,-2.02347
48.5,81.0,3.8,1.6,C3,2.0,1.0,0,Z-RWM,0.13755
42.6,101.0,4.1,4.6,C1,4.0,0.0,1,Z-HQI,-0.64943
47.4,55.0,2.1,0.2,C5,3.0,0.0,1,Z-FDC,1.01127
56.9,137.0,-3.3,-10.2,C5,,,1,Z-JCU,-1.00047
36.3,46.0,5.1,-1.9,C2,5.0,0.0,0,Z-JHR,0.41756
53.6,53.0,0.3,1.2,C1,,0.0,1,Z-KNE,0.84419
52.1,165.0,3.9,-4.0,C5,4.0,1.0,1,Z-DFG,0.97354
45.4,96.0,4.8,1.0,C4,2.0,1.0,0,Z-DCK,1.57967
38.6,84.0,3.3,0.8,C5,3.0,0.0,1,Z-XZF,1.49284
50.7,51.0,0.7,-5.4,C2,2.0,0.0,0,Z-YMK,0.12133
45.9,110.0,2.3,-6.7,C1,3.0,1.0,0,Z-XCM,-1.52932
52.0,127.0,4.4,-2.7,C2,1.0,0.0,1,Z-FON,0.41661
50.3,95.0,,-12.1,C2,3.0,1.0,0,Z-XUV,1.49435
63.0,146.0,4.5,4.9,C4,3.0,0.0,0,Z-YYI,1.17482
48.2,129.0,6.0,,C1,3.0,0.0,0,Z-PNB,-1.991
42.0,101.0,1.2,-3.8,C3,2.0,0.0,0,Z-YUP,
51.6,44.0,3.5,-4.3,C4,2.0,1.0,0,Z-GSO,0.6349
51.9,72.0,0.9,4.1,C1,2.0,0.0,1,Z-JNU,0.55686
,164.0,7.0,6.3,C2,,1.0,0,Z-LCY,0.10574
56.8,114.0,3.4,-1.2,C3,2.0,1.0,0,Z-OOS,0.13216
53.0,108.0,4.2,7.1,C2,4.0,0.0,0,Z-RLW,-0.78088
61.9,98.0,5.8,4.1,C2,3.0,,0,Z-RAE,0.51709
40.6,67.0,4.3,3.5,C3,1.0,1.0,0,Z-LOD,1.76472
45.0,124.0,0.5,-5.6,C1,2.0,0.0,1,Z-YPJ,0.08882
42.7,128.0,5.5,-3.2,C3,3.0,1.0,0,Z-BHH,-1.66717
47.0,117.0,-2.5,-10.5,C4,3.0,1.0,0,Z-HAA,-0.67876
39.1,97.0,2.9,9.8,C1,,0.0,0,Z-NQA,0.52495
55.2,126.0,4.4,-1.3,C1,,1.0,1,Z-XCM,0.55622
48.4,96.0,0.7,-0.7,,5.0,0.0,1,Z-CCU,-0.74835
38.4,48.0,0.5,0.7,C3,,1.0,0,Z-KMX,-0.84761
42.0,48.0,,1.3,C2,2.0,0.0,0,Z-GCB,0.1824
52.7,140.0,-3.9,-5.7,C2,4.0,1.0,1,Z-ZFO,0.28419
,111.0,1.2,-1.3,C3,2.0,1.0,0,Z-VQP,0.16502
66.1,,-0.7,,C2,2.0,1.0,0,Z-OCR,-0.0052
73.5,145.0,-1.8,-7.6,C3,4.0,0.0,0,Z-PGV,-0.01864
53.5,113.0,,0.9,C4,5.0,1.0,1,Z-PCK,-0.69546
42.2,96.0,4.8,-7.2,C2,3.0,1.0,0,Z-UWR,-1.88896
33.1,90.0,5.0,-5.2,,3.0,1.0,1,Z-ZMR,-1.23697
52.3,83.0,-0.9,-7.9,C2,2.0,1.0,0,Z-ROV,-0.38761
43.7,121.0,2.4,4.1,C2,3.0,0.0,0,Z-TQJ,0.76511
46.8,75.0,-2.7,-5.2,,4.0,1.0,0,Z-RWP,-0.8904
45.3,99.0,3.0,3.9,C3,4.0,0.0,0,Z-ZXJ,2.04441
49.0,67.0,5.9,5.2,C3,1.0,1.0,0,Z-GWB,-0.15063
58.7,110.0,-0.8,,C4,1.0,0.0,1,Z-KQM,-0.78968
51.4,85.0,1.4,-4.4,C2,4.0,1.0,1,Z-SSE,0.75199
48.9,99.0,6.6,4.5,C4,3.0,0.0,0,Z-KNG,1.2071
41.9,106.0,0.9,0.2,C1,5.0,0.0,1,Z-DZX,1.49175
36.8,80.0,5.8,12.8,C3,1.0,1.0,0,Z-SDW,0.86536
46.3,147.0,5.1,1.4,C2,5.0,0.0,0,Z-AGD,0.56833
49.7,121.0,1.0,2.4,C1,1.0,0.0,1,Z-CDI,-0.33177
64.3,118.0,-1.2,-3.2,C2,1.0,1.0,0,Z-IOJ,0.19546
51.2,100.0,2.5,-2.4,C1,5.0,0.0,1,Z-ZMZ,0.32295
58.0,124.0,4.2,5.8,C1,3.0,0.0,0,Z-EDK,-0.6856
46.2,113.0,5.1,10.9,C2,2.0,1.0,0,Z-XJN,0.45173
40.7,,4.1,3.1,C5,3.0,1.0,1,Z-SST,-1.81231
42.4,105.0,5.3,0.1,C4,2.0,0.0,0,Z-PKY,-0.66522
44.4,58.0,-2.2,-1.5,C5,5.0,0.0,1,Z-HVZ,-0.4457
67.2,144.0,1.7,1.0,C1,4.0,0.0,0,Z-EMA,0.06012
43.6,119.0,0.5,,C1,4.0,1.0,0,Z-AXU,0.45762
56.9,120.0,3.8,4.9,C1,2.0,0.0,0,Z-JZJ,0.38115
42.9,26.0,4.7,-1.5,C3,1.0,0.0,0,Z-UND,0.30301
57.6,65.0,1.7,5.2,C5,4.0,1.0,1,Z-YUF,-1.4374
53.2,121.0,2.1,3.5,C2,1.0,1.0,0,Z-YYB,2.17028
48.9,32.0,1.6,3.8,C2,1.0,1.0,0,Z-CEV,
49.8,116.0,3.5,3.4,C1,3.0,1.0,1,Z-SJM,1.22755
44.9,118.0,,5.5,C3,4.0,,0,,0.26381
53.7,137.0,-0.7,-0.4,C4,3.0,0.0,1,Z-YJD,0.15411
46.5,88.0,5.4,2.0,C3,3.0,1.0,0,,
40.3,96.0,8.4,6.3,C3,5.0,0.0,1,Z-UTK,-0.05716
39.9,89.0,,3.5,C2,2.0,0.0,1,Z-HDG,-1.59635
51.5,63.0,-2.3,-2.2,C2,1.0,1.0,0,Z-YXQ,-0.36315
62.8,142.0,5.6,3.6,C2,2.0,1.0,0,Z-BKL,2.18933
51.4,140.0,2.0,-1.2,C4,3.0,1.0,0,Z-RCM,0.67916
49.2,117.0,1.6,-0.9,C3,4.0,1.0,0,Z-NDN,-0.58344
52.4,91.0,4.4,2.3,C1,3.0,0.0,1,Z-UNJ,-0.40891
60.6,138.0,-0.7,-9.7,C2,3.0,0.0,0,Z-HGA,-0.48609
51.9,138.0,5.9,7.9,C1,3.0,0.0,0,,-0.18399
46.9,126.0,-0.7,-0.8,C1,3.0,0.0,1,Z-MFG,1.29691
59.0,143.0,0.8,-3.5,C1,2.0,1.0,0,Z-DAZ,0.49047
53.6,63.0,1.4,2.1,C4,1.0,0.0,1,Z-AHC,-0.54345
62.5,132.0,4.2,-0.1,C1,2.0,0.0,0,Z-ICU,-2.16916
51.6,120.0,-0.5,-4.2,C5,2.0,1.0,1,Z-HTZ,1.65544
40.4,112.0,-1.1,-1.0,C1,2.0,0.0,1,Z-QVD,1.11059
,96.0,2.2,6.4,C2,2.0,0.0,0,Z-XSP,-0.04447
63.4,165.0,2.3,1.6,C4,3.0,1.0,0,Z-IYM,0.36099
64.0,74.0,3.8,-1.6,C1,3.0,0.0,1,Z-TQQ,-0.40081
48.7,113.0,-2.6,-5.4,C4,2.0,1.0,1,Z-WOS,-0.67046
47.1,108.0,2.0,3.8,C3,2.0,0.0,0,Z-ISH,2.44235
61.9,144.0,5.3,4.8,C1,1.0,1.0,0,Z-BGZ,
41.3,127.0,-3.8,,C5,4.0,0.0,1,Z-VCV,-0.30026
43.0,,4.5,4.0,C1,3.0,0.0,1,Z-DZH,0.42037
55.3,150.0,-0.4,1.3,C1,4.0,0.0,1,Z-YIW,0.52798
47.0,117.0,4.5,10.9,C4,2.0,0.0,0,Z-ILV,0.04002
50.1,95.0,-0.2,-7.5,C1,1.0,1.0,0,Z-KDB,-0.24994
48.9,74.0,-0.1,,C3,4.0,0.0,0,Z-IDT,0.32161
52.9,,-1.6,1.0,C1,1.0,0.0,1,Z-ZNX,-1.09142
61.4,127.0,,14.8,C5,2.0,0.0,0,Z-VUC,-1.09683
50.9,111.0,0.3,-5.5,C2,3.0,0.0,0,Z-VGZ,0.59565
55.3,92.0,4.0,3.5,,4.0,0.0,1,Z-ASA,-0.76704
33.7,89.0,3.8,2.4,C5,,1.0,1,Z-GZU,0.70251
49.8,89.0,-3.5,-0.9,C3,4.0,1.0,1,Z-VRB,1.12884
43.4,122.0,0.3,0.7,C3,3.0,0.0,0,,1.4158
40.4,130.0,3.1,2.6,C2,4.0,0.0,0,Z-ZJC,1.16211
43.1,,5.8,6.8,C3,2.0,0.0,0,,
47.5,98.0,4.6,2.0,C1,3.0,0.0,1,Z-BHS,
57.5,139.0,6.5,1.9,C2,1.0,0.0,0,Z-IAH,-0.00989
39.5,90.0,-2.0,-1.5,C2,3.0,0.0,1,Z-YFB,1.05929
50.4,64.0,4.4,0.0,C2,,0.0,1,Z-SVZ,-0.28433
46.3,117.0,-1.6,-3.5,C1,4.0,1.0,1,,1.34942
47.5,80.0,-3.2,-10.5,C4,4.0,0.0,0,Z-JIF,0.16821
58.2,119.0,-3.2,-4.2,C1,3.0,0.0,1,Z-DIP,1.34086
54.5,81.0,-4.4,-9.4,C2,3.0,,0,Z-IQW,0.1341
60.9,140.0,1.3,-0.6,C3,4.0,0.0,0,Z-VSY,
48.9,87.0,5.6,-1.3,C1,4.0,0.0,1,Z-MDN,-1.05253
44.6,115.0,0.6,-1.2,C1,1.0,0.0,1,,-0.36998
48.4,92.0,-2.4,0.1,C1,3.0,0.0,1,,1.5808
52.1,91.0,4.9,0.2,C1,5.0,1.0,1,Z-JVW,1.53155
51.6,114.0,5.2,-1.0,C4,2.0,0.0,0,Z-JHN,-2.32514
41.5,57.0,-0.6,,C2,3.0,,0,Z-GAY,2.36529
50.9,150.0,-0.9,1.5,C2,2.0,,1,Z-MDC,1.73298
52.0,108.0,4.5,4.1,C1,4.0,0.0,1,Z-JQM,-0.70489
70.3,119.0,5.7,1.4,C2,4.0,0.0,0,Z-EMF,0.75259
65.2,115.0,4.3,-0.5,C1,5.0,0.0,0,Z-DBK,0.94404
43.3,89.0,1.7,-1.6,C1,4.0,0.0,1,Z-JHX,-2.49433
47.9,123.0,2.7,0.5,C2,3.0,0.0,1,Z-JHN,-0.15117
38.4,57.0,0.5,-8.5,C3,3.0,1.0,0,Z-IJA,
45.4,82.0,3.6,-2.6,C1,4.0,0.0,1,Z-OHV,-0.19223
52.7,103.0,0.9,4.4,C1,4.0,0.0,1,Z-MVQ,-1.37726
59.8,158.0,-2.3,-2.7,C3,1.0,0.0,0,Z-MOW,-0.12986
44.3,118.0,0.8,4.3,C1,2.0,0.0,1,Z-HZS,0.5502
44.9,,5.3,7.4,C1,4.0,0.0,0,Z-NBQ,0.41738
33.0,72.0,-1.7,,C5,1.0,1.0,1,Z-QGJ,-1.0887
48.9,137.0,7.1,3.4,,4.0,0.0,0,Z-XFF,2.31699
41.7,120.0,5.4,7.3,C3,5.0,0.0,0,Z-HOL,-1.06685
,112.0,6.6,7.4,C4,2.0,,0,Z-WYA,-0.62916
43.1,110.0,-2.2,0.7,C1,2.0,1.0,1,Z-OSK,0.52367
49.4,83.0,4.1,1.9,C2,5.0,1.0,1,Z-CAV,-0.51354
36.1,126.0,0.4,-0.7,C2,3.0,1.0,1,Z-BLK,-0.5733
38.4,74.0,-1.7,-4.2,C1,4.0,1.0,0,Z-TIU,-0.53503
67.2,144.0,-1.0,-2.7,C1,,1.0,0,Z-WHB,-0.12633
39.9,101.0,6.1,0.8,C5,2.0,1.0,1,Z-UMI,
41.4,49.0,0.8,-1.2,C1,1.0,,0,Z-BOL,-0.29759
64.9,124.0,0.1,-2.2,C4,3.0,0.0,0,Z-XCH,-0.55394
73.4,145.0,4.9,0.7,C2,5.0,1.0,0,,-1.15889
40.8,82.0,2.2,3.7,C3,3.0,0.0,0,Z-KHW,0.20718
47.2,94.0,0.7,-7.0,C2,1.0,1.0,0,,0.57886
52.9,,4.6,3.9,C2,1.0,1.0,0,Z-YQJ,-0.84825
64.0,101.0,-1.6,-6.9,C2,4.0,0.0,1,Z-UCP,
42.3,53.0,,-3.9,C2,1.0,0.0,0,,0.36837
,81.0,5.0,-0.5,C4,2.0,1.0,1,Z-FJL,-0.60207
56.4,131.0,2.3,2.4,C4,4.0,0.0,0,Z-MOQ,-0.8216
53.6,129.0,-0.1,-11.3,C1,2.0,0.0,1,Z-CRD,0.70895
,112.0,-0.9,,C1,3.0,0.0,1,Z-NYZ,1.26937
49.1,123.0,5.3,3.2,C4,2.0,1.0,0,Z-USM,-0.35431
39.2,89.0,-4.0,-9.2,C1,2.0,0.0,0,Z-KCQ,-2.03331
48.3,83.0,2.7,1.5,C4,2.0,0.0,1,Z-CJR,0.43055
48.0,71.0,,-3.7,C1,3.0,1.0,0,Z-RRB,-1.55718
52.0,69.0,-0.6,-2.3,C1,2.0,0.0,0,Z-ABI,1.84969
45.7,87.0,3.8,-3.6,C1,5.0,1.0,1,Z-NAF,0.26463
53.9,128.0,5.0,11.4,C1,2.0,,0,Z-UMS,0.63046
58.3,120.0,3.8,,C3,4.0,1.0,0,Z-WKI,0.2696
51.4,103.0,-3.0,-3.1,C2,2.0,1.0,1,Z-EJP,0.99027
53.0,77.0,-3.0,-8.3,C5,2.0,1.0,1,Z-MSZ,0.6981
50.6,171.0,0.6,-2.2,C2,3.0,0.0,1,Z-LXF,0.42422
50.2,78.0,2.8,,C3,4.0,0.0,0,Z-BYF,0.21478
44.4,94.0,6.3,5.0,C3,,0.0,0,Z-VQZ,-1.54227
52.7,132.0,6.4,5.7,C1,2.0,0.0,0,Z-EMH,0.6527
49.4,100.0,6.6,5.1,C4,4.0,0.0,1,Z-CKJ,-0.29334
66.9,107.0,1.4,1.0,C2,2.0,0.0,0,Z-KQB,0.24896
62.8,143.0,1.3,-1.2,C2,5.0,0.0,0,Z-PBS,0.93862
53.2,69.0,3.0,2.5,C2,1.0,0.0,1,Z-MMH,-0.85235
44.1,137.0,2.8,-1.8,C2,4.0,1.0,1,Z-HXD,-0.79568
41.3,93.0,4.4,-2.3,C1,3.0,0.0,0,Z-VDW,0.80294
59.7,110.0,-1.2,5.2,C1,2.0,1.0,0,Z-PAZ,-0.73305
52.3,66.0,-2.7,-2.2,C5,1.0,0.0,1,Z-PCH,-0.50555
54.0,76.0,3.7,9.3,C4,5.0,0.0,1,Z-BFA,-0.45948
,75.0,-1.1,-3.7,C4,2.0,0.0,0,Z-EOT,0.60384
,164.0,-1.6,7.2,C3,2.0,0.0,0,Z-QRZ,-0.31163
53.8,113.0,3.5,1.8,C3,2.0,0.0,0,Z-HWZ,
41.3,95.0,5.4,8.0,C4,2.0,0.0,1,Z-LTH,1.33251
46.4,104.0,4.9,2.8,C2,3.0,0.0,0,Z-NGD,0.52988
52.3,168.0,4.6,3.1,C4,3.0,1.0,0,Z-VGH,0.47448
50.6,89.0,4.9,2.2,,5.0,0.0,1,Z-UTG,-0.07183
47.8,139.0,-4.1,-7.3,C2,2.0,0.0,1,Z-MGJ,-0.41938
49.3,88.0,2.1,4.4,C2,4.0,1.0,1,Z-SQJ,-1.51162
48.1,78.0,3.2,1.2,C1,5.0,0.0,1,Z-LNJ,-0.2309
51.4,100.0,,0.6,C1,1.0,1.0,1,Z-QIA,1.07195
61.9,118.0,4.7,6.4,C5,4.0,0.0,0,Z-OVQ,1.83009
29.6,81.0,3.8,7.7,C2,2.0,1.0,1,Z-GRA,-0.59086
,35.0,-6.5,-5.5,C1,3.0,0.0,0,Z-BDP,-0.00216
51.6,107.0,4.9,-3.7,C5,1.0,1.0,1,,0.48564
52.5,88.0,5.9,2.2,C5,2.0,0.0,1,Z-VWP,0.28366
47.2,76.0,-0.9,-2.5,C3,1.0,1.0,0,Z-GGZ,-0.42137
36.1,42.0,4.4,2.3,C1,2.0,0.0,1,Z-RGA,-2.38636
52.8,95.0,,7.8,C1,1.0,0.0,0,Z-BJL,-0.48569
64.0,110.0,1.4,4.4,C4,5.0,0.0,0,Z-JLV,
37.9,68.0,3.0,0.4,C1,5.0,0.0,1,Z-TQX,-0.35554
57.1,68.0,3.0,11.3,C1,4.0,0.0,1,Z-TTI,-0.19223
47.5,,2.0,,C1,2.0,1.0,0,Z-QAF,-0.73752
49.7,78.0,5.3,1.9,C3,5.0,1.0,1,Z-IKD,0.19267
41.7,42.0,7.2,0.0,C2,5.0,0.0,1,Z-ZBK,-0.69688
47.5,81.0,,-6.4,C4,4.0,1.0,0,Z-JZR,-1.44718
60.6,97.0,0.5,,C4,4.0,1.0,1,Z-TYR,0.33268
54.8,109.0,1.9,4.3,C5,2.0,1.0,1,Z-NWI,-0.11184
,109.0,,5.3,C1,5.0,1.0,0,Z-GNH,0.36969
59.6,77.0,1.1,-4.4,C2,3.0,,1,Z-WJF,0.96855
53.7,82.0,,,C3,3.0,1.0,1,Z-AXR,-1.54352
64.1,77.0,3.6,4.9,C5,2.0,0.0,1,,-0.28697
53.7,,2.1,-8.4,C1,1.0,1.0,0,Z-LZP,-1.30037
56.8,328.0,1.1,6.8,C1,5.0,,0,Z-RJD,0.17268
47.8,135.0,2.8,,C3,3.0,0.0,0,Z-IEZ,-1.37684
50.7,85.0,5.7,6.8,C3,4.0,,0,Z-QJR,-2.68411
44.6,,0.1,3.5,C1,1.0,0.0,0,Z-NJV,1.2419
58.1,125.0,6.4,-4.7,C2,3.0,0.0,0,Z-ICB,-1.13509
40.7,62.0,-0.3,-2.8,C2,2.0,0.0,0,Z-JZI,-0.59828
56.4,94.0,1.2,4.8,C2,4.0,1.0,1,Z-XSW,0.33577
48.6,93.0,3.5,1.4,C1,3.0,1.0,1,Z-BAP,0.8476
59.5,119.0,-1.5,0.2,C3,2.0,0.0,0,Z-WTP,0.10102
56.2,299.0,-3.1,1.8,C1,1.0,0.0,1,Z-BZM,-0.42996
64.7,125.0,6.3,6.9,C1,2.0,1.0,0,Z-PKB,1.88275
56.0,101.0,4.1,0.9,C2,2.0,0.0,0,Z-JZN,-0.34176
37.6,116.0,1.4,2.1,C1,4.0,1.0,1,Z-JJR,-0.92585
49.6,96.0,,-4.9,C3,4.0,1.0,0,,0.1991
40.8,80.0,4.4,4.3,C2,2.0,0.0,1,Z-ZER,-0.67763
46.0,88.0,-3.1,-1.2,C2,3.0,0.0,0,Z-EKL,0.26841
62.3,118.0,4.7,3.2,C1,5.0,1.0,0,Z-WUA,-0.95766
55.3,72.0,-3.3,0.4,C1,,,1,Z-ERA,0.37832
44.6,64.0,-0.9,-1.2,C3,3.0,0.0,0,Z-NZY,-1.68377
42.0,153.0,4.9,3.3,C1,,0.0,1,Z-GAD,
50.4,56.0,1.4,7.4,C1,3.0,1.0,1,Z-WKI,0.64425
40.4,91.0,3.4,-2.7,C3,2.0,1.0,0,Z-TJG,0.14865
44.8,101.0,2.9,6.8,,2.0,0.0,0,Z-YAK,-0.07372
52.7,132.0,6.3,9.5,C2,2.0,1.0,0,Z-TAY,2.21504
59.4,126.0,-1.1,1.0,,3.0,1.0,0,Z-PIR,0.01503
55.0,160.0,1.1,-2.3,C1,2.0,1.0,0,Z-MLY,-0.80664
,283.0,1.7,1.3,C4,4.0,0.0,1,Z-CLY,0.00454
52.6,141.0,3.6,-1.9,C3,3.0,0.0,0,Z-BRR,1.29785
50.7,129.0,5.7,1.0,,1.0,1.0,0,Z-WJW,-0.51099
53.5,148.0,-1.2,-2.1,C1,3.0,0.0,1,Z-YAX,-1.72078
,123.0,-4.6,-9.4,C2,1.0,1.0,1,,-0.35437
33.6,83.0,0.3,-2.4,C3,1.0,1.0,0,Z-WXU,-1.28836
45.4,82.0,4.5,-2.4,C2,1.0,0.0,0,Z-OAY,-0.31516
54.9,113.0,0.1,1.2,C1,4.0,0.0,1,Z-HCQ,-1.63829
37.5,,3.5,8.4,C5,3.0,0.0,1,Z-BGF,1.45491
62.0,64.0,-2.0,5.9,C4,1.0,1.0,1,Z-AGG,-0.10468
53.1,102.0,-1.5,,C3,3.0,0.0,0,Z-DHM,0.57912
56.9,136.0,,1.6,C4,2.0,1.0,0,Z-MKE,-0.02984
45.6,56.0,4.1,1.7,C1,4.0,1.0,1,Z-FJH,0.73902
56.7,85.0,3.9,5.3,C1,5.0,0.0,1,Z-ECA,-0.32863
58.7,146.0,0.1,-1.9,C1,2.0,0.0,0,Z-IFH,-0.49039
52.0,140.0,6.9,9.0,C1,2.0,1.0,0,Z-JTY,-0.97373
52.0,87.0,1.0,2.0,C1,4.0,1.0,1,Z-PWO,-0.66645
52.3,109.0,4.9,-4.3,C4,3.0,1.0,0,Z-KRI,0.78312
43.2,87.0,4.1,2.7,C4,4.0,1.0,0,Z-XZX,0.93579
49.0,130.0,4.3,-2.6,C2,3.0,0.0,0,Z-IPZ,-0.59322
48.9,84.0,3.2,-0.7,C3,2.0,0.0,0,Z-HLU,-1.61482
53.2,95.0,,-3.1,C1,4.0,0.0,1,Z-XLA,0.82816
58.2,150.0,-3.9,-1.4,C1,2.0,1.0,1,Z-ETA,-0.95979
41.7,59.0,-2.3,-3.3,,1.0,1.0,0,Z-KPN,-0.77951
49.2,85.0,0.3,-2.8,C3,5.0,0.0,0,,-0.33737
62.0,124.0,4.6,11.8,C3,3.0,0.0,0,Z-CJY,0.90572
44.2,131.0,2.4,-2.9,C3,2.0,1.0,0,,0.30623
43.6,57.0,,2.9,C5,,0.0,1,Z-ORB,-0.33432
51.8,84.0,4.0,5.2,C1,1.0,0.0,1,Z-SPS,-1.54214
56.9,128.0,3.9,3.0,C1,3.0,1.0,0,Z-XXZ,-0.02705
50.3,121.0,-3.1,-7.6,C1,5.0,0.0,1,,1.09542
60.8,124.0,,-7.0,C5,4.0,0.0,1,Z-GUT,0.10994
,109.0,-0.1,1.4,C2,4.0,1.0,1,Z-MJI,0.64156
56.9,115.0,4.4,7.1,C2,,0.0,0,Z-NJH,0.05228
54.6,67.0,2.8,1.1,C5,1.0,0.0,1,Z-GMC,-0.26696
68.8,135.0,6.0,-1.5,C2,3.0,1.0,0,Z-JXZ,0.13277
48.5,138.0,-0.3,-1.3,C1,1.0,,1,Z-SAL,-0.02129
34.1,38.0,0.7,,C1,1.0,1.0,0,Z-RIU,2.38619
63.0,101.0,4.0,-1.9,C2,2.0,1.0,0,Z-MTD,0.20468
46.5,84.0,-1.4,-3.7,C3,5.0,0.0,0,Z-IRH,-0.07807
51.0,93.0,4.1,2.7,,2.0,1.0,1,Z-NEC,0.00306
60.6,168.0,2.1,,C1,3.0,1.0,0,Z-GTX,0.24797
37.3,54.0,3.0,-0.8,C3,5.0,0.0,0,Z-IAQ,0.27574
40.1,53.0,5.6,,C1,4.0,1.0,1,Z-YKG,0.83859
37.3,100.0,6.4,10.4,C4,1.0,0.0,1,Z-MPE,0.8104
43.8,72.0,3.4,-4.5,C1,3.0,1.0,0,Z-VWW,0.2616
53.7,128.0,-3.5,,,4.0,0.0,1,Z-RWE,-1.9829
54.4,,-1.2,-2.5,C2,3.0,0.0,1,Z-SZV,0.82372
52.4,116.0,4.5,7.0,C4,2.0,1.0,0,Z-DDW,0.28214
38.9,39.0,4.5,4.3,C1,3.0,0.0,1,Z-RDR,1.42618
31.7,82.0,0.6,3.9,C1,3.0,0.0,1,Z-UAT,-2.35197
50.6,107.0,4.7,-4.3,C1,3.0,0.0,1,Z-YBN,0.78916
46.4,87.0,-1.0,-0.5,C5,1.0,0.0,1,Z-PIG,-2.26502
-79.3,73.0,3.4,-10.2,,5.0,0.0,0,Z-BHI,0.05344
55.8,116.0,3.3,7.4,C5,5.0,0.0,1,Z-YPD,-0.32558
51.3,122.0,4.1,7.5,C1,2.0,1.0,0,Z-LAE,0.87319
56.2,96.0,0.2,-2.4,C2,2.0,0.0,1,Z-YOG,-2.06714
52.0,90.0,-1.3,-12.1,C2,2.0,1.0,0,Z-QZL,0.73702
54.4,129.0,2.1,,C1,3.0,0.0,1,Z-JVZ,-1.65853
44.5,336.0,,7.5,C2,2.0,0.0,0,Z-DGD,-0.4826
48.7,123.0,5.1,5.0,C2,3.0,0.0,0,Z-BRZ,-0.66554
51.7,109.0,-1.2,5.6,C1,5.0,0.0,1,Z-ZEN,0.5374
56.7,105.0,4.4,1.4,C2,2.0,0.0,1,Z-OUV,-0.46678
47.0,94.0,5.0,11.8,C3,2.0,1.0,0,Z-RPP,0.08816
54.3,72.0,6.4,-4.1,C2,1.0,0.0,1,Z-IIS,-0.74902
48.0,93.0,3.0,-1.7,C2,2.0,,0,Z-TYT,-0.51652
49.2,129.0,2.8,-4.2,C4,5.0,1.0,1,Z-GJR,-0.82439
56.8,113.0,4.3,5.7,,,0.0,0,Z-ZWJ,
34.2,57.0,,-0.1,C3,3.0,0.0,0,Z-DTX,-0.67908
39.8,64.0,2.8,,C1,2.0,0.0,1,Z-PWL,
38.3,80.0,5.3,6.4,C3,,1.0,1,Z-CCK,0.63772
31.5,36.0,-0.5,-0.8,C1,,0.0,0,Z-XFT,0.3865
44.7,67.0,1.3,-0.5,C1,4.0,0.0,1,Z-SUJ,1.5577
56.2,152.0,5.0,-1.3,C2,4.0,0.0,0,Z-JGJ,-0.10206
47.9,69.0,-0.3,1.1,C4,1.0,1.0,0,Z-OSZ,0.75438
51.7,81.0,0.0,,C1,3.0,0.0,1,Z-XCC,-0.64519
58.9,123.0,3.5,5.1,C2,3.0,0.0,0,Z-GPG,0.96656
,106.0,-1.1,4.2,C1,1.0,0.0,0,Z-NSX,1.45656
49.6,,3.9,1.0,C1,2.0,1.0,1,Z-FGD,1.42788
61.0,142.0,1.1,5.4,C2,2.0,0.0,0,Z-UJE,-1.78247
50.9,60.0,-2.4,-2.5,C1,4.0,0.0,1,Z-MQB,-1.20478
43.5,109.0,-0.0,1.3,C4,3.0,1.0,0,Z-HRB,-1.99811
45.4,77.0,6.0,-1.5,C1,4.0,0.0,1,Z-QNP,1.02578
38.3,73.0,2.7,-1.7,C2,5.0,0.0,0,Z-MAG,1.21439
43.1,140.0,-3.0,-6.7,C1,3.0,0.0,1,,-0.38792
47.3,58.0,-1.2,3.5,C1,3.0,0.0,1,Z-OTW,-0.90298
56.6,127.0,-0.2,-2.9,C2,5.0,0.0,1,Z-PHK,-0.65588
63.9,154.0,3.8,4.9,C1,2.0,1.0,0,Z-NDT,-0.94863
39.1,63.0,4.2,2.2,C1,1.0,0.0,1,Z-SOW,-0.63484
53.3,88.0,4.7,1.4,C1,3.0,0.0,1,Z-YZC,-0.81893
41.8,76.0,-2.1,-9.3,C1,3.0,,0,Z-AXT,0.71524
54.0,279.0,5.1,-4.8,C3,5.0,0.0,0,Z-LGQ,2.01352
49.1,100.0,-1.1,-3.6,C4,3.0,0.0,0,Z-ZGE,-0.16231
35.5,100.0,-0.8,-3.0,C1,3.0,1.0,0,Z-WMW,0.79567
57.6,103.0,-2.1,-6.7,C1,3.0,1.0,1,Z-YOH,1.53208
45.3,117.0,2.8,1.9,C1,3.0,1.0,1,Z-CVY,1.40645
45.9,,-3.2,4.4,C3,5.0,0.0,0,Z-IDN,-0.22037
,98.0,5.3,9.8,C1,3.0,0.0,1,Z-FQO,0.51301
44.9,106.0,-0.4,-1.6,C1,,0.0,1,Z-HBO,1.32494
53.6,90.0,5.2,3.4,C2,2.0,0.0,1,Z-ECW,1.12616
48.6,27.0,4.4,5.2,C3,5.0,1.0,1,Z-ZBD,1.4037
52.8,121.0,4.9,4.0,C2,5.0,0.0,0,Z-EYJ,-0.65965
53.1,127.0,-2.0,-0.4,C3,5.0,0.0,0,Z-NZW,
60.7,125.0,2.8,2.2,C1,5.0,0.0,0,Z-PTA,0.88578
47.4,120.0,2.8,1.5,C1,4.0,0.0,1,Z-QLI,-0.19138
38.3,66.0,3.9,-0.7,C3,4.0,0.0,0,Z-CTE,2.05889
,,-0.7,-0.5,C3,1.0,0.0,0,Z-FPD,2.50262
47.5,136.0,4.9,-6.7,C1,2.0,0.0,1,Z-RNG,-0.84059
59.1,133.0,3.4,2.7,C1,4.0,0.0,0,Z-MHA,-0.6136
53.2,142.0,4.0,-6.7,C1,2.0,0.0,1,Z-WEB,-0.0753
49.1,135.0,4.6,3.7,C4,3.0,0.0,0,Z-DAB,0.32631
53.0,72.0,4.3,-1.8,,3.0,0.0,1,Z-XRZ,1.1319
65.8,146.0,4.8,8.2,C4,3.0,0.0,0,Z-JXB,1.88258
66.8,111.0,4.5,2.9,C4,2.0,0.0,0,Z-BIZ,-0.74033
50.7,71.0,-3.2,-4.2,C2,5.0,1.0,1,Z-OBO,-0.07703
51.4,95.0,,1.5,,2.0,0.0,0,Z-GVX,0.82133
58.8,162.0,3.9,-1.7,C1,4.0,1.0,0,Z-AFR,-0.54843
43.4,74.0,5.2,7.9,C1,,0.0,1,Z-LIN,0.53841
52.8,57.0,-0.3,1.2,C2,4.0,1.0,1,Z-EMG,-1.39756
50.0,61.0,-5.0,-8.2,C3,4.0,1.0,0,Z-ARL,0.35964
52.7,,4.3,-2.1,C5,5.0,0.0,1,Z-IQF,-0.12062
43.5,69.0,,-4.9,C2,1.0,0.0,0,Z-ROI,0.45125
37.4,24.0,1.6,-0.6,C1,,1.0,0,Z-EKT,-1.09324
33.6,35.0,5.9,-1.1,C1,2.0,1.0,0,Z-LDO,-0.79306
41.2,90.0,2.7,-1.2,C2,2.0,1.0,0,Z-QZN,-0.559
46.5,295.0,4.4,-0.3,C3,2.0,1.0,0,Z-LRD,-1.38866
47.8,84.0,6.1,2.9,C2,4.0,0.0,1,Z-GDG,-1.9153
65.7,144.0,1.0,-1.6,C4,5.0,1.0,0,Z-EZU,-1.15365
59.0,140.0,1.1,1.4,C1,4.0,1.0,0,,0.53626
42.5,66.0,2.5,0.7,C2,2.0,1.0,0,Z-BBI,-0.24672
52.9,102.0,-0.2,-0.0,C1,2.0,0.0,1,,0.22799
46.9,79.0,3.3,,,2.0,1.0,0,,-0.08928
47.9,111.0,1.6,-1.0,C3,1.0,0.0,0,Z-RKK,1.7188
51.6,86.0,3.9,4.7,,4.0,1.0,1,,-0.46674
55.1,76.0,1.0,-12.4,C2,1.0,1.0,0,Z-DIQ,-0.14902
47.4,97.0,2.9,-0.6,C1,3.0,0.0,0,Z-JVH,0.81392
58.7,145.0,8.0,2.9,C5,3.0,0.0,0,Z-DEK,0.08568
41.0,99.0,-3.1,-3.8,C3,1.0,0.0,0,Z-WIV,0.26046
50.2,128.0,0.1,-4.2,C4,2.0,,0,Z-EOC,0.50131
71.0,160.0,-1.2,-0.4,C1,1.0,0.0,0,Z-DVU,-0.97729
51.9,105.0,3.1,4.2,C1,3.0,0.0,1,Z-IGT,-1.20592
61.6,104.0,-1.5,-8.8,C2,4.0,0.0,1,Z-KTR,-0.65041
50.9,78.0,3.1,2.1,,5.0,0.0,1,Z-JBA,0.90751
54.8,65.0,4.8,,,2.0,0.0,1,Z-BEO,2.53576
49.7,132.0,-0.0,0.4,C1,2.0,1.0,1,Z-IXA,-1.08732
48.8,89.0,8.0,3.4,C2,3.0,,1,Z-UTZ,0.36051
43.9,44.0,0.4,-4.6,C2,4.0,1.0,0,Z-NCY,-2.10705
53.6,139.0,-1.7,-10.3,C1,3.0,0.0,1,Z-WLR,-0.16834
43.3,91.0,-0.7,-2.6,C3,5.0,0.0,0,Z-RAB,
55.5,,-1.3,-7.6,C3,1.0,0.0,0,Z-HFI,0.09018
,108.0,3.3,-5.0,C1,4.0,1.0,1,,-1.30276
53.1,,3.3,2.1,C5,4.0,0.0,1,Z-VGF,-0.39246
47.9,318.0,6.7,8.4,C5,2.0,0.0,1,Z-TCH,1.60943
,121.0,3.6,3.2,C2,2.0,1.0,0,Z-YIL,
47.7,89.0,1.4,-6.4,,2.0,0.0,0,Z-VYK,-0.68297
57.6,148.0,2.8,0.2,C2,2.0,1.0,0,,0.16742
35.5,101.0,5.7,6.2,C1,2.0,0.0,1,Z-MRY,-0.82345
47.5,,-3.7,-5.5,C1,4.0,0.0,1,Z-ZDE,-0.46265
34.2,44.0,4.2,3.4,C1,1.0,0.0,1,,-0.31706
38.2,47.0,6.0,1.8,C1,4.0,0.0,1,Z-IQW,-0.07235
61.1,151.0,2.7,-0.9,C5,3.0,1.0,0,Z-IHH,-0.37085
,53.0,-2.8,-6.9,C5,2.0,0.0,1,Z-SVT,0.53304
44.4,88.0,1.7,2.4,C2,4.0,,1,Z-QSC,-1.42558
38.1,84.0,1.3,2.4,C2,2.0,0.0,0,Z-NNE,-1.17109
26.4,47.0,3.8,-0.6,C5,1.0,1.0,0,Z-DXF,0.89127
45.8,92.0,-1.3,0.4,C3,3.0,0.0,0,Z-JXA,-0.47596
69.5,306.0,5.5,-2.8,C1,2.0,,0,Z-KCP,-0.18711
53.6,90.0,5.4,2.4,C5,2.0,,1,Z-PSB,-0.51426
45.7,117.0,-2.1,-9.2,C2,3.0,1.0,1,Z-WWG,-0.51887
53.9,122.0,3.7,-3.1,C1,3.0,1.0,1,Z-ANN,-1.15351
37.7,74.0,6.6,-1.6,C1,4.0,1.0,1,Z-ZKZ,0.05435
47.8,74.0,5.2,0.2,C3,3.0,1.0,0,Z-NZG,-0.07611
51.0,99.0,-0.3,0.8,C1,3.0,1.0,1,Z-OAX,-0.95976
49.5,156.0,3.5,1.1,C4,3.0,0.0,0,Z-MOS,0.02126
56.5,91.0,0.1,-4.0,C3,5.0,1.0,1,Z-LII,1.0535
52.9,146.0,0.3,-2.1,C1,1.0,0.0,1,Z-QDO,
55.5,62.0,1.3,-9.2,C1,4.0,1.0,0,Z-KSX,0.92474
44.6,68.0,-1.5,-0.5,C2,1.0,0.0,0,Z-TFJ,-0.63846
57.3,98.0,4.9,-6.9,C1,2.0,1.0,1,Z-CPH,-0.42781
,148.0,,-5.6,C2,4.0,0.0,1,Z-WVO,0.24443
42.4,89.0,6.1,3.4,,2.0,0.0,1,Z-IOA,0.75748
43.1,124.0,3.6,3.4,C3,1.0,1.0,0,Z-UWS,0.13235
60.9,109.0,5.1,3.9,C2,3.0,0.0,0,Z-NAF,0.52596
48.6,96.0,-4.6,-5.9,,3.0,0.0,0,Z-WKS,-1.34974
,110.0,4.4,8.4,C5,5.0,0.0,0,,-1.31344
46.6,,5.4,11.6,C4,5.0,1.0,0,Z-JJD,-1.07788
61.8,90.0,,1.3,C1,2.0,0.0,1,Z-FSQ,-0.39276
51.2,88.0,5.8,3.1,C1,,1.0,1,Z-CFG,-1.04681
52.2,78.0,2.2,-0.4,C3,3.0,1.0,1,Z-BOW,-1.14061
62.7,137.0,5.3,0.4,C1,3.0,1.0,0,Z-QWF,0.69366
47.3,65.0,7.1,,C2,1.0,,1,Z-NGU,
42.6,137.0,1.2,4.8,C4,4.0,0.0,0,,-1.35444
46.6,97.0,-3.2,,C5,3.0,0.0,0,Z-IQY,1.22092
53.8,118.0,-0.6,-2.9,C1,,0.0,1,Z-YYY,1.21477
37.6,92.0,3.9,8.1,C4,4.0,1.0,1,Z-SRV,1.13426
55.3,108.0,1.6,,C2,3.0,1.0,1,Z-MLM,-2.34416
,96.0,-0.7,-0.4,C3,5.0,1.0,0,Z-NUL,-1.30104
59.3,118.0,2.5,-6.2,C1,2.0,1.0,1,Z-GXB,-1.16054
31.0,82.0,-2.1,-0.5,C1,,1.0,1,Z-DDR,0.12921
43.9,68.0,2.4,4.8,C3,1.0,0.0,0,,0.51975
36.7,51.0,0.0,-0.7,C2,2.0,0.0,0,Z-IPG,0.46556
,111.0,-2.3,-6.4,C4,5.0,0.0,0,Z-VBH,-0.69998
52.1,104.0,2.8,2.7,C1,,0.0,1,Z-HXK,1.0394
48.7,44.0,-4.0,,C1,5.0,0.0,0,Z-VOL,2.05179
-31.2,84.0,3.4,-3.6,C1,1.0,0.0,0,Z-ZPL,0.08091
48.9,,-0.7,1.2,C3,4.0,0.0,0,Z-DIZ,1.09474
-27.5,99.0,-2.2,1.1,C3,3.0,0.0,0,Z-KZL,0.09109
42.1,72.0,5.5,0.1,C2,1.0,0.0,0,Z-UMZ,-2.60423
55.8,70.0,0.3,-6.3,C1,4.0,0.0,1,Z-HBR,-0.66773
55.5,94.0,-0.9,-6.2,C1,,,0,Z-CBO,-0.38809
53.2,74.0,4.4,3.1,C1,5.0,0.0,1,Z-JEV,0.53987
54.6,119.0,,-2.0,C1,5.0,1.0,1,,0.81265
52.5,106.0,6.4,9.5,C5,4.0,0.0,1,Z-BVS,-0.61459
,118.0,0.3,-3.3,C1,5.0,0.0,0,Z-NMA,-1.05835
49.5,79.0,,,C1,3.0,0.0,1,Z-WJO,-0.93837
47.7,137.0,-3.0,-7.4,C3,5.0,,0,Z-QNP,-0.18341
44.1,71.0,7.1,7.1,C5,4.0,1.0,1,Z-XAQ,-0.34016
41.9,68.0,3.0,3.8,C3,4.0,0.0,0,Z-DSQ,0.0574
40.2,77.0,3.4,-5.8,C1,5.0,0.0,0,Z-RYE,0.97389
43.0,86.0,4.9,-0.2,C2,3.0,0.0,1,Z-UTV,-1.15139
49.6,112.0,-1.2,-3.4,C1,3.0,0.0,1,Z-DOX,1.87592
52.8,130.0,3.3,,C1,5.0,1.0,1,Z-UJL,-0.40503
50.6,124.0,-2.4,-0.1,C3,,0.0,1,Z-XFY,1.25563
44.0,156.0,-3.9,-7.6,C4,1.0,0.0,1,Z-VLK,0.00918
57.4,67.0,2.6,3.7,C1,2.0,0.0,1,Z-YYB,0.56628
,,6.5,6.1,C3,3.0,1.0,0,,-0.74113
48.9,84.0,-0.4,-2.4,C3,1.0,0.0,0,Z-DCC,0.8633
44.9,146.0,-0.0,1.6,C2,3.0,0.0,1,Z-GED,-0.07208
54.5,113.0,6.6,-2.3,C1,2.0,0.0,1,Z-VWN,-1.4506
51.7,48.0,-2.1,-3.7,C5,2.0,0.0,1,Z-OKY,-0.32504
38.6,93.0,4.0,-1.4,C1,5.0,0.0,1,Z-ZYP,-0.9119
49.6,107.0,5.4,2.7,C1,2.0,1.0,1,Z-SPS,0.59894
52.3,124.0,4.4,0.3,C1,5.0,1.0,1,Z-APD,-0.59426
43.0,69.0,1.4,-0.1,C3,3.0,0.0,0,Z-TZW,0.80802
51.7,112.0,-0.3,,C4,5.0,0.0,1,Z-BXW,0.7105
38.5,73.0,5.6,3.9,C1,4.0,0.0,1,Z-LTW,0.56599
,100.0,1.9,0.8,C1,3.0,0.0,1,Z-SAG,-0.58046
60.1,126.0,3.0,3.4,,,1.0,0,Z-PVK,1.10146
48.1,101.0,-1.0,-7.9,C3,5.0,0.0,0,Z-JZE,-0.12592
53.1,134.0,4.3,4.3,C5,4.0,0.0,1,Z-QVY,-0.1958
30.9,69.0,0.6,-7.5,C3,1.0,0.0,0,Z-SIF,1.03238
40.9,101.0,-1.0,-14.4,C3,5.0,0.0,0,Z-PYS,-0.48096
47.8,64.0,2.8,9.2,C2,3.0,0.0,1,Z-IVX,1.20373
41.6,124.0,6.5,0.1,C1,1.0,1.0,1,Z-SXQ,0.81715
55.9,89.0,1.5,-2.2,C2,2.0,1.0,1,Z-THI,0.62155
-13.2,152.0,-3.5,-12.6,C2,5.0,0.0,0,Z-IED,-0.10126
40.7,92.0,4.7,0.6,C2,3.0,0.0,1,Z-UEF,-0.58323
43.5,93.0,-4.3,-4.5,C2,4.0,1.0,1,Z-GIM,0.41873
52.0,124.0,-2.7,-2.9,C1,3.0,0.0,1,Z-ZQI,-1.16935
63.1,64.0,,-6.7,C3,1.0,0.0,0,Z-HGO,0.27432
40.4,,0.1,-3.4,C2,2.0,1.0,0,Z-PGZ,-0.92731
52.2,124.0,5.6,4.9,C4,5.0,1.0,0,Z-UUD,1.16414
64.7,177.0,5.0,3.8,C1,2.0,0.0,0,Z-DRN,0.09394
36.9,77.0,3.6,,C2,5.0,1.0,1,Z-ZMI,1.00873
39.9,17.0,5.0,6.0,C2,2.0,1.0,0,Z-JZA,-1.02802
46.8,86.0,-0.1,-2.2,C1,5.0,0.0,1,Z-IYM,-0.02223
125.3,92.0,3.5,7.4,C2,1.0,1.0,0,Z-PWZ,-0.66182
56.7,141.0,0.7,-2.3,C2,3.0,0.0,0,Z-ROF,-0.19355
52.1,105.0,-3.0,-1.3,C3,1.0,0.0,0,Z-XBD,-1.18148
36.0,,5.0,5.9,C1,2.0,1.0,1,Z-PAG,0.92625
54.3,133.0,1.7,-7.1,C4,5.0,0.0,1,Z-LRZ,
45.5,108.0,,,C1,2.0,0.0,1,Z-WGK,0.44315
60.4,99.0,-2.2,-6.2,C2,5.0,1.0,1,Z-BMW,0.53293
45.1,111.0,4.1,-2.3,C3,3.0,0.0,0,Z-AKD,1.36742
45.1,77.0,-1.3,-4.5,C1,4.0,0.0,1,Z-LEW,0.60513
54.5,100.0,4.0,2.6,C1,,1.0,1,Z-QDI,-1.68399
56.3,96.0,6.9,-2.2,C1,5.0,0.0,1,Z-RZQ,-0.80086
53.7,98.0,4.9,2.8,C2,4.0,0.0,1,Z-WOK,-1.24446
36.7,102.0,-0.6,-3.0,C1,5.0,,1,Z-GYF,-1.29526
54.5,60.0,3.0,5.4,C5,1.0,1.0,1,Z-ZBG,-1.07479
41.9,116.0,0.6,-3.8,C1,2.0,,1,Z-NLX,0.70577
52.0,108.0,2.7,5.8,C4,,0.0,1,Z-KGF,0.64718
,71.0,2.0,1.8,,4.0,1.0,1,Z-RGI,0.28856
53.7,107.0,1.6,-0.4,C1,2.0,0.0,1,Z-MAK,-1.10544
43.7,65.0,4.9,8.1,C3,3.0,0.0,0,Z-XBH,-0.54179
39.9,39.0,3.0,9.2,C5,3.0,1.0,1,Z-VDR,0.59752
55.9,86.0,-3.0,-5.1,C1,3.0,1.0,1,Z-ZXI,0.25885
52.1,53.0,-4.2,-8.4,C2,3.0,,0,Z-YSB,-1.16657
45.2,56.0,7.1,,C3,3.0,,0,Z-WHH,0.1174
-17.5,76.0,5.5,-2.9,C3,2.0,1.0,0,Z-GNI,0.05191
46.6,127.0,4.1,-3.5,C4,3.0,1.0,1,Z-SYX,1.54234
50.4,66.0,2.8,6.4,C1,2.0,1.0,1,Z-XYH,-0.29718
52.3,,6.3,6.3,C1,2.0,0.0,0,Z-DPH,-2.66129
45.2,122.0,,-3.9,C3,4.0,1.0,0,,0.33647
53.9,130.0,6.5,17.3,C1,5.0,,0,Z-UCT,1.11268
45.9,85.0,2.4,-5.3,C3,2.0,1.0,0,Z-BEC,-1.60922
46.9,87.0,-0.8,0.4,C2,5.0,1.0,1,Z-UYE,0.90261
61.1,124.0,3.9,-1.6,C2,3.0,0.0,0,Z-ABD,1.17214
41.8,143.0,-0.3,5.7,C4,5.0,1.0,0,Z-XCZ,0.21366
30.8,79.0,-5.4,-8.6,C3,2.0,1.0,0,Z-BFY,-0.54191
63.1,140.0,4.0,0.7,C3,4.0,1.0,0,Z-BEJ,0.06409
,196.0,0.8,-8.5,C5,3.0,0.0,0,Z-CHO,-0.29285
46.9,102.0,-0.3,6.9,C1,5.0,0.0,1,Z-UGL,0.30066
34.7,105.0,0.1,-4.1,C3,1.0,,0,Z-GLP,
47.7,109.0,3.9,3.9,C2,1.0,0.0,0,Z-UQG,0.23867
47.9,109.0,5.4,3.1,C2,5.0,1.0,1,Z-HGE,-0.46246
48.6,72.0,2.7,-1.6,C4,1.0,1.0,0,Z-TQO,0.75178
41.2,,-1.3,-12.2,,5.0,0.0,0,Z-ZEA,-0.27529
54.8,94.0,5.0,1.8,,1.0,0.0,0,Z-FAB,-1.54294
54.4,131.0,2.1,-0.9,C4,1.0,0.0,0,Z-UJC,0.30847
38.2,103.0,5.6,4.6,C1,2.0,0.0,1,Z-GYX,1.92919
55.8,146.0,8.1,14.6,C3,4.0,0.0,0,Z-CBB,-0.36605
,128.0,0.9,1.9,C4,3.0,0.0,0,Z-QGB,0.24367
51.5,117.0,-2.9,-0.5,C3,5.0,1.0,1,Z-FVJ,-1.39147
47.5,110.0,-0.8,-3.6,C3,3.0,1.0,0,Z-CSA,-0.08611
49.0,96.0,4.0,-3.7,C4,3.0,,0,Z-SOG,-0.30385
55.1,100.0,-1.9,-4.5,C1,3.0,0.0,1,Z-IMP,0.25632
36.3,37.0,5.1,-0.3,C3,3.0,0.0,0,Z-PNY,0.05019
51.5,98.0,3.4,1.2,C3,3.0,1.0,0,Z-UXY,
47.0,92.0,6.1,1.6,C2,5.0,0.0,1,Z-LMB,0.84374
64.9,156.0,2.4,-6.6,C5,5.0,1.0,0,Z-VIX,-0.61713
48.8,131.0,-3.3,0.8,,1.0,1.0,1,Z-LOA,-1.01799
63.5,127.0,4.2,1.5,C1,3.0,0.0,0,Z-VWP,1.13458
41.3,141.0,3.2,-0.2,C4,3.0,1.0,1,Z-TZC,0.62515
54.9,113.0,-2.8,-8.7,C1,4.0,1.0,1,Z-TKW,-0.89599
52.7,133.0,-1.8,-5.2,C3,2.0,1.0,0,Z-MJA,-1.18502
43.2,,-5.0,-9.6,C5,5.0,0.0,1,Z-UKW,-1.11801
51.6,72.0,1.4,-5.4,C4,3.0,0.0,0,,2.28387
59.9,105.0,3.5,2.2,C3,2.0,0.0,0,Z-AJD,0.75443
47.6,136.0,,-3.6,C5,4.0,0.0,1,Z-AFK,0.30904
36.6,70.0,4.4,5.4,C2,3.0,1.0,1,Z-TWG,0.7559
50.0,88.0,5.8,,C1,5.0,0.0,1,Z-CKH,0.61645
42.9,88.0,-2.6,-3.4,C3,1.0,0.0,0,Z-QBB,2.48316
47.4,85.0,4.6,2.8,C3,1.0,0.0,0,Z-ECZ,0.65178
49.5,131.0,-2.1,-1.8,C4,5.0,0.0,1,,0.55324
36.5,128.0,-1.1,-6.2,C2,3.0,0.0,1,Z-PWT,-0.22743
37.2,79.0,-0.1,2.1,C1,2.0,0.0,1,Z-GTK,0.97738
54.0,121.0,1.4,-5.4,C1,4.0,0.0,1,Z-PRE,0.43137
46.0,120.0,-3.5,-4.5,C1,5.0,1.0,1,Z-HKO,0.24356
29.6,69.0,-0.6,-7.3,C3,5.0,0.0,0,Z-WTC,-2.66142
56.4,87.0,0.8,-1.4,C2,5.0,0.0,1,Z-WTQ,
52.3,93.0,-2.4,0.0,C1,2.0,1.0,1,Z-XTX,-0.85789
44.4,,4.4,4.6,C1,5.0,0.0,1,Z-UKI,0.75351
39.6,281.0,0.3,3.2,C1,1.0,1.0,1,Z-VDW,-1.97619
56.8,63.0,2.6,-0.6,C2,2.0,0.0,1,Z-OYC,-0.57839
53.0,93.0,5.5,7.1,C4,2.0,0.0,1,Z-IQB,-1.08901
69.2,113.0,3.3,,C5,2.0,0.0,1,Z-CFE,0.05115
53.5,130.0,1.9,-1.9,C2,2.0,0.0,0,Z-BDV,0.20531
53.3,87.0,5.6,3.8,C2,5.0,1.0,1,Z-RSO,0.45749
48.8,86.0,5.0,6.4,C1,5.0,0.0,1,Z-XQP,-0.55129
56.7,98.0,4.2,-0.2,C2,,0.0,1,Z-QVC,-0.2981
55.2,130.0,3.1,4.1,,1.0,0.0,0,Z-YDU,-1.21878
60.2,143.0,0.6,,C1,2.0,0.0,0,Z-DTS,0.21503
46.0,107.0,6.1,5.1,C1,3.0,1.0,1,Z-AES,-0.62894
46.7,124.0,2.1,-3.4,C4,5.0,0.0,1,Z-WVZ,1.22327
46.3,127.0,-2.0,-5.0,C3,4.0,1.0,0,Z-ADI,2.16209
56.5,62.0,3.5,1.1,C2,3.0,0.0,1,Z-YQB,
62.2,137.0,4.4,3.6,C2,5.0,0.0,0,Z-ENW,-0.04808
46.5,84.0,3.7,-1.8,C2,3.0,0.0,1,Z-GCD,-1.22656
46.8,61.0,-1.5,-8.4,C1,4.0,0.0,0,Z-JDB,-1.1676
52.7,96.0,-2.3,-12.7,C4,3.0,1.0,0,Z-QDU,0.1912
48.2,117.0,-2.8,-0.9,C1,4.0,0.0,1,Z-SJY,0.50114
57.8,152.0,5.2,6.9,C1,,0.0,0,Z-KXW,-0.26575
32.1,,4.8,-5.9,C2,1.0,0.0,0,Z-LLB,0.87167
43.5,106.0,4.4,2.6,C2,3.0,0.0,0,Z-WGW,0.06629
43.9,143.0,-3.1,-5.9,C2,2.0,0.0,1,Z-RZR,
31.6,118.0,-3.7,0.3,C4,3.0,0.0,1,Z-VRU,1.73966
42.4,0.0,2.5,-0.3,C1,4.0,1.0,0,Z-VUM,0.60159
42.8,147.0,4.2,4.4,,3.0,1.0,0,Z-FME,0.06282
48.5,124.0,4.7,0.7,C1,2.0,0.0,1,Z-EPQ,0.82308
59.1,53.0,0.5,-4.1,C1,4.0,0.0,1,Z-QFL,0.91326
48.2,76.0,-0.3,1.4,C3,2.0,,0,Z-ITY,-0.12264
41.9,120.0,3.2,5.7,C2,1.0,1.0,0,Z-NQZ,1.10711
49.7,109.0,2.9,-4.5,C1,2.0,,1,Z-ZAS,-1.56139
,99.0,-3.9,-0.2,C3,,1.0,0,Z-UNJ,-1.19964
42.3,89.0,2.8,-3.3,C3,2.0,0.0,0,Z-OJM,0.19328
42.9,103.0,,-6.9,C5,4.0,0.0,1,Z-QIS,-1.27898
54.6,92.0,4.2,2.1,C2,4.0,0.0,1,,1.59252
48.4,94.0,-4.2,-3.1,C3,3.0,0.0,0,,-0.0234
55.3,133.0,-1.5,-9.3,C1,2.0,1.0,1,Z-ORJ,1.01587
50.0,81.0,3.8,-6.7,C4,5.0,1.0,0,,0.11554
55.8,,7.0,2.4,C4,4.0,0.0,1,Z-ODD,-0.43975
121.2,69.0,2.1,-2.4,C3,1.0,0.0,0,Z-NSN,-0.19807
50.1,76.0,6.2,9.6,C3,3.0,0.0,0,Z-SYD,0.90592
48.5,81.0,-1.9,-3.2,C3,5.0,0.0,0,Z-URE,-0.25817
40.4,37.0,1.9,3.2,C2,5.0,1.0,0,Z-WIG,-1.96059
37.6,86.0,-1.2,-1.8,C2,2.0,1.0,0,Z-YQY,1.43207
55.6,133.0,6.4,10.6,C3,3.0,0.0,0,Z-QWX,-0.33044
47.3,74.0,-1.2,-6.5,C5,3.0,1.0,1,Z-VKW,-0.25037
42.0,,3.4,1.0,C3,4.0,1.0,0,Z-QWL,-0.17708
49.4,94.0,3.8,-4.9,C1,5.0,0.0,1,,-0.96192
59.2,91.0,3.6,5.0,C2,3.0,0.0,1,Z-PMR,-2.63046
31.9,96.0,3.1,5.8,C2,1.0,0.0,1,Z-KLG,-0.55655
38.2,56.0,5.9,7.3,C1,4.0,1.0,1,Z-GAI,-0.6552
42.8,74.0,2.5,0.0,C2,5.0,0.0,0,Z-AZV,0.18139
61.9,100.0,4.3,-4.1,C1,5.0,1.0,1,Z-TDV,0.15312
52.4,131.0,1.5,-0.7,C2,1.0,1.0,1,Z-EJJ,-0.43498
56.3,105.0,-3.3,-7.3,C1,5.0,0.0,1,Z-FKQ,
41.0,139.0,2.8,4.7,C2,1.0,0.0,0,Z-AIA,
41.2,95.0,2.7,,C5,5.0,1.0,1,Z-GTG,0.4372
53.7,138.0,4.2,0.2,C1,4.0,0.0,1,Z-SEX,-0.02282
50.6,,-1.6,6.2,C1,1.0,0.0,1,Z-IMB,-1.42038
54.6,261.0,5.0,6.2,C2,1.0,1.0,1,Z-HHW,
48.7,97.0,5.1,7.4,C2,2.0,0.0,0,Z-NYU,0.0169
52.4,86.0,4.2,-0.1,C5,2.0,1.0,1,Z-QNS,-1.10725
51.4,49.0,1.5,-4.9,C3,1.0,0.0,0,,-0.79872
56.4,138.0,5.5,,C4,5.0,0.0,0,Z-EZF,-1.04201
56.6,112.0,3.6,7.9,C1,1.0,0.0,0,Z-JIT,-0.27177
37.2,60.0,5.6,-2.2,C1,5.0,0.0,1,Z-BMA,0.30162
32.2,80.0,-1.1,-4.8,,2.0,0.0,0,Z-PZD,-0.19715
58.2,115.0,3.2,-2.7,C1,3.0,1.0,1,Z-UOI,-0.30163
59.7,154.0,-2.4,-1.7,C2,4.0,0.0,0,Z-LNV,0.34149
42.0,98.0,-1.6,1.6,C2,2.0,0.0,1,Z-JUX,0.80894
35.3,71.0,1.1,-2.2,C5,3.0,1.0,1,Z-LBS,-2.91874
51.0,120.0,3.7,0.1,C2,4.0,1.0,1,Z-GVM,-1.05357
57.6,112.0,6.2,-4.5,C4,1.0,1.0,0,Z-ZAE,-0.3281
64.5,130.0,-2.0,-7.4,C2,2.0,0.0,0,Z-ZYK,0.2889
-25.0,140.0,-1.0,3.9,C1,4.0,0.0,1,Z-QJL,-2.29134
47.2,64.0,-0.9,-0.3,C1,2.0,1.0,0,Z-CPU,-0.46522
43.0,65.0,-1.0,1.4,C2,1.0,1.0,0,Z-AKR,1.21192
50.3,89.0,3.4,-0.1,C1,2.0,0.0,1,Z-FGP,-0.07694
47.8,89.0,-1.5,-4.1,C1,4.0,1.0,1,Z-WEE,0.09971
42.0,118.0,-1.7,-3.1,C2,5.0,1.0,1,Z-UPG,0.88575
66.6,282.0,3.4,2.8,C2,2.0,0.0,0,Z-NXF,0.6273
,124.0,-0.5,3.7,C2,3.0,1.0,0,Z-MNS,-0.75112
59.3,101.0,5.0,-0.0,,2.0,0.0,1,Z-ZIE,0.15505
42.8,134.0,5.8,2.9,C1,5.0,0.0,0,Z-EMK,-0.78481
57.0,136.0,2.6,-2.7,C5,5.0,0.0,1,Z-DUB,0.46863
55.3,115.0,5.3,-5.3,C3,2.0,0.0,0,Z-SOK,0.68036
53.7,132.0,0.9,3.1,C4,1.0,0.0,0,Z-YFY,
60.2,82.0,2.5,8.0,C3,3.0,1.0,0,Z-KEQ,
55.2,,4.7,5.8,C1,3.0,1.0,0,Z-RLF,-2.62417
56.1,268.0,-0.5,-1.1,C3,3.0,0.0,0,Z-BBD,-0.11949
55.3,143.0,4.5,10.2,C4,2.0,0.0,0,Z-QJO,-0.85764
52.9,120.0,5.4,5.1,C3,1.0,0.0,0,Z-VMM,0.71252
35.9,271.0,5.6,6.7,C4,1.0,0.0,1,Z-MTE,1.09622
50.8,307.0,6.4,4.6,C1,4.0,0.0,0,Z-ICA,0.28714
45.7,120.0,2.5,1.9,C5,3.0,0.0,1,Z-ZJH,-0.51164
39.9,86.0,6.5,3.5,C5,2.0,0.0,1,Z-TOE,0.4449
,112.0,7.0,8.1,C4,5.0,1.0,0,Z-VFX,0.81032
64.0,127.0,3.9,-2.8,C3,5.0,0.0,0,Z-URT,1.14393
61.0,116.0,0.4,0.5,C4,4.0,1.0,0,Z-NVE,1.02991
52.2,113.0,2.5,-3.1,C3,3.0,1.0,0,Z-KNH,-0.24678
61.0,146.0,3.7,3.8,C2,3.0,1.0,0,Z-JQB,0.18815
50.3,113.0,-3.8,5.2,C5,3.0,1.0,1,Z-DQW,0.02916
51.8,,4.4,5.2,C1,2.0,0.0,0,Z-KEV,1.20322
41.4,68.0,3.5,6.5,C4,4.0,0.0,1,Z-SOC,-1.48386
,115.0,3.4,5.2,C2,3.0,0.0,0,,-1.55032
50.6,55.0,2.5,-9.2,C1,3.0,0.0,0,Z-WWZ,1.09087
39.7,,0.6,-1.6,C2,4.0,0.0,0,Z-ECL,1.08896
49.7,116.0,4.3,4.0,C3,2.0,0.0,0,Z-KUL,0.67908
49.5,123.0,7.3,,C1,4.0,1.0,1,,-0.13759
64.5,124.0,5.3,1.8,C3,2.0,0.0,0,Z-BWX,0.96541
57.3,118.0,-1.5,,C2,5.0,1.0,1,Z-RKJ,-0.07294
50.3,111.0,,-7.6,C3,5.0,,0,Z-OSG,-0.6488
52.2,122.0,2.9,-3.2,C1,3.0,1.0,1,Z-UVU,0.6452
50.5,96.0,-4.2,0.4,C1,2.0,1.0,1,Z-XUN,-1.13041
48.5,71.0,2.5,,C1,2.0,0.0,0,Z-XPK,0.32854
41.5,96.0,5.7,4.5,C1,,0.0,1,Z-CZE,-0.25483
49.0,151.0,3.9,6.7,C3,2.0,1.0,0,Z-EUL,0.09809
44.2,65.0,1.1,-0.8,C2,4.0,1.0,0,Z-JUE,1.79081
40.2,80.0,4.6,8.4,,3.0,1.0,0,Z-ITT,
54.3,97.0,-1.2,-4.4,C3,5.0,0.0,1,Z-FUU,0.31954
,171.0,,-3.0,C1,3.0,0.0,1,Z-EMK,1.19049
35.9,50.0,0.8,-0.9,C4,3.0,1.0,0,Z-JBM,0.87544
49.2,94.0,4.1,0.3,,1.0,,0,Z-QGA,0.40173
58.1,104.0,-0.6,-4.6,C1,5.0,1.0,1,Z-YHD,-0.89271
58.6,81.0,-1.4,-3.6,C2,3.0,1.0,1,Z-HKG,1.35745
58.4,79.0,5.2,-0.4,C2,3.0,0.0,1,Z-YZE,-0.41443
50.5,116.0,6.7,0.7,C2,1.0,0.0,0,Z-INW,1.96461
43.4,279.0,4.8,-2.2,C2,4.0,0.0,1,Z-CKX,
41.5,71.0,5.5,5.0,C2,3.0,0.0,1,Z-BZI,1.00876
52.9,143.0,5.2,-1.3,C2,,0.0,0,Z-OVB,0.89785
53.2,45.0,0.7,-6.2,C2,3.0,0.0,0,Z-UHP,-0.49616
60.5,84.0,4.9,-1.9,C2,3.0,,1,Z-PUH,
59.0,93.0,5.4,4.0,C3,4.0,0.0,0,Z-YTP,1.14854
-30.2,98.0,4.3,5.0,,2.0,0.0,1,Z-UTI,-0.41016
-39.1,71.0,1.0,2.5,C1,5.0,0.0,0,Z-DGU,0.82627
47.6,91.0,2.7,1.7,C2,1.0,0.0,0,Z-PUB,-0.24806
51.9,116.0,-0.2,0.5,C2,3.0,1.0,1,Z-MQJ,0.64513
48.5,137.0,3.0,0.8,C2,4.0,0.0,0,Z-PGV,0.17767
45.5,114.0,5.4,5.1,C3,5.0,0.0,0,Z-UTR,0.25751
52.2,,5.0,4.6,C1,2.0,1.0,1,Z-ZDE,1.3123
46.1,91.0,-3.7,,C3,4.0,0.0,0,,-0.86039
45.1,122.0,-0.4,-6.5,C2,4.0,1.0,1,Z-WIJ,-0.95175
52.7,155.0,-3.3,1.2,C2,4.0,0.0,1,Z-JSG,-1.84906
46.9,112.0,1.5,,,5.0,0.0,1,Z-VYP,3.04202
52.1,90.0,-0.8,2.2,C3,2.0,0.0,0,Z-BWB,-0.42515
52.3,111.0,2.7,-3.9,C3,4.0,1.0,0,Z-OZB,1.13941
41.0,101.0,1.7,-1.8,C4,5.0,0.0,1,Z-TXV,-0.32158
46.3,79.0,-2.7,-9.8,C2,3.0,0.0,0,Z-HJT,-0.4849
61.7,143.0,3.0,,C5,,0.0,0,Z-SWC,-0.79386
40.9,92.0,-4.2,-7.9,C5,2.0,1.0,1,Z-ZDJ,2.08046
33.2,103.0,2.0,-2.2,C1,2.0,1.0,1,Z-KJJ,-0.79826
35.3,,1.4,7.9,C4,2.0,0.0,1,Z-WLB,-0.99866
50.4,54.0,-3.9,-2.2,C2,1.0,0.0,1,Z-ZDQ,0.40847
50.4,,-2.2,,C5,3.0,0.0,1,Z-YBL,0.60027
49.2,99.0,4.8,-2.5,C5,5.0,0.0,1,Z-SIH,0.37394
,68.0,-1.6,-10.9,C2,,1.0,0,Z-AZP,-1.00732
28.8,48.0,,,C1,,1.0,0,Z-OWN,0.09212
53.3,140.0,-0.8,-11.8,C3,2.0,0.0,0,Z-RBF,0.84706
62.7,136.0,0.2,-3.5,C2,4.0,0.0,0,Z-PRV,-0.71062
41.1,89.0,4.0,-1.6,C3,3.0,0.0,0,Z-LXS,1.60376
47.1,67.0,-0.2,-5.7,C2,4.0,1.0,0,Z-CNT,-0.51185
44.1,,-2.8,-6.0,C2,2.0,0.0,0,Z-FZC,0.47459
43.0,77.0,-1.4,-7.3,C2,3.0,1.0,0,Z-YAI,0.20387
47.5,,4.4,-2.9,C3,4.0,0.0,0,Z-NUO,-0.3113
61.6,131.0,-1.4,,C3,4.0,1.0,0,Z-ZBX,1.04305
64.9,130.0,3.9,6.3,C3,4.0,,0,Z-CXF,-1.3962
47.5,136.0,1.3,-7.8,C4,5.0,0.0,1,Z-EOW,-0.06534
65.4,142.0,3.5,2.2,C3,1.0,0.0,0,Z-RTH,-1.20055
50.4,,-0.4,0.4,C2,3.0,0.0,1,,0.44095
64.2,122.0,-0.6,-0.3,C1,3.0,0.0,0,Z-RAB,-1.81832
49.4,111.0,4.1,1.0,C2,5.0,,1,Z-PPF,0.66155
51.2,,-4.6,-8.2,C2,3.0,1.0,1,Z-CWA,-0.62057
53.1,110.0,2.0,3.3,C1,4.0,1.0,1,Z-KJK,0.9227
75.6,134.0,3.4,2.8,C3,5.0,1.0,0,Z-RIL,-0.38651
57.0,98.0,6.1,-4.3,C1,1.0,0.0,1,Z-PAZ,1.58934
,66.0,-2.3,-4.6,C1,2.0,0.0,0,Z-NCQ,-0.21968
57.9,106.0,7.6,5.3,C3,2.0,0.0,0,Z-DFP,
47.3,86.0,-1.2,-7.3,C3,1.0,0.0,0,Z-JTP,-0.585
-33.1,143.0,5.0,1.8,C2,3.0,0.0,0,Z-JQG,-0.42377
57.4,139.0,5.5,5.3,C3,2.0,0.0,0,Z-AAI,-1.45489
50.4,97.0,6.2,0.3,C4,2.0,1.0,1,Z-IHL,0.15082
52.4,93.0,4.8,3.6,C1,1.0,,1,Z-KXM,-1.75539
50.3,117.0,5.7,-0.8,C4,1.0,1.0,1,Z-RNJ,-0.12344
52.9,157.0,5.0,-2.4,,2.0,0.0,0,Z-SSD,-0.53196
53.6,128.0,2.7,3.4,C2,3.0,0.0,0,Z-NBO,-0.38084
34.7,28.0,3.1,6.1,C3,2.0,0.0,0,Z-EIY,-0.86324
55.5,133.0,1.7,-5.1,C3,5.0,0.0,1,Z-AOI,-0.33196
42.3,115.0,-2.9,-0.1,C3,2.0,0.0,1,Z-IQA,-0.15571
38.6,140.0,2.7,0.7,C2,2.0,1.0,1,Z-HLY,0.149
49.7,93.0,-4.9,-15.2,C1,2.0,1.0,0,Z-STL,1.41995
50.8,105.0,3.8,-4.4,C2,2.0,1.0,0,Z-JAM,-0.35876
44.6,103.0,0.7,1.6,C2,5.0,0.0,0,Z-ZDW,0.71264
56.8,91.0,-5.7,-13.5,C2,4.0,1.0,0,Z-JVM,0.85077
39.4,59.0,5.2,,C5,2.0,1.0,1,Z-ECO,0.78819
46.9,106.0,0.6,-1.4,C2,,0.0,1,Z-UUA,-0.22003
45.5,51.0,4.0,3.8,C3,3.0,1.0,1,Z-QEA,1.98578
49.8,64.0,3.1,1.9,C3,4.0,0.0,0,Z-VCG,-1.45933
52.4,126.0,5.6,,C3,2.0,0.0,0,Z-DLW,-0.59423
42.1,100.0,-0.6,-5.6,C5,2.0,1.0,1,Z-YQF,0.29641
56.0,144.0,3.8,2.1,C4,3.0,0.0,0,,-0.68013
50.7,114.0,-0.8,-0.4,C1,3.0,0.0,0,Z-YWK,0.12947
35.0,75.0,0.2,1.6,C4,5.0,0.0,1,Z-BQN,0.62675
34.5,109.0,1.6,4.3,C5,1.0,1.0,1,Z-MNB,-0.06759
50.1,89.0,-1.0,-4.3,C1,1.0,0.0,1,Z-QWH,-0.32876
48.4,88.0,4.0,4.6,C2,3.0,1.0,1,Z-OTH,0.4668
49.3,97.0,1.9,-3.9,C2,3.0,1.0,1,Z-NNI,-0.37225
49.9,112.0,,-2.7,C2,3.0,0.0,1,Z-PDV,-0.5813
52.0,102.0,6.5,6.2,C4,3.0,0.0,1,Z-ABI,-1.74607
57.7,,0.8,,C4,2.0,1.0,1,Z-NBM,0.62111
41.3,,,2.8,C1,1.0,1.0,1,Z-SLD,1.67274
40.8,84.0,2.0,0.5,C1,4.0,0.0,0,Z-AGX,-1.0225
41.4,89.0,0.8,-1.2,C1,3.0,0.0,1,Z-EHK,-0.64142
52.5,92.0,,4.0,C4,5.0,0.0,1,Z-CTK,1.27701
60.1,131.0,5.5,12.5,C1,3.0,,0,Z-NVS,-1.25914
46.7,51.0,3.5,5.1,,5.0,0.0,1,Z-UHP,-1.01002
30.1,78.0,2.3,2.1,C3,5.0,,1,Z-KQP,0.46529
36.5,126.0,2.8,-5.0,C1,3.0,0.0,1,Z-TVW,0.00858
43.5,73.0,2.6,-2.9,C1,4.0,0.0,1,Z-ROZ,0.61199
45.7,94.0,3.9,0.4,C4,1.0,0.0,0,Z-IBJ,-1.44372
46.9,88.0,-1.4,1.1,,1.0,0.0,0,Z-WGH,
50.5,95.0,-2.1,-7.4,C2,4.0,0.0,1,Z-FMM,-0.6987
47.7,68.0,1.1,,C2,1.0,0.0,0,Z-LJX,1.10982
58.6,168.0,5.1,3.4,C1,4.0,0.0,0,Z-OLK,
44.7,102.0,0.7,0.5,C2,2.0,,0,Z-GSA,-0.54617
43.3,71.0,,-4.4,C1,2.0,1.0,0,Z-WVN,1.08422
54.0,86.0,0.4,-3.8,C1,2.0,0.0,1,Z-CKV,-0.23527
37.9,81.0,5.4,-1.0,C1,5.0,1.0,1,Z-BRH,-1.02259
53.3,47.0,3.1,3.7,C3,4.0,1.0,1,Z-JPF,-0.44437
51.0,130.0,4.5,2.0,C1,4.0,1.0,0,Z-QTS,-1.3818
49.0,85.0,4.2,-2.5,C1,,1.0,1,Z-WOY,-0.25412
62.9,132.0,4.0,2.9,C4,4.0,1.0,0,Z-FPF,-0.98854
45.2,104.0,-1.8,11.4,C2,2.0,0.0,0,Z-ITN,
66.7,154.0,-1.0,,C4,5.0,1.0,0,Z-GEB,-1.05565
48.4,111.0,-2.4,3.3,C3,2.0,0.0,0,Z-HDU,1.21946
39.9,103.0,1.5,-11.3,C2,3.0,0.0,0,Z-LTD,0.72442
50.7,129.0,3.9,0.7,C2,4.0,0.0,0,Z-OMC,-1.65267
41.5,,1.7,3.9,C5,5.0,0.0,1,Z-ESE,-0.15273
44.1,,1.5,-0.2,,3.0,1.0,1,Z-GOJ,-0.28051
53.3,115.0,0.1,-4.3,C1,3.0,0.0,1,Z-TTM,-0.62069
,107.0,-0.5,-2.2,C1,3.0,1.0,1,Z-RDJ,-0.20812
45.2,69.0,-1.5,1.2,C5,1.0,1.0,1,Z-CLU,1.99503
58.1,108.0,0.5,,C1,3.0,1.0,0,Z-PDM,-0.1798
59.4,127.0,4.9,7.2,C5,4.0,1.0,0,Z-MLL,-1.21474
61.7,122.0,-1.4,-5.0,C2,3.0,0.0,1,Z-ZFJ,-0.92784
54.4,157.0,-0.5,-3.0,C2,,1.0,1,Z-RDE,-0.53387
,108.0,-3.8,-5.9,C2,3.0,1.0,1,Z-YHO,2.23324
35.1,93.0,5.9,-0.1,C2,1.0,1.0,1,Z-VVC,-0.51826
79.3,66.0,0.7,-1.7,C1,3.0,0.0,1,,1.42016
43.2,148.0,-0.3,-3.1,C3,4.0,0.0,0,,-1.47038
51.1,70.0,5.8,-1.6,C3,2.0,0.0,1,Z-SXJ,-0.49912
45.6,149.0,3.8,5.3,C2,5.0,0.0,0,,-0.41809
48.8,94.0,-1.5,-1.2,C2,4.0,0.0,1,Z-STZ,-0.46362
65.2,66.0,-2.8,-6.8,,2.0,0.0,0,Z-VHA,0.24769
48.8,135.0,-1.4,-2.2,C2,2.0,1.0,1,Z-DNX,0.38834
53.5,108.0,2.9,-3.2,C4,1.0,1.0,1,Z-YMR,-0.19175
,85.0,-0.0,-4.0,C1,5.0,0.0,1,Z-YWX,-1.36203
50.8,119.0,5.0,5.7,C4,1.0,1.0,0,Z-AJV,0.15685
50.2,118.0,4.7,4.5,,3.0,1.0,0,Z-YVK,
53.7,118.0,5.8,1.3,C2,4.0,1.0,1,Z-XPY,0.63173
59.5,,-2.3,-2.3,C2,2.0,1.0,1,Z-UZL,-0.9315
63.3,129.0,,0.7,C2,2.0,1.0,0,Z-QZW,1.24461
52.6,122.0,5.1,-1.4,C1,2.0,0.0,0,Z-MPP,0.28957
54.9,94.0,3.3,0.5,C2,4.0,0.0,1,Z-PFA,-1.25269
40.9,106.0,-2.3,-1.8,C2,5.0,0.0,1,Z-MWZ,0.78332
49.5,85.0,1.8,1.3,C1,,0.0,1,Z-KKR,-1.02253
,83.0,4.8,-4.6,C1,1.0,1.0,1,Z-WNB,-0.73398
57.1,107.0,6.5,4.8,C4,4.0,0.0,1,Z-EHO,-0.31782
51.9,,3.0,1.1,C4,3.0,0.0,1,Z-SDU,0.25608
57.3,137.0,5.8,,C2,5.0,1.0,0,Z-PCJ,2.27776
54.1,68.0,1.8,-3.4,C1,3.0,1.0,1,Z-VDK,
59.8,,1.9,2.2,C2,3.0,0.0,0,Z-XAC,0.50081
52.5,88.0,3.1,7.0,C5,3.0,1.0,1,Z-PWJ,0.43431
47.3,,3.1,-5.9,C3,5.0,0.0,0,Z-AZD,-0.27867
52.8,72.0,-1.9,0.9,C4,4.0,0.0,1,Z-RSI,-1.5446
-52.6,53.0,0.5,,C3,1.0,1.0,0,Z-OIU,0.0143
53.2,118.0,7.0,10.4,C3,5.0,1.0,0,Z-CRD,-2.05624
21.0,48.0,2.4,-0.5,C1,4.0,1.0,0,Z-QSI,0.3495
36.4,,-2.3,-6.7,C1,2.0,0.0,0,Z-MXZ,-1.47105
53.8,272.0,-1.9,-1.8,,3.0,0.0,1,Z-XUQ,0.27557
54.0,75.0,2.6,-3.4,C1,2.0,1.0,1,Z-XFH,1.01628
40.9,92.0,4.5,4.5,C1,3.0,0.0,1,Z-AQP,-0.75344
44.5,88.0,-0.3,-2.4,C4,3.0,1.0,0,Z-VUE,0.57357
,135.0,-0.3,-18.0,C3,5.0,0.0,0,Z-JGS,1.13531
46.3,46.0,-0.5,-5.5,C1,1.0,1.0,0,Z-KOI,-1.09946
68.1,116.0,-0.1,-0.9,C2,3.0,0.0,0,Z-DRS,
50.1,155.0,4.4,6.8,C1,2.0,1.0,0,Z-AFR,-0.64759
53.4,123.0,6.2,5.2,C1,1.0,1.0,0,Z-IXJ,0.25369
63.1,114.0,5.0,7.2,C1,4.0,1.0,0,Z-KJI,-1.051
51.2,76.0,4.6,-1.3,C3,4.0,1.0,0,Z-XLD,-0.03404
42.1,117.0,-0.8,0.8,C1,5.0,0.0,1,Z-RPI,0.19713
49.3,140.0,,-0.3,,3.0,0.0,1,Z-EXN,0.69065
49.9,69.0,-2.2,-10.4,C1,2.0,,0,Z-JGN,1.14257
39.2,54.0,0.5,3.5,C1,2.0,0.0,1,Z-JWG,0.37409
48.1,104.0,4.2,3.5,C1,3.0,0.0,0,Z-GHS,-0.85622
44.2,100.0,,-1.9,C3,3.0,0.0,0,Z-VUT,-0.32078
57.6,126.0,2.5,-0.6,C5,1.0,0.0,1,Z-MVV,-1.62902
50.4,151.0,,-5.1,C1,5.0,1.0,1,Z-TSO,0.64486
47.9,70.0,0.7,1.7,C2,5.0,1.0,1,Z-TJA,2.04314
49.3,100.0,1.1,0.6,C1,4.0,1.0,1,Z-XYP,-1.36669
51.9,123.0,4.5,4.8,C1,2.0,1.0,0,Z-VXU,0.5067
55.1,,6.5,4.4,C1,2.0,1.0,0,Z-DNT,0.70547
42.2,69.0,5.1,3.7,C1,4.0,0.0,1,Z-XIN,2.98077
41.8,70.0,-3.7,-6.1,C4,2.0,,0,Z-BXS,2.03095
59.0,103.0,2.7,5.3,C3,2.0,0.0,0,Z-KBH,-0.39786
46.9,141.0,6.4,6.6,,4.0,0.0,0,Z-FCM,1.00627
38.8,55.0,1.3,0.3,C4,1.0,0.0,0,,0.77184
53.7,98.0,1.0,-1.3,C3,1.0,0.0,0,Z-MSV,-1.75545
53.9,128.0,0.6,-8.6,C2,1.0,,1,Z-KTS,0.15093
37.9,50.0,-1.2,,C1,2.0,1.0,0,Z-RDU,-0.25712
52.0,110.0,,-0.9,C1,3.0,1.0,1,Z-QIY,1.66767
56.0,59.0,1.3,4.9,C1,4.0,0.0,1,Z-DJU,-0.23133
53.2,111.0,5.7,0.4,C1,2.0,0.0,0,Z-PDP,0.48217
55.2,110.0,5.3,0.2,C1,2.0,0.0,1,Z-QPC,1.48145
38.9,86.0,-1.4,-6.9,C3,1.0,0.0,0,Z-JXJ,1.02111
52.8,81.0,,,C2,3.0,0.0,1,Z-FSU,-1.24378
47.7,102.0,,-7.5,C2,,,0,Z-ANG,-0.01824
46.3,93.0,-1.0,-1.3,C2,2.0,0.0,0,Z-ZRO,0.372
57.1,147.0,-0.8,,C1,4.0,0.0,1,Z-XZA,0.53094
,138.0,-2.6,-6.2,C1,5.0,0.0,1,Z-OEM,-0.24147
,86.0,-5.5,-9.0,C2,2.0,0.0,1,Z-VYZ,0.9759
60.7,96.0,4.2,3.1,C4,2.0,0.0,0,Z-DCU,-0.72234
49.3,82.0,6.0,5.3,C3,4.0,0.0,0,Z-DZI,-0.42298
53.0,110.0,,-4.9,C5,,0.0,1,Z-VDW,1.47028
56.3,106.0,0.4,-4.5,C2,2.0,0.0,1,Z-MXC,-0.27179
51.1,97.0,6.3,3.6,C4,5.0,1.0,1,Z-MQV,
51.2,178.0,-1.8,-1.4,C3,3.0,0.0,0,Z-ZZU,1.42941
,98.0,5.0,3.3,C5,5.0,0.0,1,Z-UEB,-1.2876
49.7,137.0,4.8,6.1,C1,,1.0,0,Z-KSG,-0.68785
44.3,271.0,,-1.7,C4,5.0,,1,Z-OXW,0.25857
46.8,36.0,1.2,1.2,,1.0,1.0,0,Z-LRI,0.81367
55.2,114.0,6.1,12.4,C2,2.0,0.0,0,Z-XRE,0.78174
50.2,131.0,3.7,1.9,C2,2.0,1.0,0,Z-LDO,1.00936
52.9,122.0,-1.5,-2.6,C2,4.0,0.0,1,Z-HHO,0.79908
55.5,116.0,4.6,4.6,C4,2.0,1.0,0,Z-IRL,0.60892
47.2,96.0,3.5,-0.9,C5,2.0,1.0,1,Z-ZQX,0.08004
56.2,97.0,3.7,-2.4,C3,2.0,0.0,0,Z-TBI,-0.27932
53.2,130.0,5.8,3.7,C1,2.0,0.0,0,Z-ABF,-0.53289
40.3,72.0,4.1,-5.0,C2,4.0,0.0,0,Z-EBG,2.30399
61.7,103.0,1.2,1.1,C2,5.0,1.0,1,Z-JPR,
46.2,105.0,,2.2,C3,2.0,1.0,0,,
36.9,70.0,-1.6,-9.8,C1,1.0,1.0,0,Z-EEI,1.21438
41.8,121.0,0.6,-0.4,C3,4.0,1.0,1,Z-EIY,
42.0,99.0,1.4,-1.3,C2,3.0,0.0,0,Z-ZQE,0.6306
50.6,,0.2,4.8,C1,3.0,0.0,1,Z-AXX,0.27364
,66.0,4.7,8.0,C1,,1.0,1,Z-AHW,0.62672
47.5,80.0,0.4,2.3,C1,3.0,0.0,0,Z-TFA,0.21766
55.1,172.0,-0.9,2.8,,1.0,0.0,0,Z-HOU,-1.25809
52.9,99.0,1.1,-2.2,C2,3.0,0.0,1,Z-SHH,0.29002
52.7,125.0,1.6,0.9,C2,5.0,0.0,1,Z-KSX,0.65503
53.4,71.0,-1.7,-4.2,C1,5.0,1.0,1,Z-CGQ,0.07548
55.1,250.0,-0.6,-6.4,C3,4.0,0.0,0,Z-BFB,-0.20248
33.3,246.0,-4.1,-4.9,C1,2.0,0.0,0,Z-XYX,0.25393
47.2,141.0,0.6,-1.5,C2,5.0,0.0,1,Z-XBF,-0.00933
32.7,36.0,,1.9,C3,4.0,1.0,0,Z-TLM,-1.081
,84.0,3.9,1.5,C1,3.0,0.0,1,Z-UDC,-0.02596
50.1,125.0,3.0,1.3,C3,2.0,0.0,0,Z-XBH,-0.71391
58.5,157.0,-1.0,1.2,C4,4.0,0.0,0,Z-NVB,-1.23052
59.7,318.0,-1.4,-5.3,C2,4.0,0.0,1,Z-WGV,0.43779
51.8,121.0,-0.1,-7.1,C2,3.0,1.0,1,Z-KYM,0.29824
46.2,69.0,4.1,4.9,C1,2.0,0.0,1,Z-GQR,0.88809
54.0,71.0,3.3,4.9,C3,2.0,1.0,1,Z-FOV,-0.24832
45.9,62.0,,-2.2,C1,3.0,1.0,0,Z-RKG,0.48714
50.1,77.0,0.6,-5.9,C4,2.0,0.0,0,Z-ECV,0.15664
58.1,313.0,-0.1,-2.3,C3,3.0,,0,Z-EUL,0.60181
45.7,60.0,-1.5,-1.7,C2,1.0,0.0,0,Z-KPA,-0.77365
56.6,118.0,3.4,-3.2,C1,4.0,0.0,1,Z-JUB,
55.6,101.0,-1.0,-5.8,C2,2.0,1.0,0,Z-PII,-0.67083
42.5,72.0,,-0.8,C1,3.0,0.0,0,Z-VMG,-1.97038
58.0,137.0,-1.5,2.1,,5.0,1.0,1,Z-WEI,-0.04237
55.8,84.0,0.7,-0.1,C3,2.0,0.0,0,Z-EKN,-1.46905
51.0,140.0,-2.0,-5.8,,3.0,0.0,1,Z-GTY,0.9907
44.1,113.0,1.0,-1.6,C1,2.0,,1,Z-EDC,-1.21613
43.3,62.0,1.5,,C2,4.0,0.0,0,Z-WWH,0.09499
45.9,278.0,1.6,,C2,3.0,0.0,0,,-1.63443
54.5,78.0,5.4,6.1,C5,3.0,0.0,1,Z-RNT,0.40427
42.5,122.0,4.4,-5.9,C3,3.0,1.0,0,Z-NYU,1.4402
53.7,115.0,1.9,5.6,C1,4.0,1.0,1,Z-EOE,-0.31962
40.2,41.0,4.0,11.2,C5,3.0,1.0,1,Z-KCT,1.20869
,63.0,-2.8,-3.4,C1,3.0,1.0,0,Z-AYF,-0.1411
51.0,91.0,5.4,-0.4,C3,4.0,1.0,1,Z-QTR,-1.10494
69.7,157.0,4.7,7.5,C4,3.0,1.0,0,Z-AAR,-0.25944
39.1,77.0,1.5,0.9,C3,4.0,0.0,0,Z-GLE,-0.7899
61.9,115.0,-3.6,,C5,3.0,1.0,1,Z-ZWO,0.61873
51.4,103.0,5.3,-1.1,C4,5.0,0.0,1,Z-TXL,0.55786
53.5,52.0,-2.8,-5.8,C1,3.0,1.0,1,,1.69706
51.1,124.0,-4.1,,C3,4.0,1.0,1,Z-AZL,-0.77992
53.7,143.0,0.9,3.0,C3,3.0,1.0,0,Z-BWE,-0.10712
48.9,120.0,-2.8,-2.8,C2,,0.0,1,Z-MRU,-0.5778
61.8,,3.3,3.2,C4,3.0,0.0,0,Z-ROV,
46.5,70.0,3.1,-0.3,C4,,0.0,1,Z-DBK,-0.32097
59.2,86.0,4.9,6.3,C2,2.0,1.0,0,Z-HXV,0.5622
,61.0,3.8,0.8,C1,4.0,1.0,1,Z-WOO,0.66731
49.7,161.0,2.4,8.3,C1,3.0,0.0,0,Z-YMG,1.06507
41.6,84.0,7.9,2.6,C1,4.0,,1,Z-APK,-0.31006
53.8,131.0,4.3,,C2,2.0,0.0,0,Z-RJO,-0.13698
61.7,143.0,2.9,10.2,C3,3.0,,0,Z-SAD,-0.41487
49.5,,3.5,5.8,C1,,1.0,1,Z-XMI,-3.41258
48.6,73.0,,5.2,C2,3.0,1.0,0,Z-VBE,0.02885
41.2,99.0,4.1,3.3,C1,4.0,1.0,1,Z-QBE,0.05159
48.3,68.0,-3.2,-4.2,C4,2.0,1.0,0,Z-ICF,-0.52899
37.4,95.0,4.3,1.4,C4,2.0,0.0,1,Z-TAY,0.18326
42.9,60.0,-0.2,-4.2,C1,2.0,0.0,0,Z-FII,1.0957
52.0,92.0,-0.7,-8.7,C1,2.0,0.0,1,Z-LNO,-1.22965
60.7,106.0,0.6,1.6,C5,2.0,0.0,1,Z-PUS,0.39233
72.6,176.0,5.8,,C1,4.0,0.0,0,Z-LPC,-0.63894
45.5,27.0,6.1,6.5,C4,2.0,0.0,1,Z-NXL,-0.15177
61.6,,-1.6,-4.3,C1,3.0,0.0,0,Z-UBL,-0.19223
52.1,82.0,2.5,-3.5,C2,3.0,1.0,1,Z-OPS,-0.25187
48.9,95.0,-1.6,,C3,2.0,0.0,0,Z-ETG,1.50555
53.6,117.0,1.0,-6.9,C2,2.0,0.0,1,Z-MYM,-0.10861
50.7,110.0,0.7,-3.9,C3,1.0,1.0,0,Z-BDZ,-0.24744
51.0,125.0,5.9,1.1,C5,1.0,1.0,1,,-1.08115
46.9,111.0,3.2,1.8,C2,2.0,0.0,1,Z-XFH,1.6293
39.0,136.0,0.1,-4.1,C2,4.0,,1,Z-TDR,0.47096
37.8,99.0,-4.1,1.0,C3,2.0,0.0,1,Z-JMM,0.03861
55.4,106.0,3.9,-4.0,C3,3.0,1.0,0,Z-ICA,-0.83566
47.9,82.0,3.4,18.7,C1,1.0,,0,Z-OUI,-0.33018
45.4,77.0,-3.4,-9.1,C2,5.0,0.0,0,Z-YHL,1.65384
50.2,135.0,0.4,11.3,C2,2.0,1.0,0,Z-KMC,-0.85681
56.5,158.0,5.3,7.6,C1,2.0,1.0,0,Z-JXZ,-0.97916
51.6,130.0,-3.3,,C3,2.0,1.0,1,Z-TXX,1.40008
44.9,6.0,5.2,3.9,C4,5.0,0.0,1,Z-RVB,-0.98979
60.0,56.0,3.8,0.1,C4,3.0,0.0,1,,0.70672
62.8,121.0,4.3,3.6,C3,1.0,1.0,0,Z-EKC,1.94285
54.1,103.0,1.3,-3.6,C3,2.0,0.0,0,Z-EOX,-1.21936
58.0,114.0,-4.6,-2.6,C1,4.0,1.0,1,Z-EMT,-0.98823
60.1,151.0,0.8,-0.2,C1,4.0,0.0,0,Z-UWW,1.28897
59.2,148.0,-1.2,,C2,1.0,0.0,1,Z-UBS,1.34042
55.1,113.0,-3.6,-3.0,C2,2.0,0.0,1,Z-IJP,2.03081
54.9,67.0,-0.5,-0.5,C4,1.0,1.0,1,Z-YSS,0.2761
,74.0,,-4.2,C3,1.0,0.0,0,Z-OPP,0.20834
41.4,87.0,2.9,-0.9,C2,1.0,0.0,0,Z-RRV,-1.13205
55.8,121.0,-0.4,0.2,C1,3.0,1.0,1,Z-MQS,-0.24444
39.3,49.0,2.9,5.5,C1,1.0,1.0,1,Z-SSP,-0.0195
43.8,107.0,-2.0,-4.0,C2,4.0,0.0,1,Z-WCK,0.31636
60.6,71.0,-0.5,1.9,C3,3.0,0.0,1,Z-TSH,-0.85364
56.9,40.0,0.9,4.1,C4,3.0,1.0,1,Z-KGS,-0.21828
62.1,97.0,4.4,7.7,C1,5.0,0.0,0,Z-EAE,1.01463
,134.0,4.9,4.4,C3,2.0,1.0,0,Z-VZD,1.6105
40.9,126.0,3.7,-2.2,C3,,0.0,0,Z-UTK,0.62559
48.2,54.0,0.7,2.8,C2,3.0,1.0,1,Z-YHP,0.84845
51.0,61.0,0.3,-2.1,C1,3.0,0.0,0,Z-DGV,1.55271
50.8,122.0,4.3,4.3,C1,3.0,0.0,0,Z-OXS,-1.949
59.2,104.0,-1.5,,,3.0,0.0,0,Z-AOB,1.93985
47.3,132.0,0.8,-3.5,C4,2.0,0.0,1,Z-VBD,-0.00359
53.0,125.0,2.1,-2.7,C3,,,0,Z-SDK,-1.64462
42.2,112.0,-4.2,-10.9,C3,5.0,0.0,0,Z-XGB,0.34584
53.8,84.0,2.7,-1.8,C2,2.0,0.0,1,Z-QZL,0.74842
50.2,112.0,1.7,-4.5,C1,3.0,1.0,1,Z-FGK,-0.55502
44.2,145.0,2.9,3.3,C1,4.0,0.0,1,Z-NMW,1.23644
48.3,101.0,2.4,-4.0,C4,,1.0,0,Z-LAU,0.92697
48.7,97.0,0.2,-4.3,C2,1.0,1.0,0,Z-XNT,2.3534
48.0,85.0,-1.9,-3.2,C4,3.0,1.0,0,Z-XSI,-0.01525
64.3,,1.3,7.2,C2,3.0,1.0,0,Z-KQA,0.03768
49.4,69.0,-3.5,-7.6,C1,5.0,0.0,0,Z-TGE,-0.45658
48.2,73.0,,-4.6,C3,5.0,1.0,0,Z-EUZ,-1.02757
33.4,28.0,4.1,-3.6,C3,4.0,0.0,0,Z-WPS,0.41022
43.0,47.0,1.3,-4.1,C3,2.0,,0,Z-EXC,2.19696
48.1,31.0,4.1,-0.8,C1,2.0,0.0,0,Z-PCS,-0.59736
44.7,70.0,-0.7,7.6,C1,3.0,0.0,1,Z-WBT,-0.80352
61.2,137.0,5.4,7.2,C2,2.0,1.0,0,Z-JOH,0.16584
48.8,90.0,,0.5,C2,5.0,1.0,1,Z-BGW,-0.67339
60.5,109.0,1.7,7.7,C1,1.0,0.0,0,Z-UME,0.52871
50.7,122.0,-1.0,-5.1,C2,3.0,0.0,1,Z-HHB,-0.23024
50.5,146.0,-2.1,-5.2,C3,2.0,1.0,0,Z-IML,-0.48829
49.4,160.0,0.4,-3.3,C2,4.0,0.0,0,Z-LNE,-0.50594
50.2,104.0,4.3,6.5,C1,3.0,1.0,1,Z-PUE,0.07516
63.9,,0.2,,C5,1.0,0.0,1,Z-TUQ,1.46068
31.6,58.0,0.8,5.5,C1,4.0,0.0,1,Z-FJA,-1.93653
34.1,89.0,5.0,4.6,C1,3.0,0.0,1,Z-GXO,1.91506
45.8,89.0,-0.9,,C1,3.0,0.0,0,Z-KSV,0.3936
50.3,96.0,4.8,-5.1,C1,1.0,1.0,1,Z-OWE,1.46639
55.7,107.0,-2.5,-11.0,C3,3.0,0.0,0,Z-LUN,0.92366
53.9,81.0,2.2,-6.8,C1,3.0,,1,Z-UDI,0.61963
47.1,32.0,0.5,-3.0,C1,1.0,0.0,0,Z-CGE,-0.82732
58.3,96.0,-1.9,-9.8,C1,3.0,1.0,1,Z-RUU,-0.83781
,154.0,4.9,8.0,C1,,0.0,0,Z-CHH,0.81996
51.6,141.0,,-1.4,C2,1.0,0.0,1,Z-RMK,0.57949
57.9,139.0,-0.9,0.2,C1,2.0,1.0,1,Z-XPI,2.09592
52.3,91.0,-3.1,-6.4,C1,2.0,1.0,1,Z-CIY,-3.22698
45.7,72.0,4.5,5.8,C4,,1.0,0,Z-ZEL,-0.60505
55.7,294.0,-3.8,-13.3,C2,4.0,0.0,1,,-2.612
51.0,73.0,-0.8,-2.5,C1,4.0,0.0,1,Z-EAY,2.00095
50.2,101.0,-4.4,-3.3,C2,3.0,,1,Z-FTL,-0.70172
61.9,166.0,-0.1,0.8,C1,5.0,0.0,0,Z-JPU,-1.47983
30.5,71.0,2.3,-0.9,,2.0,1.0,0,Z-ZGH,0.66105
38.8,73.0,1.0,-8.0,C1,4.0,1.0,0,Z-RSC,0.74591
40.7,116.0,3.3,5.6,C1,4.0,0.0,1,Z-DBB,-1.27703
47.3,97.0,4.5,0.7,,1.0,1.0,1,Z-DCS,-0.71835
48.1,102.0,,3.8,C1,1.0,1.0,1,Z-WWR,-0.2174
38.1,121.0,5.5,12.6,C2,5.0,1.0,0,Z-BOL,1.5295
42.3,,-0.1,-1.3,C1,2.0,0.0,0,Z-DMF,-0.78671
43.3,98.0,,-0.6,C1,4.0,0.0,1,Z-XMG,-0.06442
69.8,113.0,5.9,1.1,C4,1.0,0.0,0,Z-JVT,0.98715
64.6,119.0,4.4,5.0,C3,4.0,1.0,0,Z-HNB,0.11374
46.9,98.0,-2.1,-6.9,C3,2.0,0.0,0,Z-ABR,-0.39593
47.2,77.0,2.5,2.8,C2,3.0,1.0,1,Z-YYQ,0.0836
41.0,91.0,4.0,6.6,C2,1.0,1.0,1,Z-HUW,
34.9,85.0,-1.3,-3.1,C3,1.0,1.0,0,Z-NBZ,-0.01577
49.2,104.0,3.1,,C2,4.0,0.0,0,Z-WFA,1.00569
42.2,90.0,-4.7,-6.0,C4,3.0,1.0,0,Z-PEA,-1.00771
49.5,96.0,3.6,-1.4,C3,4.0,0.0,0,Z-MRV,-0.31707
37.4,76.0,0.2,-8.5,C1,2.0,1.0,0,Z-OCX,-0.65636
44.1,92.0,-0.3,-0.7,C1,2.0,0.0,1,Z-KSS,1.02073
51.3,77.0,-1.7,-1.8,C1,5.0,0.0,1,Z-NQW,-1.13403
53.1,140.0,3.5,5.6,C2,3.0,1.0,0,Z-SYC,-1.69985
53.5,104.0,5.4,6.9,C4,4.0,0.0,0,Z-GWI,0.4341
39.6,72.0,4.4,11.0,C2,2.0,1.0,1,Z-NOT,
57.0,123.0,3.6,-0.9,C2,3.0,0.0,0,,2.13221
43.8,87.0,3.8,3.3,C2,4.0,0.0,1,Z-XCF,-1.6561
55.2,142.0,3.2,-1.7,C3,2.0,0.0,0,Z-LAS,-1.30011
50.1,124.0,,7.2,C2,2.0,0.0,0,Z-CMA,1.28766
39.1,,2.9,-3.0,C2,1.0,1.0,0,Z-WNS,0.63489
47.6,164.0,4.0,5.8,C3,5.0,0.0,0,Z-ZYY,-0.47995
53.1,112.0,-1.9,-6.4,C3,5.0,1.0,1,Z-HCQ,0.27081
-24.2,78.0,6.6,7.5,C3,1.0,1.0,1,Z-CAU,1.12521
49.0,316.0,-0.9,2.7,C3,4.0,1.0,0,Z-FCV,0.60022
,,-1.0,-9.1,,3.0,1.0,0,Z-HVI,-1.81684
58.2,19.0,4.8,-3.1,C5,5.0,0.0,1,Z-WHW,-0.03235
48.1,116.0,1.5,,C3,3.0,0.0,0,Z-DQQ,0.1861
56.2,122.0,-0.8,-1.7,C2,2.0,1.0,1,Z-NWG,1.12695
65.6,137.0,0.2,-2.7,C4,5.0,1.0,0,Z-ADL,1.24268
65.9,164.0,3.4,-0.7,C4,5.0,1.0,0,Z-FSN,0.12751
40.3,83.0,-0.9,-6.1,C2,3.0,0.0,0,Z-AXE,0.54713
42.7,78.0,0.1,-0.1,C4,3.0,1.0,1,Z-UZX,-0.38086
62.0,142.0,4.7,-1.5,C5,4.0,0.0,0,Z-AIJ,
41.7,224.0,4.6,4.0,C1,1.0,0.0,1,Z-HMC,0.23216
39.6,76.0,3.4,-1.0,C2,4.0,0.0,0,Z-YVP,-1.44558
46.3,101.0,4.5,0.5,C2,5.0,0.0,1,Z-SEO,-2.09567
53.5,115.0,2.5,5.7,C3,2.0,0.0,0,Z-RDJ,-1.39214
49.3,90.0,-2.7,0.0,C5,1.0,,1,Z-RJU,0.58469
45.0,78.0,5.0,,C1,1.0,1.0,0,Z-PJQ,0.07931
44.8,61.0,3.3,-2.4,C3,5.0,1.0,0,Z-HCX,-0.11301
44.5,70.0,2.4,3.8,C3,4.0,0.0,0,Z-RHL,1.54568
43.1,138.0,0.8,-7.0,C3,2.0,1.0,0,Z-QKR,0.36095
68.4,124.0,-4.8,0.3,C2,5.0,1.0,0,Z-NUA,-0.33708
52.5,110.0,-2.7,-3.4,C2,5.0,1.0,1,Z-MPN,1.21397
,72.0,0.0,-4.0,C1,5.0,1.0,1,Z-YHA,-0.02123
,163.0,-1.9,-3.3,C1,3.0,1.0,1,Z-ARM,-1.65327
48.7,75.0,3.8,7.5,C1,4.0,0.0,1,Z-VTR,-0.64785
44.4,159.0,0.6,-10.1,C1,1.0,0.0,0,Z-ZZG,-0.57436
28.9,63.0,2.5,4.9,C3,2.0,0.0,0,Z-SOO,0.25508
39.1,58.0,4.2,7.1,C4,3.0,0.0,1,Z-GJI,-0.13601
35.7,86.0,,0.7,C1,1.0,0.0,1,Z-RIE,0.4987
32.2,29.0,6.4,3.7,C3,1.0,0.0,0,Z-JCR,-0.01075
40.6,115.0,-1.1,-2.0,C1,1.0,0.0,1,Z-QLX,-0.29098
60.8,144.0,0.8,2.2,C2,3.0,,0,Z-WWW,-0.35741
,97.0,5.5,0.1,C1,3.0,0.0,1,Z-EZV,-0.19745
60.5,73.0,2.1,0.1,C1,5.0,1.0,1,Z-REY,-0.42638
53.4,84.0,-0.3,-2.3,C4,3.0,0.0,1,Z-TLH,-1.48128
56.4,113.0,2.0,3.1,C2,3.0,0.0,1,Z-EIY,-0.84524
42.9,56.0,6.1,15.1,,4.0,0.0,1,Z-SBZ,0.52714
54.4,79.0,0.3,-4.4,C1,4.0,1.0,1,Z-QDG,-1.15688
56.0,139.0,-1.4,-2.5,C4,2.0,0.0,1,Z-JCF,1.34062
45.5,97.0,-2.3,-6.9,C2,4.0,0.0,0,Z-ASG,0.35218
54.6,111.0,6.2,,C5,5.0,0.0,1,Z-KLF,-0.19596
54.7,122.0,1.2,-5.1,C2,4.0,1.0,1,Z-TWC,-1.61123
45.8,89.0,4.4,-4.3,C2,2.0,0.0,0,Z-SAX,-0.20863
41.2,84.0,1.5,4.8,,4.0,1.0,1,Z-PFX,-0.35382
40.7,97.0,0.6,0.4,C3,4.0,0.0,0,Z-UTH,0.51379
50.9,123.0,,-3.0,C4,2.0,0.0,1,Z-RPO,1.17457
52.8,118.0,3.8,-2.0,C1,4.0,1.0,1,,1.01142
,129.0,5.4,2.8,C2,1.0,0.0,0,Z-OAI,0.71453
50.4,101.0,-1.3,-7.6,C1,2.0,1.0,1,Z-FQK,0.90434
54.7,72.0,-1.0,-2.6,C4,,1.0,1,Z-JRQ,1.77395
55.1,138.0,1.0,0.7,C3,1.0,1.0,0,Z-RGH,0.70668
62.6,115.0,-0.1,-4.0,C1,1.0,1.0,0,Z-RDV,0.62726
-18.9,97.0,-2.7,,C2,5.0,0.0,1,Z-TOT,-0.56346
,106.0,-0.1,-3.8,C2,2.0,0.0,0,Z-LIS,0.10333
63.6,133.0,-1.1,0.9,,1.0,0.0,0,,
45.9,59.0,4.2,2.9,C2,4.0,1.0,1,Z-TOE,-1.69696
58.5,133.0,7.5,-1.8,C1,3.0,1.0,0,Z-MLB,1.94875
50.7,152.0,6.0,6.7,C3,3.0,,0,Z-ALO,-0.14348
46.9,104.0,5.5,5.5,C1,5.0,0.0,1,Z-MAJ,0.68173
35.7,69.0,4.8,3.4,C3,4.0,1.0,1,Z-GUA,-2.22592
48.8,53.0,-2.0,3.6,C2,4.0,1.0,0,Z-KWB,0.12369
37.7,135.0,5.5,3.3,C3,3.0,0.0,1,Z-EAH,-1.14104
57.9,100.0,,-2.7,C2,3.0,0.0,1,Z-IOR,-0.10809
62.3,288.0,4.9,4.7,C1,4.0,,1,Z-NFO,-1.15419
43.8,93.0,4.2,5.8,C4,2.0,0.0,0,Z-LZY,-1.10142
52.6,132.0,3.7,0.7,C4,1.0,0.0,0,Z-QFQ,
44.4,124.0,-3.8,-7.7,C2,3.0,1.0,1,Z-UCW,1.25455
45.1,74.0,2.2,4.5,C3,2.0,0.0,0,Z-FKF,-0.75621
56.4,108.0,-1.3,1.1,C2,2.0,1.0,1,Z-UVQ,-1.1383
49.9,100.0,1.3,4.9,C2,4.0,0.0,1,Z-YWR,-1.56646
64.1,150.0,,-1.8,C1,4.0,1.0,0,Z-HVI,-0.17214
46.3,110.0,-0.3,-8.9,C2,2.0,0.0,0,Z-JZJ,1.5743
,121.0,3.6,,C1,3.0,0.0,0,Z-MPE,-0.11346
50.9,126.0,-1.1,-2.4,C3,2.0,0.0,0,Z-AZB,-0.93153
56.5,74.0,-0.1,3.5,C4,3.0,1.0,1,Z-SYR,-0.15328
46.6,106.0,6.1,8.2,C1,1.0,1.0,0,Z-SEZ,-0.72606
49.8,106.0,5.9,6.1,C3,5.0,1.0,0,Z-NWR,-0.26718
49.2,97.0,2.3,-8.4,C1,1.0,0.0,0,Z-CFO,-0.79024
43.5,82.0,4.2,-1.4,,4.0,0.0,1,Z-FXT,1.40769
55.5,113.0,3.8,0.1,C1,2.0,1.0,1,Z-AHP,2.17998
55.4,94.0,1.6,-1.7,C2,4.0,0.0,1,Z-BZX,-0.39543
54.9,182.0,2.4,1.2,C4,2.0,0.0,0,Z-HPE,-0.9683
62.5,158.0,3.3,7.5,C1,4.0,0.0,0,Z-JMQ,0.20521
61.8,,-1.2,0.6,C5,5.0,1.0,1,Z-MVT,0.10121
47.2,81.0,4.2,-1.8,C2,5.0,,1,Z-AIK,0.98364
53.1,80.0,-1.2,-6.2,C1,5.0,1.0,1,Z-GNB,-0.55854
45.2,86.0,5.1,-1.0,C2,3.0,0.0,1,,-0.19235
50.3,104.0,0.2,-2.0,C3,3.0,1.0,0,Z-IAE,-0.00638
45.4,53.0,0.1,1.9,C2,,0.0,1,Z-UYX,-0.17078
63.1,,5.2,7.1,,5.0,0.0,0,Z-DRV,0.39588
53.1,134.0,4.2,0.5,C1,3.0,0.0,1,Z-UGL,0.48394
,37.0,-6.0,-7.0,C3,2.0,1.0,0,Z-JQT,0.43576
59.7,92.0,2.0,7.2,C2,1.0,1.0,0,Z-MGX,
32.8,104.0,-1.8,-9.5,C5,2.0,0.0,1,Z-UJL,0.54251
34.0,83.0,1.8,2.6,,3.0,0.0,1,Z-QGW,0.19433
56.5,,0.3,0.9,C1,4.0,1.0,1,Z-INE,-1.92639
50.6,121.0,0.2,-2.7,C4,2.0,1.0,1,Z-TMG,0.06288
52.2,88.0,2.4,0.4,C1,2.0,0.0,1,Z-PGM,-0.69655
39.5,76.0,1.6,1.6,C1,1.0,1.0,1,Z-IET,-0.13493
50.0,69.0,-2.4,-5.0,,1.0,0.0,0,Z-FHH,-1.17879
66.2,128.0,5.6,0.6,C1,4.0,0.0,0,Z-QLO,0.78545
56.8,139.0,-1.2,-5.7,C2,2.0,0.0,1,Z-DPJ,0.66389
51.5,90.0,6.7,12.1,C2,5.0,1.0,0,Z-DPA,1.00673
46.6,112.0,2.2,-1.6,C3,1.0,0.0,0,Z-IJE,0.50079
47.0,94.0,-0.3,-1.1,C2,4.0,0.0,1,Z-TIM,0.52027
33.1,101.0,2.4,3.8,C3,1.0,1.0,0,Z-AIX,0.56968
52.2,91.0,6.2,2.9,C5,3.0,0.0,1,Z-LVD,1.24272
56.9,154.0,5.0,2.9,C3,4.0,1.0,0,Z-MDV,0.03559
37.5,98.0,4.5,4.5,C1,2.0,1.0,1,Z-BEZ,0.87534
44.9,,-6.1,-10.5,C3,3.0,1.0,0,Z-SWZ,-1.18336
,92.0,2.6,-5.8,C4,4.0,0.0,0,Z-LIZ,0.79289
42.4,75.0,2.8,-2.2,C2,2.0,1.0,0,Z-KNJ,-0.16695
50.6,,2.1,7.5,C3,3.0,0.0,0,Z-OQQ,1.62944
112.8,79.0,-2.9,-6.6,C2,3.0,0.0,0,Z-FWL,0.51971
55.1,76.0,-4.1,-4.6,C1,4.0,1.0,1,Z-RBE,
56.2,94.0,3.0,-4.6,C3,2.0,,0,Z-IPR,0.44862
48.1,72.0,3.8,7.4,C2,3.0,1.0,0,Z-QID,-0.42426
30.3,82.0,4.7,1.2,C1,5.0,0.0,1,Z-VBX,1.15921
42.2,103.0,4.2,0.2,C2,4.0,1.0,1,Z-GRE,
,151.0,0.9,-1.3,C2,1.0,1.0,0,Z-GAD,-0.11334
27.9,54.0,1.6,10.4,C3,2.0,1.0,0,Z-CQJ,0.00931
47.4,74.0,3.2,3.0,C4,2.0,0.0,1,Z-IED,-1.11958
40.7,45.0,-2.7,-4.6,C3,3.0,1.0,0,Z-CSP,0.11331
,119.0,4.9,-9.5,C5,2.0,1.0,1,Z-RJB,-0.22851
44.8,129.0,5.1,8.6,C1,3.0,0.0,0,Z-OTN,0.08773
53.4,104.0,-4.2,-8.2,,5.0,1.0,1,Z-GEB,1.10645
54.7,109.0,2.2,-3.3,,4.0,0.0,0,Z-ZWU,-1.18705
64.9,125.0,5.3,-0.2,C3,1.0,0.0,0,Z-YJF,-0.08366
48.5,105.0,1.5,5.9,C4,3.0,0.0,0,Z-BMB,1.51622
53.2,,4.2,1.9,C3,4.0,0.0,0,Z-EXH,-0.16085
38.3,132.0,4.0,-4.6,C1,2.0,0.0,1,Z-MOI,-0.36193
59.7,130.0,0.4,-2.1,C3,1.0,1.0,0,Z-AAL,0.21527
44.1,105.0,,-1.5,C1,5.0,0.0,1,Z-GSP,1.21661
45.7,86.0,0.3,0.2,C2,4.0,0.0,1,Z-LBR,0.08947
50.0,97.0,-0.8,,C3,5.0,1.0,0,Z-JWO,1.17363
37.6,76.0,3.9,-4.8,C3,4.0,0.0,0,Z-OST,-1.01036
52.0,94.0,3.2,0.8,C2,4.0,1.0,1,Z-MHX,1.37085
,117.0,7.8,5.0,C3,4.0,1.0,0,Z-OTX,-0.29606
52.5,121.0,3.5,-3.9,C5,3.0,0.0,1,Z-KJW,0.64881
37.4,81.0,4.5,-6.0,C1,2.0,1.0,0,Z-IGU,1.06197
49.2,91.0,-1.6,,C1,1.0,0.0,1,Z-PHW,-0.6418
56.1,114.0,-1.4,-4.0,C1,3.0,1.0,1,Z-UBI,1.99422
35.1,49.0,-2.4,-4.7,C2,,0.0,0,Z-IET,0.24917
41.6,108.0,1.1,2.6,C1,4.0,,1,Z-VIZ,-0.39776
,101.0,-3.4,,C2,3.0,0.0,1,Z-ZGY,1.68387
52.3,73.0,1.2,-0.3,C1,5.0,1.0,1,Z-MSI,0.77509
53.5,118.0,0.7,1.8,C1,2.0,0.0,0,Z-WHJ,2.26631
65.0,139.0,5.8,2.7,C1,3.0,1.0,0,Z-VHD,0.07403
53.9,84.0,5.2,-3.0,C5,2.0,0.0,1,Z-WLZ,-1.26206
55.4,126.0,6.1,0.9,C1,2.0,1.0,1,Z-UNX,0.41673
71.9,154.0,-0.5,-4.0,C1,3.0,0.0,0,Z-YCV,-1.77044
48.4,151.0,6.2,-2.9,C1,1.0,0.0,0,Z-ELX,0.86074
43.8,83.0,4.3,3.8,C5,4.0,0.0,1,Z-TFX,0.09876
53.6,105.0,0.6,-1.1,C2,1.0,1.0,0,Z-DXL,
53.7,90.0,1.2,-3.3,C4,5.0,0.0,1,Z-MZZ,-0.13108
45.9,107.0,-4.0,-0.9,C1,2.0,0.0,1,Z-DQE,-0.92442
41.9,86.0,5.6,1.1,C1,3.0,1.0,1,Z-WDM,-1.85759
68.6,347.0,3.8,8.0,C2,5.0,1.0,0,Z-CII,-0.92591
52.8,93.0,0.5,-2.3,C3,4.0,1.0,0,Z-HDX,-0.85727
44.3,103.0,2.4,-3.6,C4,2.0,0.0,0,Z-UKY,0.10045
57.5,106.0,-1.1,-6.5,C1,2.0,1.0,1,Z-BOC,-0.971
49.3,49.0,-2.1,-3.0,C5,1.0,0.0,1,Z-JDC,1.24751
48.1,114.0,6.6,-0.4,C2,3.0,1.0,1,Z-TXD,2.21051
54.7,61.0,3.8,2.3,C2,4.0,0.0,1,Z-DUS,0.56806
39.8,79.0,3.1,-0.6,,5.0,1.0,1,Z-ZHQ,-0.85838
53.0,,2.9,,C2,2.0,0.0,1,Z-OEA,-0.0255
65.5,126.0,1.4,-0.6,C3,1.0,0.0,0,Z-ELD,-0.00104
53.9,108.0,-0.1,2.5,C2,2.0,0.0,1,Z-HCQ,-0.89137
47.1,96.0,3.0,-1.2,C1,5.0,0.0,1,Z-MWR,-0.29117
46.1,103.0,-0.1,-0.9,C1,5.0,1.0,1,Z-BIV,1.28664
46.9,92.0,5.0,4.6,C5,2.0,0.0,1,Z-MVZ,-0.8171
48.1,167.0,2.6,-4.5,,3.0,0.0,0,Z-KRP,0.90036
47.1,86.0,-2.0,-1.1,C5,4.0,0.0,1,Z-JPZ,-0.24474
57.5,80.0,-0.6,1.3,C3,3.0,0.0,1,Z-VNA,-1.0073
36.3,39.0,0.3,2.8,C3,5.0,0.0,0,Z-WQC,-0.2966
57.1,130.0,-3.4,-9.3,C1,4.0,1.0,1,Z-SAB,0.87765
47.1,52.0,4.0,-2.5,C3,4.0,0.0,0,Z-WDB,-0.10125
53.2,73.0,-0.2,-2.0,C2,3.0,0.0,1,Z-ZPM,-0.60545
41.1,49.0,8.2,5.1,C2,2.0,0.0,1,Z-RJE,-0.2392
60.8,131.0,-0.6,-2.1,C3,2.0,1.0,0,Z-MTT,-1.03197
60.1,153.0,-0.1,-3.2,C1,5.0,,1,Z-QCQ,0.18652
,88.0,3.9,,C2,2.0,1.0,1,Z-ZTD,0.91863
38.0,91.0,-2.4,-14.5,C3,2.0,1.0,0,Z-SIN,1.01942
56.8,40.0,-0.7,0.5,C4,4.0,0.0,1,Z-JFJ,1.81497
53.4,86.0,5.7,9.6,C2,1.0,1.0,1,Z-XFK,0.65173
,95.0,-0.1,-4.1,C2,4.0,0.0,0,Z-MBY,-2.25047
50.0,92.0,-2.3,-2.8,C2,3.0,1.0,1,,0.37782
53.1,132.0,-1.1,4.6,C1,1.0,0.0,0,Z-TJA,
54.6,48.0,2.4,0.6,C1,2.0,1.0,1,Z-LUV,-0.43649
51.6,83.0,4.9,4.0,C4,2.0,1.0,1,Z-LFZ,-0.74611
52.5,117.0,-0.9,,C1,2.0,0.0,0,Z-DVP,0.48431
62.0,132.0,2.8,9.5,C2,2.0,1.0,0,Z-EYE,-0.06834
60.0,131.0,7.9,0.8,C2,5.0,1.0,0,Z-WPZ,-0.49248
27.2,67.0,-0.6,-3.9,C5,5.0,1.0,0,Z-SRE,0.05586
47.6,65.0,-0.0,2.1,C3,2.0,,0,Z-JEG,
48.8,77.0,0.5,1.0,C3,3.0,0.0,0,Z-XHW,-1.00571
36.1,139.0,0.2,1.5,C3,3.0,1.0,1,Z-XMW,0.58956
50.9,68.0,-1.3,-13.9,C1,2.0,0.0,0,Z-JVZ,1.81029
60.2,79.0,7.6,-3.3,C2,5.0,1.0,1,Z-JZD,-0.61732
41.5,104.0,3.5,9.0,C1,1.0,0.0,0,Z-KPT,1.2636
52.9,76.0,,0.2,C2,5.0,1.0,1,Z-ZXG,-0.25812
,317.0,4.7,4.0,C1,,0.0,0,Z-IBA,1.15938
44.8,,5.8,-1.8,C4,3.0,0.0,0,Z-YAJ,-1.24033
62.0,114.0,-1.3,-4.5,C1,5.0,1.0,1,Z-RFE,0.21943
45.8,101.0,1.3,1.9,C1,3.0,,1,Z-XIX,1.14025
53.9,57.0,4.1,-3.9,C2,4.0,0.0,1,Z-MGZ,
35.2,103.0,2.3,-2.5,C1,,1.0,1,,-0.0267
65.1,65.0,5.3,4.6,C1,,0.0,1,Z-FXO,-0.98628
55.0,279.0,4.4,4.7,C5,2.0,0.0,1,,-0.34901
48.7,101.0,2.9,-1.3,C1,3.0,1.0,1,Z-XQU,0.31746
54.8,123.0,-2.1,0.7,C3,2.0,0.0,1,Z-ZKF,
38.9,41.0,-0.4,2.0,C3,3.0,0.0,0,Z-AEV,-0.69584
,102.0,0.4,-8.9,C1,3.0,0.0,1,Z-SWD,0.13304
47.6,51.0,4.1,8.9,C1,1.0,0.0,1,Z-VWO,-0.7937
48.5,89.0,4.8,7.5,C2,4.0,0.0,1,Z-MKM,-0.41481
46.2,72.0,6.1,4.6,C4,2.0,1.0,1,Z-WKG,-0.79851
45.5,75.0,2.0,-0.4,C3,3.0,0.0,0,Z-IFU,0.17479
55.7,127.0,3.8,5.0,,5.0,1.0,0,Z-CZI,-0.85596
52.2,111.0,7.2,7.0,C1,2.0,0.0,0,Z-KGV,-0.99286
55.4,124.0,-1.5,-4.1,C3,3.0,1.0,0,Z-AOW,-1.02167
50.1,97.0,0.2,5.4,C2,5.0,0.0,1,Z-WEU,-1.23885
54.3,127.0,4.6,-6.5,C1,3.0,1.0,1,Z-QAZ,0.34686
46.8,94.0,5.8,0.7,C3,5.0,1.0,0,Z-WZD,0.90576
68.0,117.0,-1.1,-0.6,C5,1.0,0.0,1,Z-PKF,-0.20661
37.6,95.0,4.6,2.2,C4,2.0,1.0,1,Z-CLT,-1.26636
60.3,106.0,0.4,1.7,C3,4.0,0.0,0,Z-ERR,-1.64665
,110.0,1.0,-6.6,C5,,0.0,1,Z-VJE,-0.51995
43.3,118.0,4.5,1.3,C2,2.0,1.0,1,Z-LLU,-0.47673
68.0,157.0,-2.1,1.4,,2.0,0.0,0,Z-KDF,-0.0455
58.1,,4.4,-4.1,C2,4.0,0.0,1,Z-CRE,-0.13641
57.9,137.0,3.9,0.8,C3,4.0,0.0,0,Z-FCF,0.48526
50.4,66.0,3.0,-1.3,C4,3.0,1.0,0,Z-KCO,-0.8708
48.4,90.0,,1.2,C5,5.0,,1,Z-OSS,
48.5,77.0,3.4,3.1,C2,3.0,0.0,1,Z-NAR,-1.08284
53.3,106.0,-2.1,,C2,4.0,0.0,1,Z-MPY,-0.38324
61.4,139.0,4.7,1.3,C1,1.0,0.0,0,Z-XCK,-0.23428
51.6,118.0,1.0,-0.4,C3,5.0,1.0,0,Z-IAS,-0.8449
42.9,99.0,2.9,0.3,C3,,,0,Z-JQJ,-2.19651
,115.0,3.9,1.6,C3,5.0,0.0,0,Z-VLW,1.01546
57.5,109.0,-1.0,3.7,C1,5.0,1.0,1,Z-EFI,3.39021
55.4,142.0,-2.8,-9.1,C2,4.0,0.0,1,Z-EVH,1.07636
56.1,69.0,1.1,0.8,C1,,0.0,1,Z-YVT,-1.85329
48.0,79.0,0.7,-5.0,C2,5.0,1.0,0,Z-GHU,-0.02336
42.7,99.0,3.4,9.7,C1,2.0,1.0,0,,-0.29447
-36.1,130.0,3.7,2.0,C4,5.0,0.0,1,Z-JZT,
37.1,69.0,3.1,-4.2,C4,3.0,1.0,0,Z-DDP,0.08993
52.1,97.0,1.5,-1.3,C3,2.0,0.0,0,Z-OHK,-0.23954
49.5,64.0,5.5,-3.0,C1,2.0,1.0,1,Z-BBC,-0.83205
46.6,80.0,-1.6,-5.7,C2,2.0,0.0,0,Z-GFJ,0.37618
26.5,80.0,5.8,6.1,C1,4.0,0.0,1,,-0.39813
40.2,126.0,-5.6,-0.7,C1,4.0,0.0,1,Z-HPJ,0.24224
59.1,108.0,4.0,6.4,C2,3.0,0.0,0,Z-GSJ,0.35351
44.8,70.0,-2.8,-4.5,C1,3.0,0.0,0,Z-AFF,-0.00073
53.0,107.0,,1.0,C4,2.0,0.0,1,Z-JXX,-0.08405
39.0,38.0,-1.3,0.7,C5,2.0,1.0,0,Z-YRU,-0.37111
61.7,153.0,6.2,13.3,C5,4.0,0.0,0,Z-HJL,-0.10697
49.0,,5.0,0.2,C1,3.0,1.0,1,Z-JVW,-1.39804
52.5,113.0,0.2,5.0,C2,1.0,1.0,0,Z-XAP,-2.21247
68.8,140.0,-0.8,-7.0,C1,4.0,0.0,0,Z-XDI,-0.26387
62.3,138.0,,5.8,C3,5.0,0.0,0,Z-VTP,
47.7,103.0,2.9,,C2,4.0,,1,Z-ZUT,-0.48905
45.4,92.0,4.8,,C2,1.0,0.0,0,Z-RPX,-0.83823
47.6,108.0,6.9,3.2,C1,4.0,1.0,1,Z-IRK,-0.0025
54.2,130.0,5.0,-0.6,C1,1.0,0.0,1,Z-CYR,-1.09346
49.3,147.0,-0.2,0.0,C1,1.0,0.0,1,Z-UKR,-1.07305
47.0,,-2.8,1.1,C1,2.0,0.0,1,Z-UHO,-0.49082
61.9,71.0,4.3,-6.8,C1,3.0,0.0,1,Z-LMK,0.02885
49.2,57.0,7.2,4.0,C4,4.0,0.0,1,Z-KAP,-0.09078
68.6,83.0,1.8,-4.7,C1,4.0,1.0,1,,1.20769
50.9,69.0,4.8,6.4,,2.0,0.0,1,Z-WBP,-0.38979
,89.0,3.5,,,3.0,0.0,0,Z-PGM,-1.54404
53.0,94.0,2.9,0.1,C4,2.0,0.0,1,Z-BXS,-1.09865
,136.0,0.1,-4.5,C2,,0.0,1,Z-SHL,-0.71901
44.4,108.0,,-5.1,C4,2.0,1.0,0,Z-DJY,-0.28727
43.3,72.0,,9.5,C1,2.0,1.0,0,Z-KJR,-1.29738
53.8,92.0,5.8,9.1,C3,5.0,0.0,0,,0.45911
,168.0,4.4,-6.1,C4,2.0,0.0,0,Z-OJS,0.43714
50.5,117.0,5.7,6.2,C2,2.0,1.0,0,Z-VAM,-0.87143
39.9,88.0,-4.4,-10.1,,5.0,0.0,0,Z-QTV,1.09049
39.3,85.0,5.1,0.7,C2,1.0,0.0,1,Z-YQT,-0.20272
38.7,73.0,0.7,-6.3,C3,1.0,0.0,0,,-1.012
36.0,131.0,8.9,-2.3,C4,3.0,1.0,1,Z-TJW,-0.60209
51.0,97.0,-0.3,-2.0,C2,2.0,1.0,1,Z-GQC,-0.76456
59.2,120.0,0.3,,C1,5.0,0.0,0,Z-ITV,0.94546
50.1,56.0,4.0,-2.0,C3,4.0,0.0,0,Z-PZL,-0.67558
32.1,53.0,2.8,4.6,C1,3.0,1.0,1,,1.16168
48.6,83.0,-1.4,1.6,C1,1.0,0.0,1,Z-PZT,0.3375
48.9,111.0,3.3,4.4,C1,2.0,,1,Z-ZGP,-0.09493
66.9,108.0,5.9,,C2,5.0,0.0,0,Z-NRY,0.44676
38.5,82.0,0.7,3.0,C2,2.0,0.0,1,Z-EPD,-0.26216
47.0,244.0,0.5,6.5,C3,1.0,0.0,0,Z-RDX,-0.46505
63.8,94.0,2.2,-4.5,C1,2.0,0.0,1,Z-VKB,-1.31009
53.8,281.0,3.4,4.5,C2,4.0,1.0,1,Z-JEL,0.90425
,103.0,2.3,6.8,C3,5.0,0.0,0,Z-MRD,2.42951
51.1,105.0,0.4,-4.6,C2,2.0,1.0,0,Z-IIQ,-1.04272
52.8,100.0,5.2,-11.8,C3,2.0,1.0,0,Z-IGT,-0.00905
56.4,88.0,4.7,-2.8,C4,4.0,1.0,1,Z-ACW,1.78613
43.7,86.0,3.4,-1.7,C1,2.0,0.0,0,Z-KHB,1.92436
57.2,104.0,-2.0,-1.0,C4,2.0,1.0,1,Z-ARB,1.61051
39.2,54.0,4.0,-0.5,C4,2.0,0.0,0,Z-CEF,-0.07363
52.8,107.0,5.9,3.6,C2,2.0,0.0,0,Z-EUA,1.36618
51.6,152.0,-2.2,,C4,1.0,0.0,1,,0.08235
45.2,88.0,-4.7,-6.3,C2,4.0,1.0,0,Z-PRN,-1.00658
50.0,,0.6,,C4,2.0,0.0,1,Z-WKK,0.33154
,132.0,0.8,-3.6,C3,2.0,0.0,0,Z-EVC,0.45368
41.6,120.0,4.9,6.1,C5,3.0,0.0,1,Z-LPA,1.50363
47.3,,7.3,10.7,C1,,0.0,0,Z-WQM,-0.55174
41.3,84.0,-1.3,-7.6,C3,3.0,0.0,0,Z-RPY,-0.86237
52.7,84.0,4.3,3.1,C1,2.0,1.0,1,Z-HSO,0.36487
41.0,,1.4,-6.5,C5,1.0,1.0,0,Z-IEW,0.61063
55.9,141.0,5.4,-4.3,C1,3.0,1.0,1,Z-VVB,1.7024
40.7,,-3.4,-0.2,,3.0,1.0,1,Z-MKA,0.38049
45.6,68.0,7.6,13.6,C4,2.0,0.0,0,Z-WPX,-0.48201
45.2,24.0,4.4,0.8,C2,3.0,0.0,0,Z-ULP,0.04745
60.8,118.0,4.7,10.3,C3,4.0,0.0,0,Z-VFF,2.91027
,80.0,5.2,0.2,C2,1.0,1.0,1,Z-QFY,-1.90348
48.5,78.0,-0.2,-2.8,C2,4.0,0.0,1,Z-HPI,-0.01551
54.2,101.0,6.5,11.2,C4,3.0,0.0,0,Z-KQC,1.72975
33.3,83.0,3.6,-2.4,,2.0,0.0,0,Z-SZN,0.17544
49.8,79.0,-0.7,1.7,C2,4.0,0.0,1,Z-LIM,-0.88073
66.1,131.0,4.6,1.0,C3,4.0,0.0,0,,-0.56625
-28.1,99.0,1.6,-3.2,C2,4.0,1.0,1,Z-ZCJ,0.8067
50.7,39.0,3.1,-1.1,C5,3.0,0.0,1,Z-QCA,-0.95281
54.5,122.0,,-7.4,C3,3.0,1.0,0,Z-ARZ,
,100.0,-2.9,1.2,C2,3.0,1.0,1,Z-QQL,0.05855
34.2,39.0,0.2,-0.5,C2,2.0,1.0,0,Z-KEB,
36.7,58.0,2.7,0.1,C1,1.0,0.0,0,Z-MWU,0.81498
51.8,109.0,6.3,0.9,C5,5.0,0.0,1,Z-DJB,0.83474
44.4,92.0,5.4,4.4,C1,1.0,0.0,1,Z-BUU,0.27485
60.7,135.0,-2.3,0.1,C1,3.0,1.0,0,Z-CUL,0.74958
47.6,108.0,3.7,0.5,C2,2.0,0.0,0,Z-CDF,-0.05014
34.7,43.0,4.9,6.8,C3,4.0,0.0,1,Z-BDM,-0.88325
40.0,4.0,5.3,4.2,C3,3.0,0.0,0,Z-CTE,-0.09157
28.1,67.0,2.2,-0.1,C1,2.0,0.0,0,Z-TOK,0.58122
48.3,114.0,4.9,6.6,C1,2.0,0.0,0,,0.96244
48.7,92.0,2.9,-1.2,C1,2.0,0.0,0,Z-LPP,1.86717
46.8,112.0,-1.4,-8.1,C3,3.0,0.0,0,Z-LSK,-0.33103
58.8,88.0,,2.2,,3.0,1.0,1,Z-OHH,-0.99282
,107.0,,-2.3,C4,4.0,1.0,1,,-0.99459
48.8,73.0,-0.0,-2.6,C2,2.0,0.0,0,Z-HCT,
33.1,90.0,-0.2,3.3,C2,4.0,1.0,1,Z-ELU,-1.98928
55.1,84.0,-0.9,-0.3,C2,2.0,0.0,1,Z-KKL,-1.39716
-24.7,163.0,2.9,0.5,C4,5.0,0.0,0,Z-DEI,0.24803
52.6,91.0,-0.3,-1.9,C3,1.0,1.0,0,Z-LGZ,0.29591
58.0,,,3.9,C1,4.0,0.0,0,Z-WRT,-1.52332
40.8,71.0,5.4,5.3,C1,2.0,1.0,1,Z-VJC,0.62199
66.2,164.0,-4.1,-5.0,C2,4.0,0.0,0,,0.07761
42.5,122.0,0.1,-2.2,C2,3.0,0.0,0,Z-CDQ,0.7452
56.2,102.0,-0.1,-7.4,C5,3.0,0.0,1,Z-ZWD,1.05973
36.7,85.0,2.3,,C1,5.0,1.0,1,,-0.13002
42.7,122.0,-0.7,-1.0,C4,3.0,,1,Z-ZEW,0.03401
62.3,129.0,4.6,3.2,C4,2.0,1.0,0,Z-EXQ,0.48635
48.1,72.0,-1.8,-9.5,C2,3.0,0.0,0,Z-NSD,-1.04668
56.9,114.0,-2.2,-5.9,,1.0,1.0,1,Z-MAO,
52.1,83.0,0.2,-5.4,C1,2.0,0.0,1,Z-HQP,-1.53064
49.3,103.0,-1.0,3.3,C3,2.0,0.0,0,Z-MOG,1.11223
61.1,98.0,-1.8,-2.1,C1,3.0,,1,Z-MSY,0.55761
48.3,107.0,3.4,3.2,C4,5.0,0.0,1,Z-RKK,-0.65875
35.9,28.0,-0.9,-2.6,C3,2.0,0.0,0,Z-QZR,0.01237
43.7,59.0,5.4,0.5,C3,4.0,1.0,0,Z-ZVN,-0.53878
54.6,86.0,5.9,1.7,C3,5.0,0.0,1,Z-MEI,0.37974
53.3,101.0,4.1,4.0,C1,3.0,1.0,1,Z-XTQ,1.26603
37.6,38.0,4.4,1.1,C3,4.0,1.0,0,Z-LTJ,-0.22408
44.4,67.0,2.1,2.4,C2,4.0,1.0,0,Z-GLX,0.29162
45.5,114.0,3.7,2.2,C1,2.0,0.0,1,Z-NJB,1.2349
47.2,120.0,-0.1,-0.4,C1,5.0,0.0,1,Z-KGO,
,14.0,3.4,2.9,C2,2.0,1.0,0,Z-NEY,0.95938
45.1,76.0,-0.9,-4.6,C2,1.0,0.0,0,Z-NYX,-0.72407
44.3,303.0,4.5,1.0,C1,4.0,0.0,1,Z-JTR,-0.21937
56.3,121.0,3.2,5.1,C2,2.0,1.0,0,Z-UVP,0.8324
56.6,122.0,4.8,10.3,C5,1.0,1.0,0,Z-QNT,1.23598
49.0,114.0,0.1,2.4,C2,2.0,0.0,0,,-1.18833
47.0,,4.1,-9.8,C1,,0.0,0,Z-NKW,-0.06542
51.3,108.0,3.2,-2.0,C2,2.0,0.0,1,Z-ECD,1.34938
43.6,102.0,1.5,0.2,C2,1.0,0.0,1,Z-VKE,0.40464
41.0,248.0,-2.0,-8.0,C4,2.0,0.0,0,Z-BKR,-0.75937
42.6,77.0,-4.1,-10.1,C2,3.0,1.0,0,Z-EBC,0.4023
45.1,91.0,-2.0,-5.1,C1,1.0,1.0,0,Z-IMZ,-0.48855
40.8,54.0,2.6,2.2,C1,4.0,0.0,1,,1.3282
51.5,,0.1,1.1,C1,4.0,0.0,1,Z-PHF,-0.7666
56.0,72.0,4.3,0.6,C3,4.0,1.0,1,Z-USP,
37.5,57.0,5.0,0.9,C1,2.0,1.0,1,Z-EFV,0.14609
50.4,119.0,3.3,-2.3,C3,3.0,0.0,0,Z-LID,0.00606
48.4,105.0,6.0,5.8,C2,1.0,1.0,0,Z-LIP,0.00363
52.9,92.0,4.2,3.9,C3,5.0,1.0,1,Z-ZNP,-0.85058
50.1,54.0,3.8,5.6,C1,1.0,0.0,1,Z-JEC,0.74896
38.5,80.0,1.4,,C1,2.0,1.0,1,Z-YAD,-0.14689
40.1,253.0,4.0,-3.7,C2,1.0,1.0,0,Z-YYG,-1.07431
50.4,114.0,5.0,1.3,C2,5.0,1.0,1,Z-ETZ,3.07202
58.4,100.0,-5.0,-2.3,C2,1.0,0.0,1,Z-SXM,0.55873
32.4,23.0,4.3,,C3,1.0,1.0,0,Z-SDO,-0.48953
52.9,68.0,3.4,1.0,C4,1.0,0.0,1,,0.89676
59.7,105.0,5.4,4.3,C2,5.0,0.0,0,Z-KRY,-0.89701
48.9,101.0,3.7,10.2,C1,,0.0,0,Z-NOC,1.22007
54.6,76.0,5.0,0.2,C1,5.0,0.0,1,Z-XDB,1.43672
44.5,70.0,-1.6,,C4,5.0,1.0,0,Z-MZJ,0.77362
49.2,120.0,-0.5,5.1,,4.0,0.0,0,,1.0155
37.2,108.0,-1.9,-5.8,C1,2.0,1.0,1,,1.17071
31.4,76.0,4.9,7.3,C5,5.0,1.0,1,Z-GWZ,2.13123
57.7,105.0,,-1.2,C1,3.0,0.0,1,Z-KTG,3.59959
42.3,70.0,2.0,-0.8,C3,3.0,1.0,0,Z-MCG,-2.22253
46.5,109.0,4.1,3.9,C1,3.0,1.0,0,Z-OAZ,0.80295
39.1,73.0,3.9,1.1,C3,4.0,0.0,0,Z-RMR,0.06324
38.9,106.0,-1.9,6.3,C1,5.0,1.0,1,Z-ALE,1.90827
48.8,124.0,-1.4,-11.6,C4,5.0,1.0,1,Z-IZC,0.33788
44.3,102.0,-2.6,-5.1,C1,3.0,0.0,0,Z-EEK,0.66557
53.2,92.0,-2.0,-4.4,C1,1.0,0.0,1,Z-ZRF,-0.24106
53.8,95.0,0.7,-1.6,C3,5.0,0.0,1,Z-HCW,1.26156
52.7,60.0,-1.1,2.0,C2,1.0,0.0,1,Z-SOU,0.91275
52.1,102.0,-4.1,-7.1,C2,3.0,1.0,1,Z-GVK,0.26752
62.8,119.0,4.1,4.1,C2,2.0,0.0,0,Z-IFG,1.93384
41.6,49.0,0.2,-0.4,C2,2.0,0.0,0,Z-LTW,2.20056
49.7,163.0,-3.4,-1.0,C5,3.0,0.0,1,Z-RBO,0.68118
59.2,131.0,4.1,1.4,C3,4.0,1.0,0,Z-XJO,0.03779
60.3,95.0,3.0,2.4,C2,,0.0,1,Z-YBB,-0.49192
38.8,137.0,5.2,2.4,C1,5.0,0.0,1,Z-FDP,2.35958
47.7,83.0,6.3,-0.3,C2,,1.0,1,Z-LEI,-0.69082
61.0,141.0,-0.7,4.5,C5,2.0,,0,Z-BUV,0.56147
54.2,110.0,5.8,0.3,C1,3.0,1.0,1,Z-GCO,
51.7,91.0,2.5,-1.5,C1,2.0,1.0,1,Z-OJU,-0.6607
48.4,,4.0,-1.7,C1,3.0,0.0,1,Z-ZWH,-0.6921
,134.0,5.0,4.5,C3,5.0,1.0,0,Z-JUD,1.65498
52.5,128.0,-2.1,-5.5,C3,3.0,0.0,1,Z-DKR,-0.29041
48.1,94.0,-0.2,4.6,C3,1.0,1.0,0,Z-BPO,-1.61265
49.8,45.0,5.9,5.8,,4.0,1.0,1,Z-XZB,-0.94647
50.8,110.0,5.6,2.2,C3,2.0,0.0,0,Z-TSY,-1.33487
44.7,58.0,2.5,-3.3,C5,2.0,0.0,1,Z-AKG,-0.34367
,122.0,5.2,2.5,C2,4.0,1.0,0,Z-YPH,-0.45039
73.5,120.0,-0.8,-0.2,C1,2.0,0.0,0,Z-JHJ,1.57889
35.9,60.0,-1.8,-3.3,C2,3.0,0.0,0,Z-TYD,-0.8546
52.8,88.0,-2.6,-4.5,C3,4.0,1.0,0,,-1.0872
44.1,118.0,4.5,-2.0,C2,2.0,0.0,1,Z-UGY,0.28618
54.8,61.0,1.9,9.6,C2,3.0,0.0,1,Z-PRA,1.97443
,121.0,-1.3,-3.6,C3,3.0,0.0,1,Z-TWR,-0.28454
56.3,120.0,1.1,-6.4,C1,3.0,1.0,1,Z-MWZ,-0.65825
59.6,114.0,5.7,-1.2,C3,5.0,1.0,0,Z-ZQU,1.47478
51.7,91.0,5.9,2.1,C3,5.0,1.0,0,Z-BRQ,-1.62374
59.2,129.0,3.0,9.3,C5,2.0,0.0,0,Z-DSQ,0.03377
31.4,57.0,7.3,4.0,C3,3.0,0.0,1,Z-ALM,
62.9,110.0,4.6,0.8,C1,2.0,1.0,0,Z-WZC,0.71193
53.2,107.0,4.7,,C2,1.0,,0,Z-JAD,0.5376
58.8,161.0,2.1,4.1,C2,2.0,,0,Z-SAX,-0.10155
40.4,43.0,-0.9,0.4,C2,2.0,0.0,0,Z-XDJ,-0.30508
43.5,103.0,5.9,4.4,C3,3.0,0.0,0,Z-YGF,0.10261
51.3,99.0,0.8,,C2,3.0,0.0,1,Z-FVL,-0.26439
50.0,94.0,4.5,-0.8,C3,2.0,1.0,0,Z-WSV,-0.49032
52.4,63.0,2.6,-6.1,C3,5.0,0.0,0,Z-SRL,0.10191
58.8,68.0,2.2,,C3,4.0,1.0,1,Z-OUM,0.23574
36.0,86.0,0.1,-3.3,C3,4.0,0.0,0,Z-JEK,1.76341
,79.0,6.4,1.7,C1,2.0,0.0,1,Z-RGJ,0.4733
50.2,128.0,5.9,4.7,C1,,0.0,0,Z-UUJ,-0.84523
48.5,70.0,1.6,-3.0,,1.0,0.0,0,Z-GMF,0.31638
38.4,,6.6,2.7,C4,2.0,1.0,1,Z-MZK,-0.61713
54.2,92.0,,-2.6,C5,5.0,0.0,1,Z-IWX,1.82813
30.8,238.0,3.0,0.9,C5,3.0,0.0,1,Z-HVY,0.4177
55.3,,0.3,0.2,C1,3.0,1.0,1,Z-DZV,-0.55299
38.2,92.0,4.2,-3.7,C5,3.0,0.0,1,Z-CGK,-0.91252
50.6,120.0,4.0,3.8,C4,3.0,0.0,0,,0.74673
49.2,,4.3,3.3,C1,5.0,0.0,1,Z-YDF,-0.80032
59.5,290.0,,3.0,C2,1.0,1.0,0,Z-VFZ,-1.17599
48.7,98.0,4.8,3.1,C5,4.0,1.0,1,Z-FPH,-0.05686
44.6,,4.7,4.0,C2,3.0,0.0,1,Z-IJF,-0.80955
46.1,104.0,1.2,,C5,2.0,1.0,1,Z-ELR,0.02938
60.3,109.0,1.1,1.3,C2,3.0,1.0,0,Z-WLZ,0.34838
54.5,213.0,4.8,7.4,C1,3.0,1.0,1,Z-HOD,1.82814
47.1,85.0,2.7,-1.3,C1,1.0,1.0,1,Z-FMQ,1.4872
48.3,52.0,3.0,-0.9,C1,1.0,0.0,1,Z-ORW,
37.6,46.0,-0.3,0.8,C3,3.0,0.0,0,Z-QWN,-0.66539
53.3,99.0,0.5,-3.5,C1,4.0,1.0,1,Z-ZTV,0.58427
36.1,75.0,-1.8,-6.2,C2,3.0,0.0,0,Z-GMT,-0.89616
56.2,88.0,,4.8,C5,2.0,0.0,1,Z-XZW,-0.46696
51.2,116.0,4.0,0.1,C1,3.0,,1,Z-QHV,-0.53248
69.3,129.0,-1.6,2.2,C2,5.0,0.0,0,Z-MVK,-1.15048
41.4,74.0,-0.8,-4.3,C4,5.0,0.0,0,,-1.95691
49.3,,-3.9,-8.5,C5,2.0,0.0,1,Z-WDW,0.90994
64.6,157.0,,-1.1,,1.0,0.0,0,Z-WUW,0.09188
59.7,58.0,1.4,1.5,C2,4.0,0.0,1,Z-JTV,-0.78849
44.6,126.0,4.0,3.2,C1,2.0,1.0,1,Z-TPW,0.29478
52.0,87.0,-6.0,-4.6,C3,4.0,1.0,1,Z-TDD,-0.22879
50.2,79.0,-1.1,-4.9,C4,2.0,1.0,0,Z-DYL,0.77989
52.4,93.0,-3.4,0.2,C3,2.0,0.0,1,Z-BWK,-0.34767
44.6,67.0,-1.8,-10.2,C1,4.0,1.0,0,Z-RZT,0.53969
49.4,71.0,2.3,-2.9,C3,2.0,0.0,0,Z-AXL,-2.34841
37.4,102.0,2.6,0.8,C3,1.0,0.0,0,Z-HTQ,
51.2,107.0,2.5,-2.4,C4,,0.0,1,Z-RZB,0.76103
53.8,55.0,,-0.2,C1,1.0,1.0,1,Z-NXP,-0.6085
48.3,116.0,-2.0,-7.5,C1,3.0,0.0,1,Z-NZD,-1.19294
37.2,93.0,2.3,-0.4,C2,2.0,0.0,1,Z-DCP,-2.25288
58.1,74.0,3.0,3.0,C4,1.0,0.0,1,Z-WSB,-0.47752
53.1,110.0,6.1,1.5,C4,1.0,0.0,0,Z-LPE,-0.69385
44.3,107.0,4.0,-1.9,C1,1.0,0.0,1,Z-QZY,-0.31818
47.9,53.0,,-3.2,C2,3.0,0.0,0,Z-RAW,-0.32595
38.1,88.0,3.1,5.7,C3,5.0,0.0,1,Z-LUC,0.0586
,68.0,5.3,7.6,C1,4.0,,1,Z-CHR,-1.8727
45.9,108.0,7.0,2.5,C3,4.0,1.0,0,Z-ENT,-1.85379
60.0,92.0,3.1,3.3,C2,4.0,1.0,0,Z-PQC,0.85468
45.0,120.0,6.8,4.3,C4,4.0,1.0,0,Z-HJE,-0.04846
55.3,102.0,,3.2,C2,3.0,0.0,1,Z-XRN,1.21182
45.9,77.0,4.4,3.1,C4,,0.0,0,Z-JVJ,-1.26526
52.1,84.0,4.9,1.9,C1,3.0,,1,Z-NVF,-0.38962
49.0,122.0,4.9,9.5,C2,,,0,Z-MXG,-1.23787
57.1,93.0,7.0,0.6,C2,1.0,0.0,1,Z-IVL,2.64922
,309.0,1.6,1.1,C1,4.0,0.0,0,Z-TXZ,-1.87696
37.6,85.0,2.1,6.0,C2,2.0,1.0,1,Z-FHT,-1.11772
39.1,44.0,-3.0,-1.4,C3,4.0,,0,Z-PDQ,0.40762
45.9,94.0,5.6,0.0,C2,4.0,0.0,1,Z-MLB,1.06568
40.2,85.0,3.1,-2.4,C4,1.0,0.0,0,Z-DZX,-2.12284
53.4,68.0,4.5,-3.6,C1,2.0,1.0,1,Z-KUT,-0.98081
46.4,94.0,8.4,12.0,C1,5.0,0.0,0,Z-HPC,-2.32143
69.2,147.0,0.9,-5.6,C1,1.0,1.0,0,Z-SFK,0.86936
36.2,107.0,-2.8,,,4.0,0.0,1,Z-HZW,0.5996
51.8,132.0,4.8,-3.5,C1,2.0,0.0,1,Z-TWC,-0.23432
41.1,,4.1,12.8,C1,3.0,1.0,0,Z-ZUW,-1.14975
46.2,94.0,4.1,-3.7,C1,5.0,1.0,1,Z-SAC,-0.07347
51.3,117.0,4.5,2.5,C2,3.0,1.0,0,Z-OHJ,-0.21735
31.5,53.0,4.0,7.1,C2,3.0,0.0,1,Z-TJZ,0.24048
52.1,154.0,-4.1,-8.2,C2,4.0,1.0,1,Z-NLS,-1.09658
65.4,102.0,3.7,4.0,C3,2.0,1.0,0,Z-UBK,1.14936
46.5,144.0,7.2,3.5,C2,1.0,0.0,0,Z-ZFJ,-1.06909
52.2,150.0,-0.2,-0.1,C1,3.0,1.0,1,Z-SHH,-0.54314
58.4,93.0,-2.2,1.1,C3,5.0,1.0,0,Z-WUP,-0.27112
48.8,126.0,2.4,-1.3,C1,4.0,1.0,1,Z-GVT,0.89433
45.5,105.0,0.4,5.1,C1,3.0,0.0,0,Z-CXU,-0.08563
31.9,59.0,5.4,,C3,1.0,1.0,0,Z-PZA,
55.3,105.0,1.4,7.9,C1,1.0,1.0,0,Z-ITG,1.23959
49.3,106.0,-1.4,-6.3,C3,,0.0,0,Z-KLY,-0.56438
42.1,96.0,3.3,-1.4,,5.0,1.0,0,Z-GDM,1.02189
,142.0,1.2,-1.6,C4,3.0,0.0,1,Z-CGO,-1.11533
45.5,108.0,3.3,-3.8,C2,4.0,1.0,0,Z-OWY,-1.32829
45.9,73.0,,,,1.0,0.0,0,Z-QIB,1.75721
55.0,129.0,-2.0,-3.7,C2,3.0,0.0,1,Z-XXO,0.60943
39.4,35.0,5.8,-1.4,C3,,1.0,0,Z-DVO,1.74793
58.5,104.0,3.4,-2.1,C1,5.0,1.0,1,Z-DEZ,-0.12369
39.0,74.0,3.0,-2.6,C2,2.0,1.0,0,Z-RFW,-0.50039
44.9,109.0,3.4,5.3,C2,1.0,0.0,0,Z-BAS,-0.77011
65.6,174.0,-0.0,0.3,C1,2.0,1.0,0,,1.71186
59.2,121.0,5.0,2.2,C1,1.0,1.0,0,Z-ALX,0.69595
50.9,92.0,-1.1,-4.1,C4,2.0,0.0,1,Z-BIB,-1.64562
42.6,69.0,-1.2,-3.7,C3,5.0,0.0,0,Z-ADY,-0.96146
45.9,116.0,2.4,8.1,C3,5.0,1.0,0,Z-KGJ,-0.82183
50.7,96.0,2.8,-0.2,C3,3.0,0.0,0,Z-XUL,-1.32838
50.5,87.0,-1.6,0.6,C1,4.0,0.0,1,Z-OXD,1.07919
49.4,125.0,-2.7,-5.4,C1,2.0,1.0,1,Z-DFS,-0.17702
49.9,132.0,-1.8,4.0,C3,,0.0,0,Z-GFA,0.67004
48.4,72.0,4.8,-2.6,C3,2.0,1.0,0,Z-HLV,0.17496
38.6,41.0,1.8,3.3,C3,3.0,0.0,0,Z-YYS,-1.70257
46.0,91.0,4.2,-1.2,C2,1.0,1.0,0,Z-LGV,-0.60097
-79.3,82.0,-3.8,4.4,C2,5.0,0.0,1,Z-YLS,-1.06351
,48.0,5.2,5.9,C3,2.0,0.0,0,Z-UHX,0.9433
48.6,70.0,2.0,-7.1,C2,2.0,0.0,0,Z-CZC,
43.6,118.0,4.1,-2.0,C2,2.0,1.0,1,Z-ZAJ,-0.60805
51.1,119.0,3.4,4.2,C1,3.0,0.0,0,Z-STK,1.44934
47.0,161.0,-3.2,-1.7,C1,3.0,1.0,1,Z-HIU,2.5196
62.0,103.0,0.8,1.5,C3,4.0,,0,Z-LVS,-0.99483
54.2,143.0,-2.6,-3.3,C2,4.0,1.0,1,Z-OUW,-1.90498
39.7,,,-1.6,C3,,0.0,0,Z-VOF,0.25073
55.5,94.0,0.6,3.5,,3.0,0.0,0,Z-III,0.47702
44.0,,4.9,-1.0,C2,3.0,1.0,0,Z-YZO,-1.86005
,77.0,4.0,2.1,C3,5.0,0.0,0,Z-CON,-1.29542
52.7,112.0,-1.4,-5.5,C1,3.0,0.0,1,Z-NSD,-0.91818
46.2,120.0,-1.6,-6.0,,2.0,1.0,1,Z-OPV,0.63402
57.3,102.0,-1.1,-4.5,C2,3.0,0.0,1,Z-QLC,0.27014
44.0,113.0,-1.6,-6.1,C3,4.0,0.0,0,Z-RJO,-1.37005
45.2,126.0,2.1,2.5,C1,5.0,1.0,1,Z-JBS,-0.99867
44.9,132.0,1.9,-6.2,C1,2.0,,1,Z-GTY,-1.19934
45.6,61.0,-3.6,-2.9,C4,3.0,0.0,0,Z-REI,0.00552
59.0,114.0,6.5,1.4,C4,3.0,0.0,0,Z-QNK,2.13173
55.2,128.0,5.0,2.9,C4,,0.0,0,Z-ZWR,1.49067
63.8,94.0,4.0,1.2,C1,1.0,1.0,0,Z-MTT,0.88536
68.3,96.0,0.3,-3.5,C3,5.0,0.0,0,,-1.19233
41.9,86.0,6.6,9.3,C3,2.0,1.0,1,Z-FBC,1.10849
50.7,90.0,1.2,-2.1,C1,2.0,0.0,1,Z-AAV,-0.76328
40.7,80.0,2.1,3.2,C1,4.0,0.0,1,Z-ZXW,-0.8137
,77.0,3.6,4.6,C1,2.0,0.0,1,Z-ZKC,1.11842
45.1,150.0,-0.5,-3.2,C4,1.0,0.0,1,Z-MFU,-0.22101
41.7,74.0,-2.1,,C3,5.0,0.0,0,Z-ALM,0.79732
41.7,102.0,2.9,-2.8,C1,3.0,0.0,0,Z-OVF,0.59222
49.0,112.0,3.9,7.2,C1,5.0,0.0,0,Z-REB,-0.63639
40.4,38.0,4.8,4.6,C4,1.0,0.0,0,Z-SVD,0.18694
56.9,151.0,2.0,0.7,C3,1.0,0.0,0,Z-PAU,0.60206
42.8,105.0,0.8,-3.3,C4,2.0,1.0,0,Z-COT,-0.06658
,143.0,3.7,9.0,C1,1.0,1.0,0,Z-KWM,-1.22037
46.5,123.0,-3.3,-8.2,C5,3.0,0.0,1,Z-APJ,1.30569
50.7,100.0,0.4,-0.6,C1,5.0,1.0,1,Z-YVS,-0.57592
39.8,107.0,2.4,2.6,C1,2.0,0.0,1,Z-XOK,-0.79949
63.8,73.0,3.4,-4.2,C5,4.0,0.0,1,Z-DXW,-0.55594
59.1,138.0,,-2.8,C1,3.0,1.0,1,Z-CPU,0.95103
52.5,109.0,3.6,,C2,1.0,0.0,1,Z-GHR,0.23472
39.4,88.0,4.1,5.6,C1,2.0,0.0,1,Z-ESI,1.84319
51.8,81.0,-0.3,-3.7,C3,3.0,0.0,0,Z-VXE,-1.52174
41.2,79.0,4.5,-3.7,C1,,0.0,0,Z-UMZ,-0.45076
61.9,113.0,,-8.6,C2,3.0,1.0,0,Z-AZI,0.12592
,283.0,0.8,-4.2,C1,4.0,1.0,1,Z-PUL,-0.27363
,111.0,0.4,-7.6,C5,2.0,0.0,1,Z-GUU,-1.48863
30.7,110.0,2.2,3.6,C4,2.0,0.0,1,Z-EFQ,-1.04616
42.3,49.0,6.2,7.2,C4,4.0,0.0,1,Z-EII,-0.57579
55.7,123.0,4.9,2.7,C4,,1.0,0,Z-QNQ,-0.52117
59.9,105.0,2.7,-0.3,C3,3.0,,0,Z-KJP,-0.20103
59.0,101.0,1.2,2.6,C1,2.0,0.0,0,Z-FIW,-0.31862
37.4,,-1.6,-0.1,C1,4.0,,1,Z-TNM,-1.10171
52.6,107.0,-2.9,-8.4,C3,3.0,0.0,0,Z-HVN,-1.75133
,119.0,-0.0,-5.2,C2,5.0,1.0,1,Z-YXR,1.33271
36.9,48.0,5.9,6.5,C1,,1.0,1,Z-MJO,1.51641
50.1,130.0,2.7,1.9,C1,3.0,0.0,1,Z-GMU,0.01451
52.4,106.0,4.3,4.8,C5,3.0,0.0,1,Z-NTZ,1.07124
47.8,112.0,-2.6,,C1,2.0,0.0,1,Z-ALQ,0.93619
35.3,108.0,-0.3,-5.0,C2,3.0,,1,Z-QYS,0.91004
47.6,,6.6,6.2,C3,4.0,0.0,1,Z-TBW,-0.65851
47.5,113.0,4.4,-0.7,C3,3.0,1.0,0,Z-VBX,0.1228
49.0,94.0,3.1,-5.4,C1,5.0,0.0,1,Z-XIE,-0.5014
45.6,120.0,2.6,-2.1,C3,3.0,0.0,0,Z-XMN,-1.63619
46.6,73.0,-3.7,,C1,1.0,1.0,0,Z-AFV,-1.34124
49.8,125.0,0.2,5.8,,1.0,0.0,0,Z-QRP,0.22708
53.7,78.0,5.0,-0.8,C3,1.0,1.0,1,Z-PMF,-0.00715
47.7,107.0,3.9,1.6,C4,5.0,0.0,1,Z-JPG,0.47002
46.9,103.0,4.8,11.2,C3,2.0,0.0,0,Z-PMP,0.06766
50.9,97.0,3.0,-3.6,C1,4.0,0.0,1,Z-ENI,0.16583
34.8,47.0,4.9,5.5,C1,3.0,1.0,1,Z-OFW,0.30619
54.0,97.0,-1.9,-6.3,C2,5.0,0.0,1,,-1.09076
50.2,125.0,3.9,3.5,,3.0,1.0,1,Z-QCR,
50.5,141.0,3.5,11.3,C1,5.0,0.0,0,Z-WGK,
57.8,166.0,,1.5,C1,4.0,1.0,0,Z-HQB,0.38901
34.5,,-3.3,-3.8,C1,2.0,0.0,1,,1.28167
34.4,81.0,3.1,-2.9,C2,3.0,,0,Z-XGV,-0.51406
52.4,116.0,4.1,1.2,C1,2.0,0.0,0,Z-ZQD,0.08233
50.1,152.0,2.3,,C1,2.0,0.0,0,Z-FRI,
51.5,117.0,6.9,-1.8,,2.0,0.0,1,Z-TDU,0.33639
46.5,97.0,4.8,-6.4,C2,2.0,0.0,0,Z-YOD,0.57532
55.5,102.0,4.9,-0.9,C2,3.0,0.0,1,Z-WFS,0.93285
57.6,109.0,-1.0,-2.6,C1,3.0,1.0,1,Z-YWZ,-0.01816
54.0,117.0,0.9,4.0,C2,5.0,1.0,1,Z-RDW,-1.25073
48.1,77.0,-1.8,-6.3,C1,3.0,0.0,0,Z-VGJ,-1.33932
33.3,55.0,4.8,3.4,C4,4.0,0.0,1,Z-NDL,-1.32481
56.3,109.0,,-4.1,C2,3.0,0.0,1,Z-KZD,-1.45578
,105.0,0.0,-5.0,C3,3.0,1.0,0,Z-MLS,-2.14336
,125.0,7.3,-5.6,C3,3.0,0.0,0,Z-YVV,-1.20739
43.1,107.0,-1.6,6.5,,5.0,0.0,0,Z-EKZ,-0.71339
55.6,117.0,4.7,3.3,C2,1.0,0.0,1,Z-FMQ,1.70822
57.0,125.0,0.1,-0.8,C2,2.0,0.0,1,Z-LOI,-0.85503
62.6,125.0,6.1,6.0,C2,4.0,0.0,0,Z-MJC,0.10091
43.1,0.0,3.4,12.1,,2.0,0.0,1,Z-NWF,-0.18646
48.3,74.0,5.1,1.0,C1,1.0,1.0,1,Z-NFA,-0.14102
56.1,130.0,-0.8,-6.5,C1,2.0,1.0,1,Z-BPD,-1.24192
50.6,79.0,-0.9,6.1,C2,,1.0,1,Z-DOX,0.51935
41.2,,0.4,-6.4,,2.0,,0,Z-BWO,-0.55272
53.5,131.0,4.5,7.8,C4,2.0,1.0,0,Z-ZEY,1.14549
54.8,101.0,-0.9,-2.7,C1,5.0,0.0,1,Z-QYR,0.2764
50.9,86.0,4.3,4.0,C1,4.0,0.0,1,Z-EJX,-1.3713
51.9,104.0,3.8,-4.4,C3,1.0,1.0,0,Z-KSU,0.87947
48.1,96.0,0.6,9.9,C4,1.0,,0,Z-MBV,-1.27008
62.0,137.0,-0.3,-3.5,C2,5.0,0.0,0,Z-VCG,-1.76773
42.9,25.0,-1.7,-6.1,C2,4.0,1.0,0,Z-CRB,2.10831
45.5,73.0,3.0,3.3,C1,3.0,0.0,1,Z-FPC,0.63691
50.2,73.0,4.0,-0.8,C5,,0.0,1,Z-HPX,1.09087
57.2,44.0,-1.0,,C3,1.0,0.0,0,,-0.36093
38.2,67.0,5.1,-2.5,C1,2.0,1.0,0,Z-VRI,-0.40147
39.7,,1.2,0.0,C3,3.0,0.0,0,Z-KEB,-0.93693
33.8,62.0,-1.2,,C1,3.0,0.0,0,Z-RVJ,-0.5271
50.4,88.0,4.8,-0.8,C2,5.0,0.0,1,Z-HJG,-0.60758
41.2,98.0,5.3,-0.9,C2,1.0,0.0,0,Z-JOE,-1.58774
47.1,88.0,-0.1,2.1,C3,,0.0,0,Z-HWC,1.34673
55.5,64.0,4.9,1.2,C5,5.0,1.0,1,Z-QJH,-1.0019
45.0,101.0,6.6,3.4,C2,5.0,1.0,1,Z-RHT,
52.0,169.0,2.0,2.0,C3,2.0,1.0,0,Z-EGA,-1.17909
47.8,125.0,5.1,7.7,C3,2.0,0.0,0,Z-OKP,0.1134
55.5,128.0,-0.4,-5.8,C1,,1.0,1,Z-RNY,-0.97557
54.0,102.0,-0.3,-0.9,C3,2.0,1.0,1,Z-MJJ,-0.50601
,78.0,5.4,-0.7,C4,5.0,0.0,1,,-0.17162
48.8,83.0,4.5,1.5,C2,2.0,0.0,0,Z-CUD,-0.57907
58.5,121.0,0.8,3.6,C2,1.0,0.0,0,Z-ALZ,-0.14223
53.3,75.0,3.0,-8.9,C3,3.0,0.0,0,Z-TSK,-0.32683
39.0,87.0,-1.3,-6.7,,4.0,0.0,0,Z-HGB,-0.9502
55.4,91.0,-1.9,-4.3,C1,5.0,1.0,1,Z-UAM,-0.0439
,40.0,-2.0,-1.7,C1,3.0,0.0,0,,0.03246
61.5,101.0,-0.4,3.2,C3,1.0,1.0,0,Z-CVM,0.82446
58.4,148.0,-1.6,-10.2,C1,4.0,,1,Z-CUC,
52.5,108.0,4.8,8.6,C4,1.0,0.0,0,Z-GLQ,-1.25488
51.4,,6.0,5.9,,2.0,0.0,1,Z-XZY,
48.5,79.0,1.4,-1.4,C1,2.0,1.0,0,Z-RLC,-0.09132
55.6,134.0,2.0,-6.1,C3,1.0,0.0,0,Z-RRD,-0.25573
47.2,87.0,2.6,-1.8,C1,2.0,0.0,0,Z-SPP,0.72864
52.0,118.0,4.9,7.1,C2,4.0,0.0,0,Z-PPS,1.56628
57.1,101.0,3.1,1.3,C2,1.0,1.0,0,Z-ZRC,0.43817
45.7,98.0,5.3,2.2,C4,3.0,0.0,0,Z-PEU,0.46816
45.2,93.0,5.7,-0.7,,2.0,1.0,1,Z-WER,0.66125
40.6,67.0,-3.6,-1.7,C3,3.0,1.0,0,Z-RLS,-0.25325
41.6,101.0,-0.1,-2.3,C5,3.0,0.0,1,Z-TGC,0.11424
35.5,117.0,0.5,-2.2,C2,2.0,0.0,1,Z-HYE,0.8916
,121.0,3.3,0.9,C1,5.0,,1,Z-CZN,0.71791
64.6,128.0,-0.8,-5.0,C1,3.0,0.0,0,Z-FYV,-1.59028
61.6,97.0,6.4,0.6,C2,5.0,0.0,1,Z-DBB,
37.1,104.0,-0.8,-8.8,C1,5.0,0.0,0,Z-CBH,-0.20736
56.0,96.0,2.6,-2.0,C2,2.0,0.0,1,,0.2767
61.5,135.0,-1.6,-10.6,C2,5.0,0.0,0,Z-EVW,1.59084
46.5,115.0,0.1,,C3,4.0,0.0,0,Z-IKY,
51.0,128.0,6.1,0.9,C3,3.0,0.0,0,Z-FFB,-0.75016
34.1,100.0,-0.3,-3.6,C3,4.0,1.0,0,Z-GQH,1.61239
52.3,130.0,0.7,-1.2,C1,3.0,0.0,1,Z-UYB,-0.40827
41.6,52.0,2.2,-3.1,C2,3.0,1.0,0,Z-QTO,1.03538
51.8,80.0,3.8,-3.2,C4,2.0,0.0,1,,0.43872
37.7,42.0,1.5,,C3,4.0,0.0,0,Z-RAS,0.10132
54.5,69.0,5.0,10.8,C1,5.0,0.0,1,Z-KUE,-0.67838
,155.0,5.9,7.4,C1,2.0,1.0,0,Z-RKO,1.06166
43.9,63.0,2.9,6.3,C3,3.0,1.0,0,Z-TYX,
41.1,55.0,-3.3,-10.0,C2,1.0,0.0,0,Z-ZHA,-1.44901
,70.0,,2.9,C2,,0.0,1,Z-ZBH,1.4475
48.0,77.0,1.7,-1.0,,2.0,0.0,1,Z-ECM,-0.05932
45.5,154.0,5.4,9.1,C2,1.0,1.0,0,Z-CAA,0.6483
37.7,72.0,3.7,5.6,,4.0,1.0,1,Z-URP,
53.8,119.0,-1.1,-3.3,C1,4.0,0.0,1,Z-PNO,0.0067
46.6,73.0,-0.4,-11.6,C2,3.0,0.0,0,Z-HLP,-0.05303
41.5,41.0,5.4,-1.8,C4,3.0,0.0,0,Z-KLN,-2.88808
45.7,73.0,4.4,4.9,C4,4.0,1.0,1,,1.55582
,95.0,2.1,-1.1,C1,2.0,0.0,1,Z-EYF,0.62467
55.0,,1.6,-0.7,C1,2.0,0.0,1,Z-SBR,-0.10522
49.1,56.0,5.3,5.6,C1,3.0,0.0,1,Z-IHS,1.91091
,112.0,4.9,7.5,C4,3.0,1.0,0,Z-ADN,1.54689
40.9,76.0,1.7,-3.4,C1,3.0,0.0,0,Z-UAK,1.35731
50.4,59.0,2.9,3.4,C5,3.0,0.0,1,Z-ASC,-1.06996
51.3,105.0,2.2,7.1,C3,4.0,0.0,0,Z-GWA,2.10564
46.4,115.0,6.3,9.9,C3,1.0,1.0,0,Z-RCT,0.50235
53.6,139.0,2.7,-1.5,C1,2.0,0.0,1,Z-OPJ,1.70535
43.9,25.0,-0.6,-0.9,C3,3.0,1.0,0,Z-LJK,-0.81165
54.2,88.0,-1.4,0.4,C1,2.0,1.0,1,Z-LNJ,-0.03427
54.6,71.0,-1.8,-3.1,C3,5.0,0.0,1,Z-BWK,-0.76921
26.8,43.0,6.2,2.8,C3,5.0,1.0,0,Z-AQH,-0.49318
59.7,154.0,-2.4,-11.0,C4,2.0,0.0,1,Z-JRZ,-0.84848
25.8,40.0,4.6,-1.3,C3,2.0,1.0,0,Z-WXE,-0.89534
45.2,79.0,-1.7,-6.0,C5,2.0,0.0,1,Z-URC,0.95896
58.4,92.0,4.8,-2.8,C2,3.0,0.0,1,Z-WGM,-0.11887
47.6,140.0,6.8,4.8,C2,5.0,0.0,0,Z-EEJ,-0.2455
38.4,19.0,3.7,5.3,C1,2.0,0.0,0,Z-VGX,-1.93842
41.4,71.0,5.3,1.2,C1,2.0,0.0,1,Z-HDK,0.14344
58.4,91.0,0.2,-10.8,,3.0,1.0,1,Z-LZF,-1.17671
34.8,28.0,1.5,-0.8,C1,3.0,0.0,0,Z-LWV,0.97453
59.2,145.0,4.7,3.6,C1,4.0,1.0,0,Z-LNX,-0.35883
49.7,51.0,-2.6,-3.0,C1,4.0,0.0,0,Z-GAB,0.47073
40.6,72.0,4.2,-1.0,C1,4.0,0.0,1,Z-RAC,-0.32692
45.5,90.0,1.3,-5.6,C3,3.0,0.0,0,Z-DUS,-0.87518
42.0,66.0,4.8,6.4,C2,1.0,1.0,0,Z-ZTQ,
57.1,65.0,1.5,1.2,C5,4.0,0.0,1,Z-AYQ,0.91249
56.0,106.0,3.1,-1.7,C1,3.0,0.0,1,Z-MOD,0.06235
36.4,57.0,-5.3,-12.6,C1,2.0,1.0,0,Z-RIN,-1.16857
46.9,,-3.0,-3.3,C4,5.0,0.0,1,Z-HBQ,0.18005
43.2,,0.7,-4.8,C4,4.0,1.0,0,Z-HWJ,1.0003
60.5,170.0,5.0,4.4,,3.0,1.0,0,Z-MJH,0.07582
39.4,85.0,-1.4,-2.2,C1,5.0,0.0,1,Z-OXG,0.75499
63.0,138.0,4.6,11.2,C4,4.0,0.0,0,Z-OPS,-0.43583
49.9,90.0,5.6,3.0,C5,5.0,0.0,1,Z-ONY,-1.97686
40.9,131.0,2.8,9.3,C5,4.0,1.0,1,Z-QWV,-1.37448
44.7,92.0,-2.0,-3.1,C2,,1.0,0,Z-KTF,-0.35552
43.7,87.0,6.3,1.0,C1,2.0,0.0,1,Z-YRH,0.18378
40.0,98.0,2.6,,C2,3.0,0.0,0,Z-YDL,0.87387
50.9,84.0,-2.5,-7.5,C2,3.0,0.0,0,Z-PQV,1.93428
40.3,70.0,-0.2,0.0,C1,4.0,0.0,1,Z-TFG,-0.01623
32.7,86.0,4.1,,C1,5.0,0.0,1,Z-VTG,0.06106
47.1,115.0,-1.4,-10.6,C5,1.0,1.0,1,Z-BFD,0.81728
35.7,92.0,2.3,4.8,C1,4.0,0.0,1,Z-MKL,0.20061
44.1,88.0,-3.1,1.9,C1,2.0,0.0,1,,-0.3461
42.9,95.0,1.1,,C2,4.0,0.0,0,Z-LVC,0.07922
,115.0,4.2,6.4,C5,2.0,1.0,1,Z-KPX,1.57592
,98.0,5.0,9.9,C5,3.0,0.0,0,Z-XSL,-0.09431
50.6,101.0,5.4,-4.5,C1,3.0,1.0,1,Z-UIN,-1.71523
52.1,25.0,-2.5,-5.8,C3,5.0,1.0,0,Z-HCY,1.54347
35.9,96.0,-3.4,-8.2,C5,4.0,1.0,1,Z-NCZ,-0.14338
44.9,70.0,0.2,2.7,C3,2.0,0.0,0,Z-HSE,1.25889
51.9,83.0,1.0,-2.5,C1,3.0,1.0,1,,-0.59905
42.0,267.0,,-2.2,C3,3.0,,0,Z-OXM,
57.4,129.0,6.1,5.5,,2.0,0.0,0,Z-ALA,-0.64787
40.5,149.0,-2.4,2.9,C2,2.0,1.0,1,Z-CYB,-1.51763
47.9,55.0,-0.0,-1.9,C2,5.0,1.0,1,Z-FEV,0.14781
45.5,70.0,0.4,-3.3,C1,2.0,0.0,0,Z-ELS,0.14685
51.5,109.0,-1.5,-4.2,C3,1.0,1.0,0,Z-GNA,-0.44533
45.0,72.0,-0.3,0.9,C1,3.0,1.0,0,Z-NDG,1.69719
48.0,119.0,-3.1,-10.0,C1,2.0,1.0,1,Z-XZN,-1.14912
48.3,93.0,-1.8,,C2,3.0,1.0,0,Z-QOT,-1.36708
44.3,114.0,1.1,-4.7,C3,2.0,0.0,0,Z-JUY,0.11437
54.0,100.0,,-1.0,C2,2.0,0.0,1,Z-ZCQ,0.69427
52.1,118.0,4.7,-5.7,C4,3.0,0.0,0,Z-HXE,0.08113
49.4,73.0,6.0,1.5,C4,3.0,0.0,1,Z-COZ,-0.81643
46.7,147.0,5.7,7.9,C3,1.0,0.0,0,,0.93253
56.5,65.0,5.2,-5.4,C2,3.0,1.0,1,,-2.14285
48.3,78.0,3.9,4.1,C2,4.0,0.0,1,Z-BKV,-1.32728
47.7,58.0,5.1,0.1,C2,4.0,1.0,1,Z-RPS,-0.3687
51.0,123.0,-2.2,-8.0,C2,2.0,,1,Z-OVS,-1.93184
63.7,138.0,0.5,0.3,C2,3.0,1.0,0,Z-XSP,-0.0915
39.4,49.0,1.3,5.1,C4,2.0,0.0,0,Z-VYV,-0.5142
56.3,138.0,0.9,,C3,1.0,1.0,0,,-0.26081
35.0,56.0,,,C1,3.0,0.0,1,Z-QXD,0.02577
51.9,114.0,-0.5,-2.3,C5,4.0,0.0,1,Z-HMN,0.47871
62.8,138.0,3.2,2.9,C5,5.0,0.0,0,Z-MDB,0.10903
54.1,100.0,7.2,15.2,C1,1.0,1.0,0,Z-RGZ,0.02915
51.5,127.0,-2.0,-4.6,C5,3.0,0.0,1,Z-YMJ,-1.97436
45.7,89.0,0.7,3.8,C2,5.0,0.0,1,Z-QUV,-0.3466
,110.0,-1.3,,C1,3.0,1.0,1,Z-WXD,-1.00476
48.1,90.0,-0.8,-5.8,C3,5.0,1.0,0,Z-WNI,-0.76777
43.9,39.0,,7.7,C1,4.0,,1,Z-GHS,-2.64349
47.8,93.0,6.5,4.1,C3,5.0,1.0,0,Z-RSQ,-1.20158
51.7,80.0,2.3,,C4,4.0,0.0,1,Z-XPG,-0.45614
44.0,128.0,6.6,6.5,C2,1.0,1.0,0,,1.21838
43.7,53.0,5.3,-0.7,C1,4.0,0.0,0,Z-YYJ,-1.30434
39.3,115.0,4.3,0.3,C1,1.0,1.0,1,Z-HXU,-1.85122
53.3,101.0,1.1,-3.4,C2,4.0,1.0,1,Z-YXK,-0.02958
54.5,119.0,-3.3,-3.1,,3.0,1.0,1,Z-TKS,1.69812
52.0,66.0,-3.7,-3.3,C3,4.0,0.0,0,Z-NBT,0.70247
,105.0,6.4,1.4,C4,1.0,1.0,0,Z-PPE,-0.39049
50.9,84.0,6.3,12.5,C2,1.0,1.0,0,Z-CGF,0.28924
53.3,162.0,4.6,2.3,C2,,0.0,0,Z-KQU,-0.83461
52.6,,3.5,1.9,C2,2.0,0.0,1,Z-GCV,0.18971
49.4,130.0,6.2,9.5,C2,2.0,1.0,0,Z-SNY,-0.35327
45.9,125.0,-0.0,-5.3,C1,1.0,1.0,0,Z-OFG,1.97355
,161.0,-0.1,-3.9,C2,5.0,,0,Z-VUQ,-0.91061
46.5,78.0,5.4,4.3,C2,4.0,0.0,1,,0.44691
44.8,140.0,3.2,-5.0,C3,3.0,0.0,0,Z-PGV,0.36072
53.6,160.0,5.7,2.4,C1,4.0,1.0,0,Z-ADN,
52.2,114.0,-1.9,5.4,C2,2.0,1.0,0,Z-SBJ,0.14584
38.9,69.0,3.6,9.3,C3,4.0,0.0,0,Z-KWJ,2.29074
59.1,92.0,5.7,7.2,C3,3.0,0.0,0,Z-KEC,-1.41515
49.4,112.0,2.9,5.9,C2,1.0,0.0,0,Z-YCY,0.18712
41.3,87.0,-0.1,0.4,C4,,0.0,1,Z-WLS,0.90961
59.7,121.0,1.6,-2.0,C3,5.0,0.0,0,Z-SPX,-1.00726
55.2,72.0,4.8,9.5,C3,2.0,0.0,0,Z-JST,-1.26306
40.0,84.0,4.4,-1.7,C3,1.0,0.0,0,Z-WNV,-1.75933
64.4,155.0,3.6,5.7,C3,4.0,0.0,0,Z-QDQ,1.8708
55.4,131.0,4.9,0.6,,2.0,,0,Z-WWG,0.50264
50.1,89.0,4.3,0.2,C1,3.0,1.0,1,Z-PKW,-0.68342
-16.4,,5.9,5.8,C2,,1.0,0,Z-ZQJ,-0.58814
51.4,63.0,-4.1,3.4,C4,1.0,1.0,1,Z-NQE,-0.34479
49.9,82.0,0.6,4.9,C1,4.0,0.0,1,Z-CHK,0.33075
44.9,,-2.8,-2.6,C1,5.0,1.0,0,Z-XFN,-0.90688
54.8,125.0,3.7,1.9,C2,3.0,0.0,0,Z-XNR,0.64635
54.0,88.0,-5.5,,C2,4.0,0.0,1,Z-SQC,0.68245
50.3,73.0,2.7,6.6,C3,2.0,0.0,0,Z-GHY,1.40282
43.8,110.0,4.1,-5.4,,1.0,1.0,0,Z-PQV,0.48939
51.2,91.0,5.9,3.1,C1,2.0,0.0,1,Z-PLB,0.7195
49.6,77.0,-0.0,-6.1,C4,2.0,0.0,0,Z-SFF,0.44502
39.5,104.0,0.6,-2.0,C1,3.0,0.0,1,Z-CSK,1.15942
38.4,93.0,2.4,-4.8,,5.0,1.0,0,Z-SXD,0.5801
54.7,102.0,1.2,-8.2,,2.0,0.0,0,Z-BTG,-0.23885
29.3,56.0,-2.2,-9.1,C1,5.0,0.0,0,Z-IYV,-0.59118
,113.0,-1.4,-5.2,,3.0,0.0,1,Z-ZWX,-0.58063
46.3,108.0,-1.2,-0.2,C3,,0.0,0,Z-IYN,0.09321
60.6,124.0,5.4,-0.4,C4,3.0,1.0,0,Z-DIP,-0.82942
46.2,97.0,-4.5,-9.2,C2,3.0,0.0,0,Z-PFR,-0.07126
55.4,93.0,5.0,4.5,C5,4.0,0.0,1,Z-DAP,-0.78058
47.0,80.0,-0.8,,C2,4.0,1.0,0,Z-DIV,0.03992
51.1,97.0,1.6,7.0,C1,3.0,1.0,0,Z-NHC,-0.09367
-23.2,84.0,-3.2,-0.4,C2,4.0,1.0,1,Z-VOT,0.23061
46.5,65.0,6.0,-0.7,C3,3.0,0.0,0,Z-DNB,1.15856
58.1,111.0,1.8,-2.9,C1,2.0,0.0,1,Z-TVZ,0.05437
42.2,,-0.0,1.5,C1,5.0,1.0,1,Z-BDV,-1.75779
52.5,48.0,0.5,-4.9,C3,2.0,0.0,0,Z-QAV,0.66019
57.5,102.0,2.4,-0.8,C2,3.0,0.0,1,Z-PBW,0.12072
55.4,117.0,0.3,-8.6,C3,4.0,1.0,0,Z-IGX,0.23607
65.5,155.0,2.0,-5.4,C1,1.0,0.0,0,,-0.09426
44.0,,,7.1,C2,3.0,1.0,0,Z-ZQE,-0.71649
,75.0,4.1,2.7,,1.0,1.0,1,Z-LLS,-1.3866
42.2,140.0,5.3,0.4,C5,2.0,1.0,1,Z-TFB,0.46406
55.4,122.0,-1.7,-5.2,C1,,1.0,1,Z-SSD,0.79143
54.1,,5.6,10.5,C1,5.0,1.0,0,Z-WFW,-1.72211
51.0,73.0,4.5,-0.5,C1,2.0,1.0,1,Z-HKM,-0.5778
41.2,97.0,-2.2,-1.6,C5,4.0,1.0,1,Z-SZL,-1.97641
56.3,135.0,3.6,5.2,C1,3.0,0.0,0,Z-TMP,-1.73582
40.4,65.0,0.4,4.8,C4,4.0,0.0,1,Z-OPV,0.91662
59.4,46.0,2.2,-3.2,C2,4.0,1.0,1,Z-NFL,-0.17095
73.0,143.0,4.8,-3.3,,3.0,0.0,0,Z-HRW,1.45189
53.1,100.0,4.1,-2.7,C1,3.0,0.0,1,Z-IQR,-1.56965
,145.0,-2.6,-0.8,C2,3.0,0.0,1,Z-ECS,0.12233
46.2,79.0,4.4,10.6,C5,4.0,0.0,1,Z-UMM,0.96728
35.7,57.0,4.4,5.5,C1,5.0,1.0,1,Z-VHL,0.90364
45.3,61.0,-0.7,-5.0,C3,3.0,1.0,0,Z-XOM,1.94429
41.4,69.0,6.3,,C5,5.0,0.0,1,Z-QDR,0.41821
38.6,153.0,4.4,0.2,C1,2.0,0.0,1,Z-GQU,0.44363
63.9,81.0,7.1,1.1,C4,4.0,1.0,1,Z-GGO,0.42699
52.3,68.0,4.8,1.2,C1,3.0,0.0,1,Z-WWL,0.70552
132.5,104.0,-0.6,-4.6,C1,1.0,0.0,1,Z-FDS,0.30464
,149.0,,-5.3,C1,3.0,0.0,1,Z-VSO,-0.01328
48.8,118.0,-4.8,-0.7,C3,4.0,0.0,1,Z-MCB,-0.18969
57.9,155.0,-1.2,-4.9,,4.0,1.0,1,Z-WIR,0.67893
,90.0,-0.1,-8.5,C2,3.0,0.0,0,Z-QTI,-0.46151
54.4,70.0,4.4,4.7,C3,4.0,1.0,1,Z-HOU,-0.86009
48.6,86.0,4.3,-1.9,C1,5.0,1.0,1,Z-THN,0.95433
,92.0,4.9,,C1,1.0,0.0,1,Z-HJN,-0.26941
38.9,82.0,0.7,1.9,C1,2.0,0.0,1,Z-MXQ,-0.33357
34.3,68.0,1.7,-3.2,C1,5.0,0.0,0,Z-BWT,0.31082
48.1,113.0,6.6,2.2,C2,2.0,1.0,1,Z-GAI,-0.50344
50.6,82.0,5.0,2.9,C2,4.0,0.0,1,Z-JFB,-0.93578
39.9,58.0,-0.8,-3.5,C5,3.0,1.0,1,Z-RII,0.93366
49.9,67.0,4.5,0.5,C3,2.0,1.0,0,Z-VDX,1.16592
50.6,107.0,0.3,-11.3,C5,4.0,0.0,1,Z-DHC,-0.93856
32.9,,-0.9,-3.2,C3,4.0,,0,Z-OBQ,-0.20599
42.8,117.0,0.6,5.8,C5,2.0,0.0,1,Z-EKX,0.51112
53.4,148.0,3.4,4.0,C1,1.0,0.0,0,Z-VRF,1.23377
53.3,73.0,-0.3,-3.5,C1,4.0,0.0,1,Z-JPX,0.76474
40.9,255.0,4.0,3.9,C2,4.0,1.0,1,,0.76532
51.4,97.0,5.0,5.4,C2,1.0,0.0,1,Z-ONG,-0.40189
58.3,73.0,3.1,-2.5,C4,1.0,1.0,1,Z-PSZ,0.22854
56.4,97.0,3.3,6.6,C2,4.0,1.0,0,Z-AJH,1.0694
49.4,141.0,-0.7,-1.5,C5,3.0,0.0,1,Z-MKW,-1.10687
46.4,77.0,-0.4,-3.3,C1,4.0,0.0,0,Z-DID,0.92744
45.1,70.0,-1.2,4.1,C2,5.0,0.0,1,,0.24816
53.9,105.0,-4.5,-14.4,C3,4.0,0.0,0,Z-SSR,-0.58887
51.7,128.0,1.2,-5.6,C1,3.0,0.0,1,Z-MIO,0.62377
55.2,101.0,3.8,4.4,C3,3.0,0.0,0,Z-KIQ,0.47245
51.2,106.0,5.4,6.0,C3,3.0,0.0,0,Z-OZI,-0.58168
56.7,50.0,0.5,5.8,C1,5.0,1.0,1,Z-LSJ,-0.16587
50.9,117.0,-1.0,-12.0,C2,1.0,1.0,0,Z-FKB,
56.4,117.0,7.0,8.1,C3,3.0,0.0,0,Z-MNU,-0.2111
57.1,136.0,-0.7,-7.5,C3,2.0,1.0,0,Z-MBS,-1.09432
43.7,39.0,5.2,4.8,C2,4.0,0.0,1,Z-EGV,-1.43717
35.7,68.0,,3.5,C3,4.0,0.0,1,Z-IEH,
,147.0,-1.7,0.5,C1,2.0,1.0,0,Z-ZTB,-1.56058
52.2,89.0,0.1,-2.5,C1,4.0,,1,Z-SHO,-1.37485
36.4,79.0,1.2,3.7,,3.0,1.0,1,Z-YOB,-0.98409
44.4,80.0,1.3,,C2,5.0,0.0,0,Z-LTL,2.1203
56.3,100.0,2.4,0.2,C1,4.0,0.0,1,Z-QQR,-1.47501
47.9,128.0,5.2,3.7,C3,4.0,1.0,0,Z-WEI,-0.43353
-33.2,55.0,2.4,7.6,C5,1.0,1.0,1,Z-CBI,-0.7003
61.4,118.0,-2.1,0.1,C5,5.0,0.0,1,Z-DXP,0.80412
41.8,93.0,5.1,3.7,C2,4.0,0.0,1,Z-RLW,-0.74389
43.8,115.0,-3.8,-2.3,C3,4.0,,0,Z-GDT,1.2565
51.9,100.0,5.3,7.7,C5,4.0,0.0,1,Z-VNE,-0.01012
53.3,298.0,,3.4,C2,5.0,1.0,0,Z-MND,1.34901
,106.0,0.4,-5.6,C1,3.0,0.0,1,Z-IKI,0.33121
57.5,306.0,-2.7,-1.3,C1,1.0,1.0,1,Z-MXY,-0.03822
51.7,105.0,-4.5,-5.7,C1,3.0,1.0,1,Z-DJD,-1.24015
54.1,125.0,6.0,2.2,,,1.0,0,Z-IZG,-0.59193
48.1,112.0,0.5,-4.5,C1,2.0,,1,Z-SDW,-0.15602
50.7,71.0,7.2,7.2,C1,2.0,0.0,1,Z-LDQ,
51.0,108.0,6.2,6.0,,3.0,0.0,0,Z-QMW,0.5919
51.9,118.0,0.9,-4.8,C4,4.0,1.0,1,Z-AHS,-0.03854
56.3,150.0,6.9,-0.3,C1,5.0,0.0,0,Z-KUQ,0.8322
54.6,81.0,2.0,8.2,C3,5.0,1.0,1,Z-GUE,-0.15604
50.5,116.0,-0.7,1.4,C2,1.0,0.0,0,Z-HPZ,-0.29228
43.7,80.0,2.6,1.0,C1,4.0,0.0,1,,0.88625
,106.0,-0.7,0.3,C2,5.0,1.0,1,Z-YIS,0.30758
49.9,71.0,2.1,-1.8,C3,4.0,0.0,0,Z-HTL,0.83568
51.7,103.0,2.4,-0.3,C1,,0.0,1,Z-CFF,0.4112
67.8,139.0,-3.7,-4.7,C1,5.0,0.0,1,Z-MAR,-0.51252
46.0,67.0,6.2,7.9,C4,3.0,1.0,1,,0.23795
53.5,145.0,1.1,,C5,3.0,0.0,1,Z-OQV,0.44842
58.7,73.0,4.6,-1.9,C2,,0.0,1,Z-MIW,0.13209
50.9,116.0,5.8,-1.7,C1,4.0,1.0,1,Z-CZX,1.49374
68.9,66.0,4.2,5.7,C1,5.0,1.0,1,Z-PEI,-2.04423
47.1,88.0,5.0,2.3,C1,4.0,0.0,1,Z-CER,0.26086
52.8,118.0,1.9,-3.9,C1,,1.0,1,Z-GKI,0.12965
43.8,,4.0,1.0,C3,1.0,0.0,0,Z-FMJ,0.98169
47.3,93.0,-1.0,-5.2,C1,5.0,0.0,1,Z-PJS,-0.48326
52.2,97.0,5.0,-3.3,C1,5.0,1.0,1,Z-WXJ,0.27193
56.9,,-0.7,3.1,C3,5.0,0.0,0,Z-CNV,-0.67394
52.7,130.0,-0.2,,C1,4.0,1.0,1,,-1.49148
,155.0,-1.8,2.3,C1,1.0,1.0,0,Z-NVY,-0.99941
49.4,64.0,-1.5,,C2,3.0,0.0,0,Z-PYC,1.33326
47.5,91.0,-1.3,,C1,1.0,0.0,1,Z-CJR,-1.40175
-7.5,78.0,-1.2,-8.8,C3,3.0,1.0,0,Z-TMU,0.37897
53.3,,4.8,12.9,C1,2.0,1.0,1,Z-KRD,-1.45125
44.4,72.0,6.6,-3.1,C1,3.0,0.0,1,Z-MZI,0.74285
44.6,114.0,-0.4,5.6,C2,4.0,0.0,0,Z-SEE,0.60468
,75.0,4.0,1.8,C3,4.0,0.0,0,Z-PTE,0.11423
57.7,105.0,-4.3,-6.2,C1,1.0,0.0,1,Z-FGV,-0.55594
47.2,104.0,5.8,,C4,5.0,0.0,0,Z-EZF,-0.01133
51.2,84.0,-1.4,-6.8,C4,2.0,0.0,0,Z-DWI,0.30633
49.7,,5.4,6.4,,5.0,0.0,1,Z-PUS,-0.3676
56.0,90.0,-1.7,0.6,C1,3.0,,1,,-2.08462
43.4,86.0,0.7,-0.9,C1,1.0,0.0,0,Z-WIZ,0.6901
41.5,99.0,6.2,4.9,C5,4.0,0.0,1,Z-LSC,0.03065
52.0,98.0,5.0,10.9,C1,1.0,1.0,0,Z-LYI,-0.1479
55.0,121.0,4.4,5.0,C1,3.0,1.0,0,Z-BVK,-0.47539
52.8,130.0,2.8,-2.4,C1,4.0,0.0,1,Z-VLI,-3.45575
43.7,120.0,7.1,7.8,C1,3.0,0.0,0,Z-LXT,-0.18049
55.6,114.0,6.4,1.7,C1,4.0,0.0,1,Z-STS,-0.41253
44.2,60.0,-1.4,-5.9,C1,3.0,1.0,0,Z-HYR,0.47356
46.0,60.0,0.8,1.2,C3,1.0,0.0,0,Z-GMV,0.23662
42.6,57.0,-0.7,-6.5,C1,4.0,0.0,0,,-0.775
60.6,89.0,-4.3,-5.1,,5.0,0.0,1,Z-IDT,0.50065
55.2,112.0,-1.3,0.1,C2,,0.0,1,Z-WYT,-0.21287
55.0,159.0,-3.0,3.9,C1,1.0,1.0,0,Z-DKL,0.19736
60.1,123.0,,6.4,C4,2.0,1.0,0,Z-TGQ,-0.16992
,136.0,5.3,-3.2,C3,3.0,1.0,0,Z-YVZ,0.55366
36.5,103.0,4.2,-3.5,C3,5.0,0.0,0,Z-RMZ,0.62854
44.2,68.0,3.6,8.9,C1,4.0,1.0,0,Z-CIZ,0.46977
45.2,120.0,-3.1,-7.0,C3,4.0,0.0,0,Z-OEQ,1.56042
43.3,115.0,4.2,,C3,2.0,0.0,0,Z-DET,1.12041
41.5,87.0,3.0,-3.2,C5,3.0,0.0,1,Z-BCH,0.49593
47.8,153.0,6.8,7.7,C3,3.0,,0,Z-PZK,-0.44432
40.4,114.0,-2.4,-3.2,C2,,0.0,1,,-0.26344
52.8,106.0,4.1,4.7,C4,3.0,1.0,0,Z-ALZ,0.09491
50.6,97.0,1.7,-0.3,C1,3.0,0.0,1,Z-KIK,0.09208
54.0,95.0,4.8,-2.1,C2,4.0,1.0,1,Z-ECZ,-0.79307
54.2,104.0,4.4,-5.3,C3,4.0,,0,Z-HQJ,-1.07033
55.0,244.0,3.9,-1.7,C2,,0.0,1,Z-VAE,0.49304
47.2,87.0,3.1,1.6,C1,3.0,1.0,1,Z-OKT,0.08281
67.1,123.0,4.4,-2.8,C1,4.0,1.0,0,Z-HWK,0.14157
52.0,71.0,3.6,5.7,C1,2.0,0.0,1,Z-GER,-1.70993
35.3,60.0,4.2,-2.2,C4,2.0,1.0,0,Z-VOS,-1.68234
42.1,44.0,-0.5,-9.1,,5.0,1.0,0,Z-ZMB,0.28233
36.2,,4.6,2.4,C3,4.0,0.0,1,Z-MIE,1.01586
50.3,103.0,-2.0,-0.1,C4,,0.0,1,Z-PIY,1.04675
49.2,95.0,-2.8,2.2,C1,5.0,0.0,1,Z-DNU,0.51316
46.4,118.0,-0.2,-8.6,C3,4.0,0.0,0,Z-TTC,0.76236
66.3,104.0,1.8,6.0,C2,2.0,0.0,0,Z-TQX,-1.46063
54.6,89.0,-0.3,-1.1,C3,3.0,1.0,1,Z-CRS,0.90723
56.0,70.0,-1.2,-5.3,C3,3.0,0.0,0,Z-GSW,0.517
42.7,115.0,-2.2,-0.6,C5,2.0,0.0,1,Z-AYG,-2.27326
42.2,,3.2,7.0,C3,4.0,0.0,0,Z-GPJ,1.29131
50.5,,,-8.2,C1,,0.0,1,Z-EZP,1.24368
51.5,145.0,3.3,-0.6,C3,1.0,0.0,0,Z-AYD,-0.37627
35.3,64.0,1.2,-2.9,C1,2.0,1.0,0,Z-EOP,-1.20395
48.7,79.0,-1.2,0.0,C2,4.0,0.0,1,Z-DTG,1.35589
50.3,52.0,6.7,10.4,C1,3.0,0.0,1,Z-OGK,0.10548
48.4,68.0,-0.9,-2.1,C2,1.0,1.0,1,Z-YBL,-1.22362
43.6,81.0,1.1,-1.9,C3,3.0,0.0,0,,-0.71391
45.8,38.0,2.8,2.8,C1,2.0,1.0,1,Z-UMP,0.55225
48.7,69.0,4.9,1.7,C1,1.0,0.0,1,Z-XHX,-0.46378
50.9,99.0,-2.0,-12.6,C1,2.0,1.0,0,Z-WCQ,1.65489
55.0,133.0,-1.0,-0.3,C1,4.0,0.0,1,Z-CNO,
58.8,96.0,3.6,5.8,C1,1.0,0.0,0,Z-RYT,0.82308
47.8,100.0,-0.7,2.4,C3,2.0,0.0,0,,1.1746
46.5,144.0,3.7,-3.3,,2.0,,0,Z-JBG,0.20456
53.7,58.0,4.8,5.2,C2,4.0,,1,Z-RSO,0.62326
55.0,138.0,-0.7,4.3,C1,2.0,0.0,0,Z-PMP,-0.64139
46.7,273.0,-2.2,7.2,C2,3.0,0.0,0,Z-KLY,1.34254
56.5,145.0,1.6,1.8,C5,1.0,0.0,0,Z-RRX,0.13814
58.0,140.0,-1.6,1.2,C2,4.0,0.0,0,Z-BHK,-0.60399
60.5,100.0,7.0,0.3,C2,2.0,,1,Z-JSH,0.0609
64.4,124.0,5.9,-1.2,C2,3.0,,0,Z-CAA,1.22269
43.2,49.0,5.8,7.7,C1,2.0,1.0,1,Z-BHS,-0.14423
50.3,86.0,-2.8,-12.7,C1,4.0,,0,Z-AWL,-1.495
50.2,101.0,-2.5,,C3,2.0,0.0,0,Z-MZH,-0.9666
49.4,107.0,5.9,9.6,C1,1.0,0.0,0,Z-IVG,1.26585
45.0,113.0,5.7,6.4,C3,3.0,1.0,0,Z-RQH,-0.10188
38.3,123.0,4.6,5.4,C2,5.0,0.0,1,Z-EPO,-0.91955
50.9,90.0,3.9,1.6,C1,4.0,1.0,1,Z-INR,0.26147
44.0,121.0,2.3,-1.3,C2,5.0,0.0,1,Z-YVD,0.43982
50.8,109.0,-1.0,6.6,C1,3.0,0.0,1,Z-JKV,0.5826
43.8,,2.6,5.9,C1,3.0,1.0,1,Z-QFZ,-0.47776
41.4,82.0,3.4,5.0,C2,4.0,0.0,1,Z-KPH,0.13257
52.0,107.0,-0.5,-1.9,C3,2.0,1.0,0,Z-CRW,0.18757
51.4,80.0,6.1,1.3,C4,,0.0,1,Z-GPL,0.14636
54.8,80.0,,2.2,C4,2.0,0.0,1,Z-RHB,0.22835
67.7,101.0,,-3.3,C2,5.0,1.0,0,Z-GVT,0.06327
52.4,89.0,-0.7,-1.9,C1,4.0,1.0,1,,0.08571
54.0,84.0,3.8,4.4,C1,2.0,0.0,1,Z-FAE,-1.32966
41.5,119.0,4.5,3.2,C1,4.0,0.0,1,Z-VKB,-0.94342
,17.0,-3.0,2.3,C1,4.0,0.0,0,Z-SFW,1.22863
62.8,125.0,1.7,-5.7,,3.0,0.0,1,Z-EMA,-0.04671
42.8,102.0,,-2.5,C3,1.0,0.0,0,Z-ZOZ,-0.55189
41.8,60.0,1.9,9.1,C2,4.0,1.0,1,Z-JJV,0.92138
49.8,94.0,4.6,6.3,C1,2.0,0.0,1,Z-TXL,2.44215
,90.0,0.2,-2.2,C3,2.0,0.0,0,Z-MLA,2.41323
42.9,86.0,-0.9,1.0,C4,3.0,1.0,0,Z-SDP,0.03394
47.7,114.0,-4.0,-5.4,,2.0,0.0,1,Z-NWR,0.33959
60.0,132.0,6.4,10.2,C1,4.0,0.0,0,Z-SYQ,-0.83119
43.7,73.0,5.8,6.9,,2.0,1.0,0,Z-DZL,0.93769
39.0,41.0,4.3,-1.6,C1,4.0,1.0,0,Z-KJC,1.11986
57.7,118.0,3.1,2.1,C1,3.0,0.0,0,Z-VGG,-0.42669
54.1,89.0,6.5,5.9,C2,3.0,1.0,1,Z-MNQ,-1.38266
45.2,78.0,-1.0,-0.5,C2,1.0,0.0,0,Z-EUJ,-0.81165
37.5,85.0,4.2,3.4,C4,1.0,1.0,1,Z-GVL,0.26852
44.2,79.0,6.6,6.5,C1,2.0,0.0,1,Z-MYE,-1.46518
49.7,108.0,-0.7,-0.4,C4,2.0,1.0,1,Z-WTJ,0.9981
59.5,184.0,3.9,-1.2,C1,2.0,1.0,0,Z-OND,-0.02729
41.9,105.0,4.1,0.0,C1,3.0,0.0,1,Z-DXO,-0.57655
49.5,136.0,2.5,,C1,3.0,1.0,1,Z-LPK,0.02763
55.6,123.0,-5.5,-6.1,C1,4.0,0.0,1,Z-FEJ,-0.83379
31.1,70.0,-1.6,-4.1,C4,3.0,0.0,0,Z-IVL,0.79428
58.4,129.0,3.6,6.2,C1,2.0,0.0,0,Z-OYU,-0.20016
40.7,97.0,-2.7,-8.1,C1,5.0,0.0,0,Z-SRE,0.63867
,317.0,0.4,,C3,3.0,0.0,0,Z-PPT,1.60737
52.1,105.0,0.3,7.0,C1,2.0,0.0,1,Z-NNA,-0.22417
58.8,80.0,-2.6,-7.4,C3,1.0,0.0,0,Z-CKW,0.1526
54.6,68.0,4.2,6.7,C4,2.0,0.0,1,Z-RXD,-2.3324
31.1,81.0,4.5,4.9,C1,4.0,0.0,1,Z-VHJ,0.72755
43.9,59.0,7.7,1.8,C1,2.0,1.0,1,Z-TOS,0.4726
51.3,121.0,-1.0,-3.1,C2,2.0,1.0,1,Z-CJN,0.49377
48.6,134.0,1.7,-1.3,C4,1.0,1.0,0,Z-YUX,-0.5446
54.0,101.0,-2.3,-2.1,C5,2.0,1.0,1,Z-GAO,-0.54213
56.5,144.0,0.3,-4.6,C4,3.0,1.0,1,Z-MXZ,-2.48944
55.0,116.0,4.8,1.8,,2.0,1.0,0,Z-QFJ,0.05468
48.4,98.0,-0.9,-2.6,C2,1.0,0.0,1,Z-KIE,-0.69682
35.4,77.0,0.3,3.3,C3,4.0,1.0,0,Z-DCI,0.14828
46.5,72.0,3.6,-0.2,C3,4.0,0.0,0,Z-XVM,
53.5,80.0,3.7,-2.5,C1,5.0,1.0,1,Z-HMC,0.23156
41.4,41.0,0.3,-3.7,,1.0,1.0,0,Z-ZEY,-1.08622
55.2,89.0,1.6,1.4,C3,4.0,0.0,1,Z-NLZ,0.76923
57.4,170.0,6.5,-3.4,C4,2.0,0.0,0,Z-WOD,0.46693
51.2,,7.4,9.9,C3,3.0,1.0,1,Z-AHB,-0.50951
25.6,27.0,4.6,2.5,,4.0,1.0,0,Z-FRX,-1.30823
39.9,61.0,-1.2,-0.9,C4,2.0,0.0,0,Z-ERK,-0.53073
65.3,105.0,0.5,-0.3,C1,3.0,0.0,0,Z-XWB,-1.54785
45.8,100.0,0.2,-4.3,C2,2.0,1.0,0,Z-GUT,0.10452
34.3,57.0,5.7,-1.2,,2.0,1.0,0,Z-QIL,-0.51788
60.0,112.0,3.8,-1.3,C3,4.0,0.0,0,Z-XYD,1.66506
50.3,78.0,7.6,-1.3,C5,2.0,0.0,1,Z-NZI,0.9507
,102.0,4.1,3.5,C1,3.0,0.0,0,Z-NZT,-0.67433
52.4,103.0,2.0,-0.5,C1,4.0,1.0,1,Z-DTT,-0.51631
53.8,103.0,1.5,-6.8,C1,3.0,1.0,1,Z-NGI,
53.1,159.0,-1.0,-5.1,C1,1.0,0.0,1,Z-EXZ,-0.90013
55.7,109.0,4.5,5.1,C3,1.0,0.0,0,Z-MZU,0.86915
68.4,125.0,6.0,9.1,C2,2.0,0.0,0,Z-WGM,-0.45977
57.9,46.0,5.3,,C1,5.0,0.0,1,Z-TDZ,-2.40222
37.5,86.0,-0.6,7.0,C3,5.0,0.0,1,Z-HOX,-0.46613
53.7,53.0,4.7,,C3,3.0,1.0,1,Z-QFT,-2.56217
59.3,298.0,2.0,-7.1,C1,3.0,1.0,0,Z-MLX,-0.14266
59.8,120.0,0.8,6.5,C2,3.0,0.0,0,Z-LFU,0.60558
46.7,116.0,1.2,-4.9,C3,4.0,0.0,0,Z-LYU,-0.47831
59.5,99.0,3.7,8.1,C1,3.0,1.0,0,Z-YRF,-1.73641
57.6,114.0,0.6,-3.9,C3,,0.0,1,Z-KVJ,-0.40905
70.8,153.0,-2.0,-4.6,C3,1.0,0.0,0,Z-QOW,0.86364
44.2,65.0,6.1,-1.8,C3,5.0,0.0,0,Z-LEA,-0.12719
46.1,110.0,,-1.4,C1,3.0,1.0,1,Z-NXO,-1.77313
47.7,111.0,-0.8,2.5,C3,3.0,0.0,0,Z-HXT,
46.2,90.0,,-3.5,C1,2.0,1.0,0,Z-ACT,-0.06012
43.0,,3.9,1.5,C4,1.0,1.0,0,Z-XJE,-0.10713
28.0,77.0,-1.8,-0.4,C1,2.0,0.0,0,Z-TMO,0.26041
46.7,49.0,5.2,1.0,C1,5.0,1.0,1,Z-NMM,
53.1,132.0,5.2,8.7,C3,3.0,1.0,0,Z-ZDT,-3.2802
46.2,76.0,4.0,1.5,C1,,1.0,1,Z-HBR,-0.32829
65.7,148.0,3.1,-1.1,C1,1.0,0.0,0,Z-OTN,1.29205
,109.0,3.8,-5.0,C1,1.0,0.0,1,Z-FNB,0.82455
60.5,47.0,-0.2,-7.2,,3.0,1.0,1,Z-LMR,-1.83558
52.3,120.0,,4.0,C2,5.0,,1,Z-UXP,-0.75513
56.8,106.0,3.5,2.5,C2,3.0,1.0,1,Z-RTL,-0.85428
52.4,92.0,2.4,3.9,,,1.0,1,Z-UMY,1.50448
61.1,107.0,4.5,-0.0,C2,2.0,1.0,0,Z-PWR,0.21092
50.6,122.0,-1.4,-9.8,C2,3.0,1.0,1,Z-VAQ,-1.75305
54.1,82.0,2.4,-1.6,C1,4.0,1.0,1,Z-CZJ,-0.78671
53.1,135.0,-0.4,6.7,C1,3.0,1.0,0,Z-PVY,1.36132
47.9,56.0,3.1,,C3,5.0,0.0,0,Z-BRI,0.57854
53.4,,-3.0,-4.4,C1,3.0,0.0,1,Z-IMU,-0.10943
68.0,304.0,3.2,-9.0,C5,1.0,0.0,0,Z-AQG,-1.67706
48.0,117.0,4.3,-0.0,C1,1.0,0.0,0,Z-FCI,
53.5,111.0,2.3,-1.4,,3.0,0.0,1,Z-PHQ,
60.2,112.0,-3.6,-3.4,C1,4.0,1.0,1,,-0.44367
59.3,101.0,-0.8,-3.6,C3,3.0,1.0,0,Z-JHK,-1.24965
50.3,68.0,1.6,-6.7,C1,4.0,0.0,0,Z-CEP,-0.47469
31.1,50.0,5.6,0.5,C1,1.0,1.0,1,Z-PUI,2.31266
54.3,81.0,-3.1,-5.2,C1,2.0,1.0,1,Z-HPL,1.52878
32.4,40.0,-4.4,-9.7,C1,1.0,0.0,0,Z-EYS,0.67187
61.9,169.0,0.4,-4.9,C1,2.0,1.0,0,Z-JKX,-0.5215
51.5,56.0,3.7,5.9,C2,3.0,1.0,1,Z-OGZ,0.88837
58.2,,5.9,0.9,C3,5.0,1.0,0,Z-DGY,1.43763
42.9,55.0,3.6,3.4,C1,3.0,0.0,1,Z-VZU,-0.07757
37.7,52.0,-0.6,-2.9,C2,2.0,0.0,0,Z-DLG,-0.46196
52.2,76.0,-4.5,-10.8,C5,4.0,0.0,1,Z-JNL,0.11947
49.9,70.0,-3.7,-6.3,C3,4.0,1.0,0,Z-DHB,0.43815
46.2,119.0,4.0,3.2,C5,2.0,1.0,1,Z-VNP,-0.58646
50.8,117.0,-0.3,5.5,,4.0,,1,Z-KMR,-2.20552
72.3,131.0,3.7,-1.6,C2,3.0,1.0,0,Z-DIN,1.72677
56.8,185.0,3.8,1.4,,3.0,0.0,0,Z-YPR,
58.6,114.0,3.6,5.4,C5,,0.0,1,Z-XUA,-0.7929
56.9,113.0,-0.6,,C4,4.0,1.0,1,Z-YNV,0.27374
62.0,102.0,4.9,-0.0,C2,4.0,1.0,0,Z-LVO,0.84201
48.6,76.0,-1.4,-3.5,C1,4.0,0.0,1,Z-CBJ,1.06965
33.7,58.0,-1.3,1.9,C2,3.0,0.0,0,Z-KSZ,-0.36818
48.6,121.0,3.9,4.0,C4,1.0,1.0,0,Z-POW,-0.47167
56.7,127.0,0.0,2.8,C2,2.0,,0,Z-MFW,-0.26528
42.4,122.0,-0.1,3.3,C3,4.0,0.0,0,Z-AYJ,0.45638
48.7,79.0,1.8,,C3,2.0,0.0,0,Z-FTX,-2.38677
44.6,,-3.0,-3.6,C1,5.0,1.0,1,Z-RWU,1.75873
62.2,,4.1,-0.9,C3,1.0,0.0,0,Z-CPD,-0.30549
56.2,122.0,5.3,2.0,C1,3.0,1.0,0,Z-QKT,-0.03492
55.4,86.0,4.6,1.6,C4,1.0,0.0,1,Z-YEJ,-0.75235
55.1,81.0,-1.4,2.3,C1,4.0,0.0,1,Z-NUU,-0.77202
49.9,114.0,-1.8,,C2,3.0,0.0,1,Z-FHL,0.16385
51.7,127.0,-1.9,-2.5,C1,3.0,0.0,1,,-0.29114
40.7,68.0,5.0,-1.5,C1,1.0,1.0,0,Z-EKB,-0.02302
32.7,87.0,4.0,7.0,C3,3.0,1.0,1,Z-MSP,-0.7654
51.4,135.0,2.8,-2.4,C3,2.0,1.0,0,Z-DJD,0.97807
52.8,,6.1,2.6,C5,2.0,1.0,1,Z-BEV,-0.61411
59.8,78.0,5.8,9.0,C2,2.0,0.0,0,Z-TAA,0.38191
62.7,86.0,-1.6,0.8,C1,4.0,0.0,1,Z-RCL,-1.04031
62.7,103.0,6.3,0.3,C1,2.0,0.0,0,Z-PHV,0.62876
42.2,75.0,4.1,-2.6,C2,1.0,0.0,0,Z-URK,0.5817
47.3,95.0,,1.6,C1,2.0,0.0,1,Z-CRF,0.6134
54.0,106.0,0.0,-4.0,C2,4.0,0.0,1,Z-CJE,-0.80345
70.4,127.0,6.7,-2.0,C1,,0.0,0,Z-FDI,-0.02844
,139.0,-1.7,-6.3,C5,1.0,0.0,1,Z-ZNC,0.33055
59.1,95.0,4.7,-9.1,C1,1.0,0.0,0,,1.32063
47.1,129.0,2.5,4.4,C3,1.0,0.0,0,Z-EBT,-0.15993
43.1,114.0,1.6,3.3,C2,4.0,0.0,1,Z-BEO,0.43405
56.5,134.0,2.9,6.9,C2,5.0,0.0,0,Z-XFR,-0.01894
41.3,68.0,-0.5,-0.6,C3,4.0,0.0,0,Z-SMF,-0.98408
48.3,,3.3,-0.7,C4,3.0,1.0,0,Z-ZBE,-1.46183
,118.0,4.0,6.2,C3,2.0,1.0,0,Z-OPB,-1.36162
62.9,116.0,3.6,-1.4,C1,2.0,0.0,0,Z-LYH,0.81449
47.3,77.0,0.2,-7.1,C1,4.0,0.0,1,Z-VKF,-2.18535
30.6,48.0,5.9,2.9,C4,4.0,0.0,1,Z-VDQ,
54.2,89.0,4.7,4.2,C2,5.0,0.0,1,Z-QHS,-1.36918
44.6,60.0,-1.9,-6.7,C3,5.0,,0,Z-OXI,-0.06338
50.5,178.0,-1.8,-7.6,C2,4.0,,1,Z-VXI,-0.38573
49.5,47.0,2.4,-1.3,C3,2.0,0.0,0,Z-HBL,1.04722
48.0,70.0,-4.7,-4.0,C2,5.0,0.0,0,Z-TRX,0.21319
56.5,127.0,2.9,0.3,C2,1.0,1.0,0,Z-RFL,-0.95276
37.9,61.0,4.2,13.2,C5,2.0,0.0,1,Z-LKW,0.68599
46.0,84.0,-0.1,-2.3,C2,4.0,0.0,1,Z-JSL,-0.51751
55.6,120.0,3.3,4.4,C1,3.0,1.0,0,Z-EMY,0.58108
45.2,120.0,,-4.2,C2,2.0,0.0,1,Z-DQF,-0.59827
37.3,71.0,3.9,4.3,C1,3.0,0.0,1,Z-CQP,-2.04475
55.5,,,-0.1,C1,4.0,0.0,1,,0.61112
59.1,70.0,2.9,0.9,C3,2.0,1.0,1,Z-YQK,-0.37843
49.8,83.0,5.3,10.2,C1,3.0,1.0,1,Z-EIU,2.27374
34.5,87.0,4.8,1.0,C2,2.0,1.0,1,Z-ENI,0.13461
55.8,163.0,5.0,-2.8,C2,2.0,1.0,0,Z-YDT,-1.45267
36.9,52.0,4.3,-2.7,C1,2.0,0.0,0,Z-WGL,-0.4825
52.6,74.0,-1.0,-1.8,C1,4.0,0.0,1,Z-FIX,1.50524
,98.0,1.6,0.3,,2.0,0.0,0,Z-PZE,-0.18552
40.9,86.0,5.8,3.8,C5,3.0,1.0,1,Z-IJS,-0.62252
46.6,75.0,1.3,-5.9,C1,,0.0,0,Z-OMS,-0.2429
48.7,65.0,4.9,11.3,C1,1.0,0.0,1,Z-UNX,0.03571
45.0,78.0,6.3,10.1,,,0.0,1,Z-PVS,-0.56289
54.9,122.0,0.6,-0.5,C4,2.0,0.0,1,Z-VTX,-1.14184
46.6,85.0,2.2,-6.1,C5,3.0,0.0,1,Z-QCN,-1.48635
,,6.1,10.4,,4.0,1.0,0,Z-KAY,
52.4,101.0,2.5,5.4,C5,5.0,0.0,1,Z-ILZ,2.72783
44.6,107.0,4.0,2.3,C4,5.0,,0,Z-PRN,0.44018
43.2,96.0,2.9,6.0,C1,5.0,0.0,1,Z-DFR,1.37504
37.0,67.0,-0.9,-4.5,C3,1.0,0.0,0,Z-YYV,0.68045
52.5,,3.4,-2.7,,3.0,0.0,1,Z-KUX,0.28192
47.3,63.0,6.8,,C2,4.0,1.0,1,Z-HIR,-1.44367
31.2,53.0,-0.3,,C3,4.0,1.0,0,Z-PNE,0.0299
45.9,82.0,-1.7,,C1,3.0,0.0,0,Z-GRK,
42.9,99.0,-1.3,-0.5,C5,2.0,0.0,1,Z-ACS,-0.18364
,,3.3,2.3,C5,,1.0,0,Z-CLI,-0.39635
36.5,55.0,-1.9,-9.2,C4,4.0,1.0,0,Z-QPR,0.06987
38.6,55.0,-0.8,-4.1,C1,4.0,1.0,0,Z-RHL,-0.014
59.0,117.0,-1.9,-8.9,C3,2.0,0.0,0,Z-UHA,-0.30266
61.0,77.0,-3.0,-6.3,C4,1.0,0.0,1,Z-RNR,-0.50513
44.2,118.0,0.9,,C1,5.0,0.0,1,Z-LKS,-0.10104
45.1,86.0,3.1,5.3,C3,3.0,0.0,0,Z-DBT,0.28482
55.1,,1.5,-0.9,C1,4.0,0.0,1,Z-VEJ,0.31066
31.5,37.0,6.7,3.3,C3,5.0,1.0,1,Z-SRH,0.3754
35.3,84.0,-1.9,-4.9,,5.0,1.0,0,Z-FWH,1.05851
47.9,104.0,-1.2,-9.9,C4,2.0,1.0,0,Z-HNF,0.55904
62.6,,,-0.7,C2,4.0,0.0,1,Z-QUH,1.19079
46.7,91.0,,4.8,C3,3.0,0.0,0,Z-NGK,1.28609
51.0,71.0,4.6,3.4,C1,2.0,0.0,1,Z-KMC,-0.79026
59.2,109.0,0.9,2.1,C3,3.0,0.0,0,Z-OAJ,0.01515
67.0,169.0,0.9,2.3,C4,3.0,0.0,0,Z-SSS,0.02652
45.5,150.0,0.2,7.9,C3,2.0,0.0,0,Z-PYJ,0.17762
50.0,94.0,6.9,-0.3,C4,2.0,0.0,1,Z-EXZ,-0.74232
,294.0,7.0,5.5,C3,3.0,0.0,0,Z-ORW,2.16734
38.0,90.0,-0.4,-0.5,C2,4.0,,1,Z-WCJ,-1.88848
58.4,68.0,-1.8,-4.6,C4,5.0,0.0,1,Z-KBW,-0.58833
42.0,56.0,0.2,-4.1,C1,4.0,1.0,0,Z-TEQ,0.57561
51.0,39.0,5.0,4.9,C3,4.0,1.0,1,Z-SUA,-1.65484
48.2,304.0,0.2,0.3,C3,1.0,0.0,0,Z-KDW,-0.33814
42.5,140.0,0.9,-5.3,C4,3.0,0.0,1,Z-FCJ,0.12194
42.3,,-0.0,-9.2,C2,2.0,1.0,0,Z-LSV,-0.72866
52.4,105.0,6.0,1.5,C2,,0.0,0,Z-WLH,0.58848
58.1,111.0,-0.7,-5.0,,4.0,0.0,1,Z-RZD,-1.75987
49.1,89.0,3.4,3.9,C5,5.0,0.0,1,Z-KDX,-1.19206
50.7,130.0,1.5,-4.2,C2,2.0,1.0,1,Z-AAL,1.73529
54.7,114.0,0.8,-1.7,C2,3.0,,1,Z-UXZ,0.12447
42.4,89.0,0.8,-8.2,,1.0,,0,Z-ADU,
56.1,81.0,5.0,-3.8,C3,4.0,1.0,1,Z-PQO,
56.7,128.0,-1.3,,C1,2.0,0.0,1,Z-BFO,-0.63615
71.0,131.0,4.9,1.7,C2,3.0,1.0,0,Z-LRD,0.49939
47.1,271.0,,-0.4,C3,2.0,1.0,0,Z-FQJ,-1.18147
46.5,121.0,-3.8,-4.3,C3,1.0,1.0,0,Z-MIB,
56.3,67.0,-3.6,-12.0,C1,4.0,0.0,0,Z-TUA,
56.7,103.0,0.6,-2.0,C4,3.0,0.0,1,Z-NIM,-1.16027
45.9,81.0,-3.4,-5.4,C2,4.0,0.0,0,Z-ISP,0.00197
46.9,81.0,-2.7,-10.1,C1,5.0,0.0,0,Z-KBP,-0.37137
54.5,78.0,,3.2,C1,3.0,1.0,1,Z-LKJ,
43.5,70.0,-1.4,-12.0,C4,4.0,0.0,0,Z-OWC,0.00251
46.9,65.0,1.2,-3.5,C5,2.0,1.0,1,,0.253
50.9,124.0,6.2,7.1,C4,3.0,,0,Z-MDR,-2.02414
58.1,124.0,-2.2,-13.0,C4,4.0,1.0,0,Z-YSH,0.99893
45.3,101.0,1.8,2.8,C2,5.0,0.0,0,Z-VPA,
35.4,24.0,3.8,-3.2,C2,2.0,0.0,0,Z-EAZ,-0.81792
34.8,127.0,-3.4,-7.1,C4,4.0,1.0,1,Z-GFU,0.15043
40.1,72.0,4.4,8.2,C2,4.0,0.0,1,Z-SNW,0.68557
39.6,130.0,5.2,0.3,C3,2.0,0.0,0,Z-TCB,0.9694
48.9,119.0,5.0,9.6,C3,3.0,0.0,0,Z-JUZ,-1.52565
40.6,78.0,4.2,0.8,C1,3.0,0.0,1,Z-KBT,-0.06918
44.5,146.0,2.7,0.4,C1,1.0,0.0,0,Z-DTN,0.85903
44.0,105.0,3.8,5.3,C1,3.0,1.0,1,Z-WIT,-0.65695
46.6,88.0,3.5,3.8,C1,5.0,1.0,1,Z-ZJP,-0.70072
,108.0,4.0,2.5,C2,4.0,0.0,0,Z-VDF,-0.08137
55.5,137.0,5.4,1.1,C1,2.0,0.0,0,Z-ZXW,0.9471
50.3,86.0,5.0,-3.8,C1,2.0,0.0,1,Z-BVF,0.8123
46.5,84.0,0.7,-7.4,C1,2.0,0.0,0,Z-TEK,0.36002
46.7,78.0,3.9,7.3,C3,1.0,0.0,0,Z-YPN,-0.15092
52.8,84.0,1.4,6.8,C4,,0.0,1,Z-RYI,-1.08234
54.8,90.0,-3.8,-4.4,C2,4.0,0.0,1,Z-VEB,-0.77909
-79.3,136.0,-1.1,-10.1,C3,3.0,1.0,0,Z-BTG,-1.73304
50.5,128.0,-3.8,,C3,4.0,0.0,0,Z-RAL,1.28503
33.9,79.0,3.4,-2.1,C3,4.0,1.0,0,Z-RFU,0.41369
51.9,,2.0,-2.2,C5,1.0,0.0,1,Z-EMS,-0.05531
56.3,96.0,3.5,-2.3,C3,5.0,0.0,1,Z-GBE,-0.24135
47.9,87.0,5.4,5.4,C2,5.0,1.0,1,Z-VVW,0.34836
64.7,173.0,-3.5,-3.6,C4,1.0,0.0,0,Z-IAB,-1.92616
,96.0,-2.7,2.7,C3,1.0,1.0,0,Z-PGK,1.36425
51.9,123.0,3.2,-0.5,C2,4.0,1.0,1,Z-RSZ,0.6626
49.9,105.0,1.7,0.7,C3,3.0,1.0,0,Z-GPD,-0.78936
49.4,75.0,-2.2,-0.4,C1,5.0,0.0,1,Z-HAW,-0.16975
49.2,102.0,-1.8,1.2,C3,2.0,1.0,0,Z-QGD,2.08077
51.0,73.0,-2.9,-9.3,C3,4.0,0.0,0,Z-GUY,0.78554
56.9,144.0,2.7,2.5,C3,3.0,0.0,0,Z-DZF,1.46556
61.2,99.0,-1.5,-2.3,C1,3.0,1.0,1,Z-PJH,0.1074
50.1,85.0,5.6,4.6,C2,2.0,1.0,1,Z-SGG,-0.84437
56.7,133.0,-0.4,-1.7,C4,3.0,1.0,1,Z-OIR,-0.37953
44.5,72.0,1.6,7.1,C2,3.0,0.0,1,Z-FFZ,1.03617
56.3,105.0,4.2,-1.7,C5,2.0,0.0,1,Z-EJO,0.23328
44.1,19.0,3.5,-2.5,C1,4.0,0.0,0,Z-HPZ,-0.56475
58.9,106.0,-3.1,-7.8,C3,2.0,1.0,1,Z-OVY,-2.68
67.9,146.0,,0.0,C1,2.0,1.0,0,Z-AHM,0.77694
,82.0,2.5,1.9,C3,1.0,0.0,0,Z-CEW,0.96799
32.6,86.0,,-4.2,C5,4.0,0.0,1,Z-JWX,-0.02842
45.8,93.0,2.6,5.0,C2,2.0,1.0,1,Z-NGH,0.05408
60.0,146.0,5.2,3.0,C2,5.0,0.0,0,Z-PTY,-0.09986
54.6,88.0,,2.2,C4,4.0,0.0,1,Z-BRW,-1.259
52.2,97.0,5.2,-2.7,C2,5.0,1.0,1,Z-RSF,0.28843
58.2,74.0,-2.1,4.3,C2,2.0,0.0,1,Z-SPT,-1.23079
54.0,104.0,3.2,1.0,C1,3.0,1.0,1,Z-KYF,-0.07516
59.9,105.0,0.3,5.6,C2,5.0,1.0,0,Z-FOQ,0.20745
57.5,139.0,2.6,-2.0,C3,5.0,0.0,0,Z-HLV,-0.0015
62.3,104.0,4.9,6.2,C2,4.0,0.0,0,Z-NFZ,-1.10072
53.0,94.0,-1.2,-5.0,C1,5.0,1.0,1,Z-CBG,-0.94228
57.4,94.0,0.9,6.9,C1,1.0,0.0,0,Z-GYW,0.32774
47.7,97.0,6.6,8.9,C1,1.0,1.0,0,Z-JIH,-1.34948
45.3,146.0,5.5,6.8,C4,3.0,0.0,0,Z-HLI,-1.00696
63.8,29.0,-3.4,-7.7,C5,2.0,1.0,1,Z-UGL,0.47437
51.9,102.0,5.6,11.3,C2,5.0,0.0,0,Z-IJZ,-0.54406
56.6,143.0,0.3,7.3,C4,1.0,,0,Z-YEI,0.40232
51.1,88.0,-1.8,-4.8,C1,2.0,1.0,1,Z-FRX,-0.09145
45.5,107.0,1.8,0.6,C4,2.0,1.0,0,Z-XKG,0.13106
50.2,132.0,2.5,4.5,,4.0,0.0,1,Z-PMS,-0.34603
61.7,112.0,,-10.0,C1,1.0,1.0,0,Z-CBB,-1.11862
54.6,90.0,6.6,9.0,C1,4.0,0.0,1,Z-KSS,-1.46538
36.5,,0.7,3.4,C2,5.0,0.0,1,Z-DAP,0.6344
48.4,111.0,5.8,1.1,C2,3.0,0.0,1,Z-IUM,
64.4,,3.2,-8.1,,1.0,1.0,0,Z-JNQ,-0.80415
48.4,114.0,3.4,2.7,C1,1.0,1.0,1,Z-KZW,1.72907
35.7,102.0,-2.1,-8.2,C3,2.0,1.0,0,Z-ODL,0.28295
,124.0,0.9,-7.6,C3,1.0,0.0,0,Z-YFT,0.09884
55.6,118.0,-0.8,-0.7,C1,3.0,0.0,1,Z-BVM,0.57018
49.6,114.0,3.9,7.4,C1,3.0,0.0,0,Z-MKM,-0.80113
47.2,83.0,2.6,-0.3,C3,2.0,0.0,0,,-0.66565
58.8,147.0,-1.2,2.3,C3,4.0,0.0,0,Z-KQE,-0.60906
45.8,65.0,4.8,5.4,C2,3.0,1.0,1,Z-VCX,-0.13632
59.4,112.0,-0.1,-7.5,C2,3.0,0.0,0,Z-WOR,0.90681
54.5,128.0,-1.9,-5.6,,4.0,1.0,1,Z-ZPE,0.65942
52.1,75.0,1.9,4.6,C2,5.0,1.0,1,Z-SDT,-0.88027
51.3,,0.8,-3.3,C3,4.0,0.0,0,Z-LUD,1.02037
48.8,103.0,6.3,7.4,C4,1.0,0.0,0,Z-RMC,2.85889
58.5,150.0,1.6,-1.9,C3,2.0,0.0,0,Z-UUY,-0.80924
43.2,105.0,7.1,,C1,3.0,0.0,1,Z-HTI,1.50635
37.2,74.0,-0.7,-0.4,C5,2.0,0.0,1,Z-SWH,-1.2813
55.1,115.0,3.9,0.7,C1,5.0,0.0,1,Z-KWQ,-0.49928
55.2,116.0,0.9,2.1,C5,2.0,1.0,1,Z-TMI,0.13498
,161.0,-1.6,-12.1,C2,,0.0,1,Z-WGL,-2.28893
53.4,108.0,0.9,-5.4,C3,5.0,0.0,1,Z-KGK,-0.24006
47.6,92.0,0.6,-3.1,C2,2.0,0.0,0,Z-SUM,0.37196
56.5,106.0,-1.3,2.2,C2,3.0,0.0,1,Z-YAT,
49.8,105.0,3.1,-5.1,,2.0,0.0,1,Z-MUI,0.39392
46.3,63.0,1.4,-0.5,C1,4.0,,0,Z-DYT,0.45227
47.7,86.0,-3.4,-3.2,C1,4.0,1.0,1,Z-FYQ,-2.17758
66.3,100.0,6.4,5.1,C1,5.0,0.0,0,Z-GPX,-0.06016
36.3,238.0,2.4,0.1,C2,1.0,1.0,0,Z-HIP,-0.27622
54.2,129.0,2.2,-2.4,C4,4.0,1.0,1,Z-QYF,2.38053
36.7,162.0,4.7,1.5,C1,3.0,0.0,1,Z-TRP,1.28977
-30.0,79.0,-3.4,-0.5,C3,3.0,1.0,0,Z-GVV,-0.77669
,90.0,4.8,-0.3,C1,5.0,0.0,1,Z-XPF,1.25507
33.5,66.0,1.7,-9.2,C3,5.0,0.0,0,Z-VRA,-1.12548
53.3,107.0,2.0,,,4.0,0.0,0,Z-AFO,0.56785
47.1,55.0,-3.2,,C3,2.0,1.0,0,Z-VTY,-0.99788
33.4,43.0,2.7,-3.7,C1,2.0,0.0,0,Z-MXX,1.32961
56.9,73.0,-1.2,3.1,C1,2.0,1.0,1,Z-UEU,0.53037
61.6,95.0,-1.5,-0.8,C1,2.0,1.0,0,,1.31271
62.1,101.0,0.4,-6.1,C5,4.0,0.0,1,Z-WXX,0.77034
53.0,77.0,0.6,-4.0,C1,2.0,1.0,1,Z-NNU,-0.0545
50.5,122.0,5.2,-0.2,C3,2.0,0.0,0,Z-QWJ,
60.8,168.0,6.1,4.4,C1,2.0,0.0,0,Z-EHL,-0.2447
63.6,145.0,-0.7,-3.0,C2,1.0,0.0,0,Z-EMG,0.07346
59.2,100.0,4.2,6.7,C2,2.0,0.0,0,Z-NWL,0.50256
42.6,93.0,4.1,5.6,C1,1.0,1.0,1,,0.54975
51.8,101.0,4.0,-4.7,C2,3.0,1.0,1,Z-BMV,-0.00549
53.7,90.0,5.3,-2.9,C1,2.0,1.0,1,Z-AMH,0.68821
35.7,112.0,-1.4,-0.3,C1,2.0,1.0,1,Z-OPZ,-0.87128
,,-0.0,-3.8,C2,3.0,0.0,1,Z-KOT,0.20103
68.4,91.0,3.3,0.6,C3,2.0,0.0,0,Z-QBI,-1.46205
55.3,148.0,0.4,1.1,C1,2.0,0.0,0,Z-QEM,0.2856
62.0,104.0,4.1,5.6,C1,5.0,0.0,0,Z-VHB,-0.19468
51.6,96.0,3.8,-3.5,C1,1.0,1.0,1,Z-SYX,1.45475
49.6,107.0,7.4,-4.5,C3,5.0,0.0,1,Z-VJZ,-0.52223
53.2,147.0,-2.4,-4.2,C1,5.0,1.0,1,Z-SJI,-0.58142
43.6,97.0,4.0,-1.8,C4,5.0,,1,Z-NKB,
42.4,99.0,3.5,1.7,C1,5.0,1.0,1,Z-GAA,0.73521
60.3,140.0,-0.2,,C1,4.0,0.0,1,Z-SGG,-1.38839
,146.0,-0.2,-5.9,C2,2.0,0.0,0,Z-YPB,1.37305
42.2,101.0,2.6,9.5,,2.0,0.0,0,Z-EFG,
57.9,141.0,0.2,-1.4,C2,3.0,0.0,0,Z-ODV,-0.81803
49.5,83.0,5.2,0.5,C2,3.0,0.0,0,Z-UPE,-2.13263
-26.4,58.0,5.8,3.9,C5,4.0,0.0,1,Z-FZP,-0.01669
53.8,156.0,1.0,1.5,C3,1.0,0.0,0,Z-ZHH,0.50354
58.1,86.0,4.5,-0.4,C4,2.0,0.0,1,Z-YYW,1.69699
50.8,87.0,-3.6,5.0,C4,4.0,0.0,1,Z-MNH,0.74346
61.4,110.0,-1.0,-8.9,,3.0,1.0,1,Z-RTF,0.07016
52.6,91.0,-0.2,-8.0,C3,2.0,,0,Z-RZA,-0.65034
55.2,89.0,2.2,-6.4,C2,,0.0,0,Z-RBJ,-0.24978
43.5,102.0,3.4,1.4,C2,,1.0,1,Z-HIC,2.24172
67.4,142.0,,5.3,C3,4.0,0.0,0,Z-PVT,1.91619
53.9,123.0,3.8,0.3,C2,1.0,1.0,1,Z-DSH,0.81582
55.9,125.0,1.9,2.0,C2,4.0,1.0,1,Z-AEN,-1.24393
37.3,67.0,3.9,3.7,C1,1.0,0.0,1,Z-VZD,0.27163
43.6,78.0,3.5,-0.1,C5,3.0,0.0,1,Z-OQR,0.77063
60.1,147.0,-0.7,-0.4,C1,3.0,0.0,0,Z-PEM,-1.07964
52.5,90.0,4.8,1.7,C1,3.0,0.0,1,Z-SEV,0.5285
,60.0,-0.3,-3.6,C1,2.0,0.0,0,Z-RPR,0.59943
,139.0,-4.0,-7.3,C3,3.0,0.0,1,Z-RSF,-0.00502
45.8,93.0,-2.7,-3.0,C1,4.0,0.0,1,Z-JYE,-0.6921
61.5,106.0,-1.6,2.1,C4,2.0,0.0,0,,1.34068
49.5,86.0,5.5,-1.9,C2,3.0,0.0,1,Z-DHR,
51.8,133.0,-3.4,-6.6,C3,2.0,0.0,1,Z-MJV,0.58368
59.6,132.0,6.8,5.1,C1,5.0,,0,Z-WWO,0.91283
43.0,95.0,4.4,9.7,C2,4.0,1.0,0,Z-SGL,-0.66346
42.2,56.0,2.0,2.0,C3,5.0,,0,Z-IHW,0.59283
48.6,104.0,0.3,-4.8,C1,3.0,0.0,1,Z-XVT,1.37545
,106.0,4.9,-1.2,C2,2.0,0.0,1,Z-NRN,0.68334
39.5,58.0,-3.8,-0.8,C3,1.0,0.0,0,Z-FYZ,-0.25443
36.8,62.0,0.5,-2.5,C3,4.0,1.0,0,Z-JKH,0.31652
56.8,130.0,1.4,-5.6,C4,4.0,0.0,1,Z-OED,
45.3,126.0,-1.3,1.6,C2,4.0,1.0,1,Z-QKW,-0.56838
47.0,67.0,6.7,5.6,C1,4.0,1.0,1,Z-BZH,0.0215
35.3,50.0,-1.5,-7.9,C4,1.0,0.0,0,Z-CNZ,-0.22206
44.7,110.0,5.7,-2.3,C5,3.0,0.0,1,Z-EOZ,-0.58623
50.1,255.0,2.1,,C2,2.0,0.0,0,Z-CZG,-0.78194
57.6,128.0,,-1.7,C1,3.0,1.0,1,Z-JIJ,-1.38152
44.0,79.0,1.2,0.8,C1,,0.0,1,Z-YNY,0.41829
63.4,138.0,-0.2,2.3,C3,3.0,0.0,0,Z-AMX,-0.58584
44.7,54.0,5.1,4.7,C1,3.0,0.0,1,Z-JCL,1.01602
44.7,106.0,4.4,-3.3,C1,2.0,1.0,1,Z-JBQ,-0.03199
62.5,65.0,-1.7,-4.3,C2,3.0,1.0,1,Z-FQV,0.18371
51.9,128.0,-2.1,2.6,C3,2.0,0.0,0,Z-WNQ,-0.30109
45.7,92.0,2.7,-1.4,C2,3.0,,0,Z-CBI,
48.9,110.0,6.3,7.2,C2,2.0,0.0,0,Z-HPB,-1.44162
61.0,125.0,,6.9,C3,2.0,0.0,0,Z-YBI,-0.03276
61.9,74.0,2.9,4.2,C3,5.0,0.0,0,Z-DNB,0.39987
43.6,126.0,-0.6,-0.3,C1,2.0,,1,Z-GJU,-0.91468
49.8,109.0,0.1,1.7,C1,3.0,1.0,1,Z-CAS,-0.43829
50.9,122.0,4.9,-3.6,,3.0,1.0,1,Z-JGK,-0.31298
42.3,66.0,,8.4,C1,3.0,0.0,1,Z-OTT,2.43383
49.7,106.0,1.9,-7.6,C1,,0.0,1,Z-SUG,1.44216
50.2,65.0,4.3,3.5,C2,,0.0,1,Z-KMH,0.79158
59.3,120.0,2.4,0.3,C1,4.0,0.0,1,Z-PSE,2.31675
59.8,91.0,-2.4,-6.3,C3,1.0,0.0,0,Z-QES,2.07314
47.5,231.0,3.7,-2.5,C1,1.0,0.0,0,Z-RQR,0.85666
48.4,,-2.4,-1.4,C5,3.0,1.0,1,Z-KVX,0.15585
55.5,145.0,4.5,5.7,C1,2.0,1.0,0,Z-PIJ,-1.35772
45.5,86.0,,2.4,C1,2.0,0.0,1,Z-NQD,-1.12629
54.9,119.0,1.5,-1.5,C3,2.0,1.0,1,Z-IJV,-0.35291
49.5,,-1.3,2.7,C4,3.0,1.0,1,Z-KAL,-0.32882
42.4,58.0,3.7,,C1,5.0,1.0,1,Z-QGA,
42.5,69.0,-0.7,-2.4,C4,2.0,1.0,0,Z-HLW,-0.98836
61.7,146.0,2.9,0.1,C3,2.0,0.0,0,Z-PIN,0.9446
48.9,92.0,-6.2,3.5,C2,1.0,,1,Z-ATC,-0.72471
,102.0,4.4,-1.3,C3,,0.0,0,Z-AKK,-0.00832
46.0,76.0,6.0,7.2,C2,1.0,0.0,0,Z-HQI,-1.16701
52.5,71.0,-6.5,-14.5,C1,2.0,,0,Z-MJK,0.16342
69.3,80.0,2.9,-3.1,C1,2.0,,1,Z-TJS,-1.87762
41.7,40.0,4.9,,C1,2.0,1.0,1,Z-LJL,-0.09827
,76.0,6.8,3.8,C2,4.0,0.0,1,Z-IUX,0.75561
60.5,136.0,-2.0,-4.5,C1,1.0,1.0,1,Z-UBG,-1.81716
43.5,157.0,-0.6,-2.6,C1,3.0,0.0,1,Z-UMU,-0.30576
50.0,99.0,4.1,-1.0,C1,2.0,0.0,1,Z-YSV,-1.03016
45.5,58.0,-0.4,3.5,C3,3.0,1.0,0,Z-BEA,-0.44592
52.3,103.0,5.3,-1.2,C3,1.0,1.0,0,Z-HGB,-0.74517
42.6,107.0,4.2,5.3,C3,2.0,0.0,0,Z-SDK,
48.7,126.0,-1.1,0.3,C5,4.0,1.0,1,Z-LFP,
53.8,132.0,-3.7,-8.9,,5.0,1.0,1,Z-VXE,0.43973
42.1,102.0,4.9,1.1,C1,2.0,0.0,1,Z-EZO,-0.1568
44.6,94.0,5.2,2.9,C2,3.0,0.0,1,Z-GGB,-3.62862
47.4,116.0,-0.5,5.1,C2,4.0,1.0,0,Z-ZML,
38.7,,3.1,-0.4,C1,4.0,0.0,1,Z-JPK,0.21727
46.8,41.0,4.3,17.5,C1,3.0,0.0,0,Z-HZT,-0.80322
51.1,158.0,0.5,2.0,C4,3.0,0.0,0,Z-GGI,0.67853
47.0,252.0,-1.1,-1.2,C2,4.0,1.0,0,Z-LML,0.33672
,111.0,4.7,6.3,C2,,1.0,0,Z-LIT,0.0519
50.0,25.0,5.7,-3.9,C3,3.0,1.0,0,Z-QNA,-0.03794
44.9,133.0,6.0,8.6,C4,2.0,1.0,0,Z-XIN,0.52974
55.7,141.0,0.4,-6.9,C4,,0.0,1,Z-CUK,
61.7,78.0,2.6,4.3,C4,3.0,0.0,0,Z-SAH,-0.67626
46.4,86.0,2.8,-1.7,C1,3.0,1.0,1,Z-JPM,0.28722
54.0,114.0,4.0,-1.5,C3,3.0,1.0,0,Z-CAN,-1.59996
48.2,63.0,1.7,7.4,C1,3.0,0.0,1,Z-OOG,0.56429
53.1,119.0,-3.5,-5.1,,3.0,0.0,1,Z-ZCI,1.26443
62.7,150.0,3.6,-4.9,C1,3.0,1.0,0,Z-PXS,0.78593
54.2,116.0,-1.1,1.5,C2,1.0,0.0,1,Z-RSI,0.09379
36.0,34.0,,-7.4,C5,4.0,0.0,0,Z-VLC,0.39533
53.8,79.0,2.5,6.4,C3,1.0,0.0,0,Z-VHS,0.6505
60.0,114.0,2.0,0.1,C1,5.0,0.0,1,Z-SRP,-0.1757
48.4,,4.4,-3.1,,5.0,0.0,1,Z-VLD,2.48682
58.1,108.0,5.9,7.0,C2,5.0,1.0,0,Z-BQK,0.29034
44.6,,3.6,3.7,C2,1.0,1.0,0,Z-XQA,0.24393
38.3,32.0,-1.3,-11.7,C3,1.0,0.0,0,Z-XPC,-0.51562
51.3,124.0,4.5,2.1,C1,3.0,0.0,0,Z-UNA,0.77288
36.1,94.0,5.6,4.5,C3,2.0,1.0,1,Z-JRK,-0.0549
48.2,111.0,4.1,3.0,C2,5.0,1.0,1,Z-HXI,0.86397
60.5,129.0,0.2,-2.2,C5,4.0,0.0,1,Z-YTO,0.54505
34.9,67.0,1.8,3.1,C3,5.0,1.0,1,Z-TUM,-1.37487
39.9,67.0,5.7,5.8,C4,5.0,0.0,1,Z-MCK,0.08671
41.9,59.0,-1.5,-2.8,C1,5.0,1.0,0,Z-RWZ,
49.7,141.0,3.0,-0.0,C4,1.0,1.0,0,Z-WWP,0.96908
47.2,95.0,-0.0,-1.0,C4,5.0,0.0,0,Z-KHY,0.18239
61.4,74.0,-0.8,-4.9,C2,1.0,0.0,1,Z-JNN,-1.58146
57.8,112.0,1.5,-4.6,C5,4.0,0.0,1,Z-WZE,-0.87667
54.1,51.0,4.6,-2.3,C3,4.0,0.0,1,Z-RSU,1.9932
51.3,109.0,5.4,2.7,C5,2.0,0.0,1,Z-AYR,0.69326
53.3,110.0,-0.1,-5.3,C3,2.0,0.0,0,Z-FSU,1.18658
43.3,74.0,6.5,3.4,C4,3.0,0.0,0,Z-NRA,
57.0,87.0,6.2,9.5,C1,3.0,1.0,0,Z-ETS,0.06984
41.3,101.0,-1.8,-4.1,C1,4.0,1.0,1,Z-WUR,0.4832
56.8,109.0,1.1,-0.1,,1.0,0.0,0,Z-NTD,0.09815
59.7,64.0,-1.4,-3.8,C3,3.0,1.0,1,Z-NEZ,0.84323
51.8,136.0,3.9,,C1,4.0,0.0,0,Z-OWC,1.21544
48.7,73.0,1.7,6.9,C2,1.0,1.0,1,Z-JZP,0.73437
53.4,70.0,,,C1,4.0,1.0,1,Z-OOE,-1.00429
27.3,98.0,-0.5,1.0,C5,3.0,1.0,1,Z-CFR,-1.60021
52.6,133.0,3.8,,C3,5.0,0.0,0,Z-TRM,-0.1966
49.3,88.0,4.1,-3.0,C1,5.0,1.0,1,Z-EUQ,-1.65446
49.8,66.0,4.9,6.8,C1,4.0,0.0,1,Z-JLE,-0.02386
55.8,85.0,0.2,-8.8,C5,3.0,1.0,1,Z-GAA,1.6439
49.6,88.0,2.0,0.3,C2,3.0,1.0,1,Z-TIU,-0.79494
41.0,118.0,6.0,3.1,,3.0,0.0,0,Z-ZTH,0.88277
49.0,133.0,-4.8,-13.1,C5,4.0,1.0,1,Z-WEC,0.59828
50.7,106.0,7.2,,C5,2.0,1.0,1,Z-OOL,-0.439
51.1,119.0,-3.2,-3.8,C1,2.0,1.0,1,Z-SRR,-0.025
51.5,97.0,-2.7,-7.9,C3,3.0,0.0,0,Z-HKN,
58.5,91.0,1.0,0.6,C5,2.0,0.0,1,Z-EXP,-0.02119
,45.0,6.2,7.7,C1,4.0,1.0,1,Z-XHO,0.67081
51.6,111.0,5.2,,C3,2.0,1.0,0,Z-MQW,-0.69748
60.5,142.0,-1.7,-16.5,C3,3.0,0.0,0,Z-PMR,-0.05543
36.3,63.0,2.1,0.0,C1,2.0,0.0,0,Z-BIG,-0.32303
51.6,135.0,-0.7,-5.5,C2,3.0,0.0,1,Z-HHL,0.92552
45.5,82.0,4.0,7.6,C1,2.0,1.0,1,Z-ITP,1.41623
47.2,98.0,5.5,1.6,C1,3.0,0.0,1,Z-RJH,-0.62218
42.9,82.0,-0.2,,C1,4.0,,1,Z-GYM,-1.0679
48.8,131.0,,2.1,C1,4.0,1.0,1,Z-AZS,0.42098
64.9,139.0,4.4,-4.3,C2,2.0,0.0,0,,-0.18803
40.0,82.0,1.4,-0.3,C5,3.0,0.0,1,Z-NJB,
40.8,87.0,-1.2,-8.3,C5,2.0,0.0,0,Z-TYF,0.95332
39.7,51.0,5.8,-2.4,C4,4.0,0.0,0,Z-NWB,
64.0,63.0,3.3,-3.4,C3,5.0,1.0,1,Z-ZMV,0.62146
46.5,80.0,-1.2,-7.7,C1,4.0,0.0,0,Z-BLM,-1.47203
50.0,95.0,1.0,-1.6,C2,5.0,0.0,1,Z-IOR,-0.30603
46.9,109.0,-6.5,-8.9,,3.0,0.0,0,Z-RWJ,-0.25013
42.6,83.0,-0.7,-1.1,C5,,1.0,1,,0.26782
48.3,85.0,-0.8,-9.0,C2,,0.0,0,Z-ASH,0.12731
69.8,54.0,5.0,1.7,C3,1.0,1.0,0,Z-PPV,-0.20049
61.3,133.0,5.8,1.4,C5,3.0,,0,Z-FWH,-1.47599
43.3,95.0,1.2,0.3,C3,,0.0,0,Z-YAR,0.35212
55.3,131.0,-1.6,-2.0,C3,4.0,0.0,1,Z-TSV,0.63933
43.5,90.0,3.9,,C5,4.0,1.0,1,Z-YRM,-0.30916
35.9,107.0,-0.7,-6.4,C3,,0.0,0,Z-KQQ,0.1706
58.3,99.0,0.4,-1.2,C1,4.0,1.0,1,Z-VBP,-0.4863
59.4,115.0,5.6,1.2,C5,3.0,1.0,1,Z-SXA,-0.89769
58.5,121.0,-0.2,,C4,1.0,1.0,0,Z-GJA,-0.56978
46.4,112.0,1.1,-0.2,C1,1.0,0.0,0,Z-ORG,-1.32138
,109.0,5.7,3.8,C5,1.0,0.0,1,Z-AXN,-0.60523
56.2,123.0,2.2,-5.1,C1,2.0,0.0,1,Z-MVL,-2.00028
53.3,113.0,-0.9,-4.9,C5,5.0,0.0,1,Z-GYV,0.14174
47.0,,2.4,1.6,C4,4.0,0.0,1,Z-PRG,1.23328
37.2,203.0,3.9,1.5,C1,3.0,0.0,1,Z-PPH,0.59948
51.1,57.0,-0.4,-2.3,C4,1.0,1.0,1,Z-ALK,-0.16087
58.8,98.0,5.9,-3.9,C1,4.0,1.0,1,Z-TWM,-0.48243
40.6,127.0,-1.0,-6.0,C5,4.0,0.0,1,Z-AHM,-1.57656
55.3,91.0,-3.6,-6.0,C3,2.0,0.0,1,,-0.25808
52.8,103.0,-1.0,2.6,C2,2.0,,1,Z-YIC,1.21563
56.2,148.0,-0.6,-10.1,C5,4.0,1.0,1,Z-UWV,0.5014
57.1,109.0,3.0,-3.4,C1,1.0,1.0,1,Z-RVJ,-1.74934
44.6,69.0,5.0,-5.3,C2,3.0,1.0,0,Z-AWD,-1.6685
37.2,111.0,,-2.6,C3,5.0,1.0,1,Z-EGN,0.17453
45.9,85.0,4.5,7.4,C1,1.0,1.0,1,Z-YQS,-1.50248
57.3,106.0,-0.2,-0.2,C1,2.0,1.0,1,Z-SHL,-1.67991
45.8,40.0,5.5,5.7,C3,3.0,1.0,0,Z-EFU,0.95968
44.6,88.0,3.4,-3.0,C1,1.0,1.0,0,Z-YZQ,-1.8061
35.6,94.0,-1.3,-1.2,C2,4.0,0.0,1,Z-GFC,-0.18301
64.2,112.0,5.5,-0.0,C3,,1.0,0,Z-VRJ,0.41035
56.8,259.0,5.2,3.2,C2,,1.0,1,Z-FOL,0.99708
56.3,98.0,0.1,0.6,,3.0,1.0,1,Z-QIJ,-1.47088
57.9,97.0,-5.6,-7.8,C1,4.0,0.0,1,Z-IPS,-0.12611
,279.0,5.3,6.5,C1,2.0,0.0,1,Z-NSL,
48.2,83.0,3.5,0.8,,1.0,0.0,0,Z-GYR,
48.8,143.0,-2.7,-2.8,C1,2.0,,1,Z-QLV,-1.03295
46.7,103.0,4.0,9.9,C5,1.0,1.0,0,Z-GYI,
71.2,89.0,0.3,,C1,2.0,1.0,0,Z-EBY,-0.38784
54.6,110.0,-0.6,-5.3,,3.0,0.0,1,Z-FTE,-0.4986
46.4,93.0,4.9,0.7,C4,5.0,0.0,1,Z-LXO,0.78866
53.9,139.0,,4.2,C1,5.0,1.0,0,Z-KGL,-0.18564
42.1,83.0,3.1,5.5,C2,4.0,0.0,1,Z-WBT,-0.47322
62.2,116.0,-1.9,-3.5,C1,4.0,0.0,1,,-1.45649
44.9,142.0,4.8,-3.9,C5,3.0,1.0,1,Z-JYM,0.49588
54.2,78.0,4.1,-2.1,,5.0,0.0,1,Z-GXU,0.72766
58.7,136.0,1.1,0.1,C1,4.0,0.0,0,,-0.76824
53.2,107.0,-2.7,-1.5,C3,4.0,0.0,1,Z-PDS,1.49833
50.9,88.0,1.2,3.7,C2,2.0,0.0,1,Z-NOL,-0.34794
50.2,83.0,4.0,-6.7,C4,4.0,1.0,0,Z-URY,0.10011
49.7,136.0,-4.8,-2.1,C4,,1.0,1,Z-VMN,-0.12769
45.5,105.0,4.7,8.5,C3,3.0,0.0,0,Z-YKW,0.15983
46.6,111.0,0.1,-11.7,C1,2.0,0.0,0,Z-WMS,-0.03104
62.0,144.0,-0.9,-2.4,C3,2.0,0.0,0,Z-RTD,2.56055
49.3,108.0,-1.6,0.2,C1,,0.0,1,,0.0058
43.9,61.0,1.6,-6.2,C1,5.0,1.0,0,Z-WGL,0.30051
46.0,51.0,-2.4,-5.8,C1,3.0,0.0,0,Z-ZII,2.02705
59.0,157.0,-1.5,-0.6,C2,1.0,0.0,0,Z-OXV,2.59072
55.6,115.0,-1.9,-5.5,C2,1.0,0.0,1,Z-CZZ,-0.91801
54.6,110.0,0.4,-2.8,C3,4.0,0.0,1,Z-XYT,0.77578
48.1,146.0,-4.0,-4.2,C2,2.0,0.0,1,Z-LPP,0.07933
54.7,79.0,,-8.0,C1,4.0,0.0,1,Z-CNQ,0.19229
45.0,24.0,-4.0,-9.7,C1,1.0,1.0,0,Z-OVA,-0.18067
48.1,48.0,-1.2,-0.7,C2,1.0,1.0,0,Z-PQJ,-0.15276
57.9,99.0,5.3,7.0,C3,2.0,0.0,0,Z-REL,0.2793
57.2,115.0,6.1,,C1,2.0,0.0,0,Z-OZX,-0.2507
42.3,125.0,6.3,9.7,C3,5.0,1.0,0,Z-CEZ,0.65418
43.3,112.0,0.5,0.6,C4,2.0,0.0,0,Z-ODZ,1.58745
51.0,33.0,5.3,10.9,C1,4.0,0.0,1,Z-JIF,-0.46402
64.0,199.0,4.5,2.6,C4,5.0,1.0,0,Z-CXM,-0.68138
,63.0,-0.9,-1.3,C5,4.0,1.0,1,,-0.08954
52.4,137.0,-6.5,-5.6,C5,5.0,0.0,1,Z-NDQ,3.09763
39.1,97.0,3.3,-1.4,C1,2.0,0.0,1,Z-PKV,0.44855
45.1,92.0,1.9,-3.3,C1,4.0,0.0,1,Z-ZGI,-2.49321
47.2,89.0,4.6,-1.4,C3,3.0,0.0,0,Z-JUQ,-0.79851
46.8,65.0,7.5,2.6,C2,5.0,0.0,1,Z-THX,-1.34108
45.9,58.0,4.3,11.0,C1,4.0,,1,Z-IRO,0.15982
50.2,96.0,4.5,10.1,C2,4.0,0.0,0,Z-ZWY,0.29969
45.9,56.0,0.5,-2.6,C2,2.0,0.0,0,Z-EEY,-0.36569
38.5,125.0,0.1,-3.3,C1,4.0,1.0,1,Z-QXC,-0.81382
56.4,114.0,4.9,-6.4,C1,5.0,1.0,1,Z-RMB,-0.92629
56.2,167.0,1.4,-4.6,C3,2.0,0.0,0,Z-DYS,1.77554
,100.0,-2.6,-7.3,C2,1.0,1.0,1,Z-IDI,-0.36024
37.8,64.0,-1.8,-5.1,C1,2.0,0.0,0,Z-NRL,-0.46844
52.6,,,-4.8,,5.0,1.0,1,Z-FNZ,0.15524
55.6,103.0,-0.0,-0.7,C3,3.0,1.0,1,Z-QBI,-0.46152
41.9,113.0,6.2,7.1,C2,2.0,0.0,0,Z-XEY,0.81857
,139.0,1.9,-3.1,C1,5.0,1.0,1,Z-MCK,-0.7387
49.2,128.0,4.9,8.8,C3,1.0,0.0,0,Z-KRA,-1.3097
64.9,162.0,-0.4,-0.5,C3,4.0,0.0,0,Z-DUP,0.5021
65.6,148.0,3.6,5.3,C4,4.0,,0,Z-HLL,-0.04718
36.8,63.0,3.5,-0.4,C1,3.0,0.0,1,Z-OUD,-0.34299
70.1,,4.2,4.4,C3,2.0,1.0,0,Z-CPN,-1.2821
42.8,107.0,,-3.4,C1,3.0,1.0,1,Z-AYX,-0.95644
58.0,97.0,1.6,6.0,C5,2.0,0.0,1,Z-NLC,0.18245
57.9,100.0,5.9,6.3,C1,1.0,1.0,0,Z-WCI,-0.21173
,84.0,3.4,5.0,C2,3.0,0.0,1,Z-IOC,0.7771
54.1,137.0,-1.4,-5.1,C3,2.0,,0,Z-QEF,-0.62105
49.3,102.0,3.5,6.5,C3,5.0,0.0,0,Z-PKD,-1.88921
54.6,108.0,3.0,-4.4,C3,3.0,0.0,0,Z-NBI,0.02165
52.0,99.0,-2.5,-6.2,C2,1.0,0.0,1,Z-IHC,0.22306
59.7,107.0,3.0,2.2,C4,3.0,0.0,0,Z-HJL,0.34849
50.8,70.0,2.0,-4.8,C2,2.0,,0,Z-MYE,0.07906
48.8,120.0,0.0,-5.5,C2,2.0,1.0,0,Z-NAF,-1.64797
,88.0,4.8,-1.3,C4,2.0,0.0,1,Z-DNG,0.47443
54.8,110.0,-2.2,-1.9,,2.0,0.0,1,Z-UID,-2.55224
,99.0,7.2,4.0,C3,3.0,1.0,0,Z-BDV,0.93683
,112.0,3.3,5.4,C1,,0.0,0,Z-VIZ,0.01798
41.8,77.0,3.6,9.5,C1,1.0,1.0,0,Z-YJE,0.87187
45.6,66.0,3.1,2.3,C2,4.0,0.0,1,Z-WRX,-1.63592
45.2,119.0,3.7,-0.6,C1,2.0,0.0,1,Z-TUS,0.04936
56.5,245.0,0.2,0.1,C1,2.0,0.0,1,Z-TTY,-1.76093
58.0,118.0,3.6,-2.3,C2,3.0,0.0,1,Z-KOU,0.93292
48.9,133.0,0.1,-1.8,C3,4.0,1.0,0,Z-NOK,-0.01791
61.6,100.0,,13.6,C1,3.0,0.0,0,Z-FMY,-1.33528
61.1,116.0,-1.9,-4.1,C2,1.0,1.0,1,Z-MPF,1.84729
52.1,92.0,-2.8,-2.8,C1,3.0,0.0,1,Z-ROF,-0.34426
43.6,93.0,4.5,1.7,C1,4.0,1.0,1,Z-KLG,-1.14659
62.8,299.0,6.7,2.5,C1,1.0,1.0,0,Z-PSQ,-1.76897
49.7,124.0,1.9,2.1,C3,1.0,0.0,0,Z-QFQ,1.56375
51.2,85.0,3.3,,C2,4.0,1.0,1,Z-QZB,-0.10328
47.4,130.0,-0.4,,C5,3.0,1.0,1,Z-VYA,-0.2929
43.0,132.0,3.8,-4.0,,2.0,1.0,0,,0.31476
38.4,88.0,2.0,6.6,C5,,0.0,1,Z-YIY,-0.23697
55.2,88.0,5.7,7.6,C1,1.0,1.0,1,Z-JYU,0.99255
43.9,89.0,0.2,-4.7,C2,3.0,1.0,0,Z-LAG,-1.19311
74.6,138.0,-2.6,-11.8,C2,4.0,1.0,0,Z-YMW,0.21419
41.5,134.0,4.8,4.6,C2,2.0,1.0,0,,0.80004
40.1,81.0,1.9,-0.1,C4,3.0,0.0,0,Z-LQZ,-1.23629
54.2,145.0,-4.3,4.1,C2,2.0,1.0,0,Z-WQX,0.16163
62.4,124.0,2.9,6.9,C1,,0.0,0,Z-ZLZ,1.30564
50.7,103.0,-2.0,-0.7,C3,3.0,1.0,0,Z-YLI,
54.7,99.0,3.8,-0.5,C1,2.0,0.0,1,Z-ZLI,0.99329
35.4,68.0,-0.4,-3.1,C1,3.0,0.0,1,Z-PFR,0.45336
44.7,115.0,4.3,3.4,C2,3.0,1.0,1,Z-KKN,0.13248
41.6,66.0,5.1,4.3,C1,5.0,0.0,1,Z-PVA,0.36032
,101.0,-2.6,-6.9,,4.0,0.0,0,Z-MTZ,0.32609
51.1,141.0,4.0,-3.9,C2,4.0,0.0,1,,1.02397
32.2,54.0,-1.2,5.5,C4,5.0,0.0,0,Z-XMS,0.8597
39.6,115.0,-3.2,-4.3,C2,2.0,1.0,1,Z-BKR,-1.19911
45.9,121.0,,-2.1,C2,3.0,0.0,1,Z-XUF,-0.27582
43.5,113.0,-3.2,-8.0,C2,5.0,0.0,0,Z-NKE,-1.5889
53.3,89.0,-1.6,2.7,C3,5.0,0.0,1,Z-CCF,0.53397
52.6,101.0,0.4,3.1,C1,2.0,0.0,1,Z-XOO,0.53695
57.3,109.0,2.9,1.2,C1,3.0,0.0,1,Z-NAM,-0.48858
56.2,167.0,4.5,3.3,C1,2.0,0.0,0,Z-SXX,-0.05298
59.3,116.0,4.0,3.1,C2,4.0,0.0,0,Z-CGK,0.84468
50.1,95.0,3.9,2.3,C4,3.0,1.0,1,Z-DHJ,
52.6,,3.8,4.0,C3,3.0,1.0,0,Z-WGW,0.27827
54.3,81.0,2.2,1.9,C2,5.0,0.0,1,Z-YIV,1.0188
51.3,84.0,6.0,2.9,C1,1.0,0.0,1,Z-HGP,-1.58781
47.0,316.0,2.7,-4.2,C2,5.0,1.0,1,Z-EQP,-0.52546
47.5,58.0,5.8,3.3,C3,3.0,1.0,0,Z-ILO,1.58461
43.6,71.0,5.3,6.2,C2,1.0,0.0,0,Z-RSB,-0.49172
53.5,,1.8,2.8,C4,,0.0,1,Z-IRG,-1.81079
49.4,137.0,5.1,8.4,C2,5.0,1.0,0,Z-XKE,-0.10431
,94.0,4.2,8.0,C1,5.0,0.0,1,Z-SXP,-0.23697
44.9,100.0,2.9,3.9,C4,4.0,0.0,0,Z-RMG,0.32339
40.5,55.0,1.3,0.3,C2,2.0,0.0,0,Z-IZN,-0.98816
58.0,145.0,5.3,4.5,C2,2.0,0.0,0,Z-RPL,0.43613
50.8,142.0,5.2,0.5,C5,2.0,1.0,1,Z-LQL,-0.941
43.3,91.0,0.8,2.4,C4,2.0,,1,Z-NZU,
56.6,,3.8,7.4,C5,5.0,,1,Z-WXJ,0.40702
,108.0,-2.2,0.8,C3,3.0,0.0,0,Z-NCA,-2.11371
38.9,101.0,3.9,4.2,C2,2.0,0.0,1,Z-LNO,-1.05776
58.3,138.0,-2.6,-4.9,C2,4.0,1.0,1,Z-OEP,0.57923
45.9,111.0,-4.9,-7.4,C2,3.0,0.0,1,Z-XTM,
46.9,121.0,-2.1,-4.1,C1,2.0,1.0,1,Z-ODV,-0.33395
50.5,82.0,4.5,-0.8,C4,5.0,0.0,1,Z-XXA,-0.5462
59.3,140.0,6.9,5.6,C1,3.0,0.0,0,Z-SHL,0.11602
50.3,88.0,-1.7,-14.9,C4,,1.0,0,Z-LRE,1.43281
40.6,17.0,-0.5,-4.3,C1,1.0,0.0,0,Z-NHF,0.76618
54.5,95.0,4.6,2.7,C1,3.0,1.0,1,Z-GKB,1.00029
46.3,79.0,0.6,9.6,C1,3.0,0.0,0,Z-NEF,
65.3,132.0,-3.8,-4.9,C2,4.0,,0,,-0.87323
50.2,123.0,5.2,,C1,1.0,1.0,0,Z-HXS,-1.21521
32.3,75.0,-0.3,-5.4,C1,2.0,0.0,0,Z-OUY,-0.26733
53.0,159.0,1.4,6.9,C3,1.0,0.0,0,Z-EJZ,0.59689
65.7,112.0,-3.3,-8.0,,5.0,0.0,1,Z-JZY,-1.31649
62.8,68.0,3.3,9.9,C1,3.0,1.0,0,Z-CIZ,-0.3196
64.8,133.0,3.8,-1.5,C1,1.0,0.0,0,Z-BVK,-0.0757
,72.0,-0.6,1.9,C1,4.0,1.0,1,Z-YMB,0.57989
57.5,,5.0,2.5,C4,5.0,1.0,1,Z-MPZ,-1.13772
,83.0,6.8,2.0,C4,4.0,0.0,1,Z-QML,2.89105
,82.0,4.8,6.8,C2,5.0,0.0,1,Z-AFF,0.57212
40.0,65.0,-0.0,4.0,C1,,0.0,1,Z-LFO,0.85905
45.0,133.0,1.9,-0.7,C1,5.0,,1,Z-QAJ,-0.08143
44.7,95.0,4.1,1.9,C3,,1.0,0,,0.51897
57.4,105.0,0.6,-2.8,C1,2.0,1.0,1,Z-KGX,1.99248
,154.0,-0.8,-1.4,C3,1.0,1.0,0,Z-XEZ,-0.64128
52.4,96.0,0.5,-5.9,C1,5.0,0.0,1,Z-HSN,-0.26315
39.3,49.0,3.5,-10.0,C3,5.0,0.0,0,Z-SZV,-1.44531
47.7,60.0,-2.1,-11.4,C2,2.0,0.0,0,Z-FDG,-0.74974
,88.0,1.3,-1.4,C1,3.0,1.0,0,,-0.73567
57.1,68.0,3.5,,C1,2.0,0.0,1,Z-TSQ,0.04867
59.6,85.0,-0.3,-2.4,C3,5.0,1.0,0,Z-QYL,0.23595
58.6,104.0,-1.1,-4.7,C3,1.0,0.0,0,Z-XGE,-0.20584
44.1,121.0,-0.5,-5.0,,4.0,0.0,1,Z-UEL,-0.93261
28.2,98.0,-2.6,-6.6,C1,3.0,1.0,0,,-1.06969
36.0,94.0,5.0,6.9,C3,2.0,0.0,1,Z-OII,-0.01879
61.5,119.0,2.6,1.6,C1,5.0,1.0,0,Z-NWJ,-0.36876
46.9,,5.5,9.9,C3,3.0,1.0,0,Z-NYF,-1.18003
44.2,101.0,-0.2,-1.4,C3,3.0,0.0,0,Z-CDG,0.45763
63.3,171.0,1.1,-8.7,C1,1.0,0.0,0,Z-VIF,0.75062
60.3,121.0,-1.2,-7.1,C4,3.0,0.0,0,Z-AWD,0.19952
-28.9,88.0,3.6,2.0,C4,2.0,1.0,1,Z-CPF,-0.35993
47.8,92.0,-1.5,-1.9,C5,3.0,1.0,1,Z-ZPO,-0.19573
49.1,91.0,-0.8,-4.8,C1,3.0,1.0,0,Z-ATL,-0.6727
52.0,118.0,5.9,0.2,C4,2.0,1.0,0,Z-IGT,0.76661
63.0,101.0,-0.3,-4.5,,5.0,1.0,1,Z-KDA,-0.97162
53.5,117.0,5.1,2.3,C2,2.0,0.0,0,Z-NGT,1.19933
56.0,,0.7,-1.2,C2,4.0,0.0,1,Z-FPC,0.18264
138.8,125.0,-1.9,-7.9,C1,5.0,0.0,1,Z-XPF,-2.48899
40.8,55.0,2.9,2.0,C1,4.0,0.0,0,Z-LKX,2.13374
56.2,107.0,0.3,-0.3,C4,4.0,0.0,1,Z-QGI,-0.76817
47.8,82.0,2.2,-0.2,C1,1.0,0.0,1,Z-NUL,0.29398
30.0,64.0,0.7,-4.0,C2,3.0,1.0,0,Z-JPF,-0.59062
33.1,240.0,3.1,3.9,C4,4.0,0.0,1,Z-ZSJ,-0.98602
42.0,120.0,5.2,8.5,,4.0,0.0,0,Z-SQS,0.87058
54.4,113.0,0.4,-3.1,C5,3.0,0.0,1,Z-LJE,0.57249
51.1,58.0,3.2,-1.5,C5,5.0,1.0,1,Z-UAZ,0.36456
51.6,67.0,2.4,2.4,C1,3.0,0.0,1,Z-MXN,0.12974
65.8,159.0,1.9,,C2,4.0,0.0,0,Z-QGR,-0.01966
40.0,78.0,-2.8,-9.4,C1,5.0,1.0,0,Z-BUS,-0.66216
49.9,90.0,6.5,1.3,C5,4.0,0.0,1,Z-KTS,-0.675
52.6,135.0,4.0,3.2,C1,1.0,0.0,0,Z-PTF,
44.3,86.0,4.0,-1.9,C2,4.0,0.0,0,Z-TDE,0.23672
50.4,69.0,-4.1,-5.3,C3,4.0,1.0,0,Z-QDZ,0.01258
37.4,48.0,-3.7,-13.3,C3,4.0,0.0,0,Z-JTL,0.47176
61.4,136.0,4.6,5.0,C3,2.0,0.0,0,Z-TEP,-0.77797
44.7,146.0,-3.5,1.4,C1,2.0,1.0,1,Z-JUK,0.80676
66.4,150.0,3.3,-2.6,C3,4.0,1.0,0,Z-TFQ,0.35273
49.9,90.0,0.8,1.0,C3,4.0,1.0,0,Z-HVT,-2.0798
58.4,108.0,-1.8,-4.0,C2,5.0,0.0,1,Z-GJL,-0.08917
49.7,101.0,-0.4,,C3,2.0,1.0,0,,2.01751
49.9,46.0,-2.7,-5.0,C1,2.0,1.0,0,Z-LDH,-0.11176
45.5,93.0,2.2,-1.0,C1,4.0,1.0,1,Z-DJO,-0.36003
51.1,118.0,2.8,-2.7,C1,5.0,1.0,1,Z-MFP,-0.63434
52.7,,4.7,-2.1,C1,2.0,0.0,0,Z-BYM,0.30662
43.9,119.0,5.1,7.5,C1,2.0,0.0,0,Z-GZF,0.05464
49.2,151.0,,-11.5,C1,5.0,0.0,1,Z-HBS,0.23986
45.3,137.0,0.4,-1.3,C2,2.0,0.0,0,Z-OSE,0.23845
68.6,169.0,-0.3,-2.1,C3,3.0,0.0,0,Z-DBS,-1.111
49.4,,6.3,3.7,C2,5.0,1.0,1,Z-UAK,-0.43807
62.5,131.0,-0.9,0.5,C4,4.0,0.0,0,Z-JPD,0.51259
48.6,53.0,3.8,0.2,C2,2.0,1.0,1,Z-XEL,-0.97632
52.2,107.0,4.1,4.8,C2,5.0,0.0,1,Z-YBK,0.12333
39.6,98.0,,9.6,C1,4.0,1.0,1,Z-KJX,0.67737
46.6,87.0,,2.4,C3,5.0,0.0,1,Z-YNU,-0.45493
,62.0,,-4.5,C3,3.0,0.0,0,Z-TBK,0.60577
62.9,164.0,6.1,3.2,,4.0,0.0,0,Z-FIK,-1.06347
51.9,114.0,4.3,1.2,C1,2.0,1.0,1,Z-GAQ,-1.19174
61.2,331.0,-1.4,,C1,3.0,0.0,0,Z-HRA,-1.41171
,129.0,4.4,,C2,4.0,1.0,0,Z-ORU,0.63554
,159.0,0.3,0.1,C1,,0.0,0,Z-KLY,-0.4297
49.7,131.0,3.8,-0.0,C3,3.0,0.0,0,Z-DGB,0.42945
69.3,,1.9,3.4,C1,3.0,1.0,0,Z-YIF,-1.25699
46.3,80.0,2.1,-2.0,C4,1.0,0.0,0,,0.72235
44.0,79.0,4.0,5.6,C1,5.0,0.0,1,Z-GRO,-0.50661
40.5,58.0,4.4,-4.2,C2,4.0,1.0,0,Z-VAG,0.2659
68.8,179.0,4.7,2.6,,3.0,0.0,0,Z-TZC,
56.7,113.0,5.1,-1.3,C1,4.0,1.0,1,Z-LBM,-0.27618
47.5,108.0,7.0,2.4,C4,5.0,0.0,1,Z-QGV,-0.8241
60.2,81.0,2.5,12.1,C1,3.0,1.0,0,Z-DRI,-0.02471
,132.0,-0.4,-6.0,C2,4.0,,1,Z-WBH,-1.03876
65.9,116.0,-0.7,-3.8,C4,1.0,0.0,0,Z-IZX,2.20706
37.8,114.0,5.1,-2.0,C1,5.0,1.0,1,Z-HEA,1.56281
48.0,78.0,-1.3,-4.0,C1,2.0,1.0,1,Z-TDF,2.50116
46.5,130.0,-1.0,-3.1,C1,4.0,1.0,1,Z-YXO,-0.83114
34.4,99.0,-2.5,-6.9,C1,3.0,1.0,0,Z-IQM,-0.13731
58.6,102.0,2.8,7.6,C2,3.0,1.0,0,Z-ZTF,-1.18244
48.0,135.0,3.6,6.4,C3,3.0,0.0,0,Z-UCM,0.49512
56.1,141.0,-0.3,-5.8,C1,3.0,0.0,1,Z-KAL,0.4046
69.0,145.0,0.4,,C2,5.0,0.0,0,Z-JQG,0.92044
47.3,69.0,1.7,-2.1,C3,2.0,0.0,0,Z-YFY,0.57766
46.8,116.0,4.1,-3.2,C4,2.0,0.0,0,Z-SQM,-1.69309
51.1,104.0,-2.6,,C5,5.0,0.0,1,Z-TTC,-0.1596
58.1,115.0,4.9,-2.7,C4,2.0,0.0,1,Z-GIB,2.29615
45.6,95.0,-2.2,0.5,C1,1.0,0.0,0,Z-FDD,-0.31246
-34.2,307.0,6.5,0.3,C1,2.0,0.0,1,Z-XMJ,0.6417
58.6,91.0,0.2,4.0,C3,2.0,0.0,0,Z-LML,-0.3422
53.2,65.0,-2.3,-3.1,C1,5.0,0.0,1,Z-HDA,0.8303
33.8,26.0,0.7,,C1,4.0,1.0,0,Z-GEF,0.32203
40.4,92.0,1.6,-2.3,C4,1.0,0.0,0,Z-HVP,0.08566
62.2,55.0,-1.1,4.9,C2,3.0,1.0,1,Z-XHW,0.68337
53.4,125.0,-0.5,-2.0,C2,3.0,1.0,1,Z-CWN,-0.4322
44.1,104.0,6.1,1.6,C2,4.0,1.0,1,Z-FLC,0.39176
48.8,90.0,-2.2,0.0,C1,3.0,,1,Z-UWM,0.07592
50.3,128.0,5.3,5.6,C1,2.0,0.0,0,Z-WMX,0.59391
56.0,,-2.9,-8.3,C5,5.0,0.0,1,Z-JKY,-0.08149
39.3,93.0,0.8,-0.9,C1,2.0,0.0,1,Z-HWB,-2.05417
43.4,,-1.2,-10.3,C2,5.0,0.0,0,Z-AFU,-0.30326
,44.0,-3.5,-4.8,C1,2.0,0.0,0,Z-XMG,-0.706
49.4,93.0,-1.7,-1.8,C1,3.0,0.0,1,Z-BQF,
54.7,,3.7,3.5,C1,1.0,0.0,0,Z-UYA,0.5768
40.3,109.0,4.7,-1.7,C1,5.0,1.0,1,Z-RFR,-1.95655
53.0,100.0,0.2,-4.6,C3,3.0,0.0,0,Z-TNC,0.0557
58.9,322.0,0.5,-0.1,C1,5.0,0.0,1,Z-JXC,0.40388
54.1,128.0,,,C2,4.0,0.0,0,Z-GMJ,0.488
51.3,99.0,1.7,0.3,C3,2.0,0.0,0,Z-LEU,0.85
49.4,,5.3,0.7,C2,1.0,0.0,1,Z-SHJ,-0.03421
43.5,59.0,3.2,5.3,C1,,0.0,1,Z-DTU,-0.82384
49.6,55.0,-1.1,-2.1,C1,3.0,,1,,
60.2,103.0,4.5,3.1,C1,5.0,1.0,1,,0.11638
49.2,120.0,4.9,6.1,C1,4.0,1.0,0,Z-JZF,0.26799
43.0,69.0,1.9,-0.4,C2,4.0,1.0,0,Z-KYC,-0.08559
46.2,111.0,1.2,-4.5,C2,,0.0,0,Z-ZOJ,0.00563
51.8,75.0,-1.8,-3.8,C1,4.0,1.0,1,Z-ADF,0.97361
47.2,80.0,6.8,9.1,C1,5.0,0.0,1,Z-YEA,0.30643
54.0,113.0,-1.2,,C3,4.0,1.0,0,Z-PBA,-0.12941
54.3,89.0,-3.0,-9.4,C1,5.0,0.0,1,Z-QDY,
57.3,99.0,3.5,8.4,C2,2.0,1.0,0,Z-IGU,0.65209
61.6,49.0,0.3,-2.9,C5,4.0,1.0,1,Z-XQU,
58.1,136.0,4.3,2.3,C3,3.0,,0,Z-WDT,0.04321
42.7,85.0,6.7,11.4,C1,1.0,0.0,0,Z-IOB,0.88351
42.9,63.0,5.2,1.2,C2,3.0,1.0,0,,-1.23365
49.6,149.0,4.9,1.5,C5,3.0,0.0,1,Z-ENI,-0.64112
46.5,73.0,6.2,1.1,C3,5.0,0.0,1,Z-ENG,1.1936
41.0,71.0,3.5,1.6,C2,3.0,0.0,1,Z-IPG,-0.15179
46.6,69.0,5.9,4.9,C2,1.0,1.0,1,Z-OTE,-0.28812
46.4,124.0,5.6,0.4,C4,5.0,1.0,0,Z-OBR,1.37795
44.8,130.0,5.6,9.5,C1,2.0,0.0,0,Z-NPP,1.02853
,132.0,-0.8,-5.5,C2,4.0,1.0,1,Z-XBT,0.23925
59.6,152.0,2.1,2.4,C2,3.0,0.0,0,Z-YZQ,0.73243
51.8,87.0,1.3,-0.4,C2,2.0,0.0,1,,0.31109
,179.0,1.3,4.8,C1,3.0,0.0,0,Z-VIO,-0.00791
51.5,97.0,-0.3,-5.2,C3,4.0,0.0,1,Z-GHR,0.93416
47.8,55.0,4.9,5.1,C1,5.0,0.0,1,Z-PSN,0.95007
50.2,89.0,4.1,12.2,C2,5.0,1.0,0,Z-VSA,0.02564
52.2,113.0,5.0,-3.3,C5,,0.0,1,Z-TQV,0.15164
53.6,89.0,5.1,-1.0,C1,1.0,0.0,1,Z-XWC,-1.25573
66.8,132.0,2.9,9.8,,2.0,1.0,0,Z-EVB,-0.58665
43.4,103.0,2.9,0.3,C2,2.0,0.0,1,Z-POM,-0.97898
57.0,123.0,4.1,,C2,5.0,0.0,0,Z-OXX,1.02059
51.8,121.0,0.4,-2.7,C1,1.0,0.0,1,Z-MUD,1.20022
37.6,,3.2,8.2,,4.0,1.0,0,Z-UTT,-1.0352
56.3,289.0,2.1,-6.6,C3,5.0,0.0,0,Z-MUD,0.43719
60.3,78.0,-3.7,0.4,C1,3.0,0.0,1,Z-EIN,1.27534
43.3,86.0,-0.9,-8.7,C2,1.0,0.0,0,Z-FKW,0.5635
50.1,86.0,4.8,-4.1,C2,1.0,1.0,0,Z-YKF,-1.17493
,74.0,5.8,-1.2,C2,4.0,0.0,1,Z-GOT,-0.51008
40.1,28.0,-3.1,-4.9,C5,2.0,1.0,0,Z-GPM,0.45702
58.5,74.0,5.2,-0.0,C2,3.0,0.0,1,Z-NUT,0.85284
46.4,108.0,-0.0,-4.9,C1,1.0,0.0,0,Z-QMX,0.46223
41.3,41.0,0.4,-5.2,C2,5.0,1.0,0,Z-NYC,0.44071
52.0,98.0,,-7.9,C2,5.0,1.0,1,Z-MKE,0.08988
46.0,71.0,,-5.4,C2,3.0,1.0,0,Z-NUN,0.75834
46.4,70.0,2.0,1.2,C1,3.0,1.0,1,Z-PIF,-0.48126
56.1,113.0,0.6,-3.7,C1,2.0,1.0,1,Z-LKA,0.46617
40.9,85.0,-2.4,-15.0,C3,2.0,1.0,0,,-0.35798
42.9,103.0,-0.4,-2.2,C1,,0.0,1,Z-WCW,0.46941
51.4,,7.2,7.8,,3.0,0.0,1,Z-ZJJ,-2.28519
57.9,90.0,7.3,3.6,C5,1.0,0.0,1,Z-EGO,0.40558
60.1,147.0,8.6,0.6,C3,4.0,1.0,0,,-0.68116
44.8,85.0,7.0,7.7,,5.0,0.0,1,Z-ENL,0.59331
57.7,123.0,7.7,-0.7,C1,2.0,0.0,1,,-1.68469
43.9,76.0,3.7,0.2,C2,,0.0,1,Z-YFI,0.27136
64.8,137.0,0.9,,C3,5.0,,0,Z-ODW,-0.89011
41.1,18.0,4.8,7.2,C1,1.0,0.0,1,Z-PTQ,
60.8,149.0,-2.3,-1.1,C3,4.0,1.0,0,,-0.62892
44.9,79.0,-1.8,,C1,3.0,0.0,1,Z-QGC,-1.98333
66.3,94.0,0.8,3.0,C1,4.0,0.0,0,Z-PFU,1.40829
54.9,80.0,-2.4,-8.6,C2,2.0,,1,Z-MLT,0.20389
42.0,80.0,-0.6,4.6,C3,2.0,0.0,0,Z-GPX,-0.53582
46.0,,2.3,-12.6,C3,3.0,0.0,0,Z-LKY,0.62773
56.4,115.0,-0.3,4.2,C1,2.0,1.0,1,,-1.63275
,82.0,3.6,-2.1,C2,3.0,0.0,1,Z-JZU,-0.36226
49.6,123.0,4.2,3.7,C1,1.0,0.0,0,Z-YVP,0.89084
50.5,185.0,2.9,7.1,C1,4.0,0.0,1,Z-NKA,-0.65737
56.2,95.0,0.4,1.1,C2,2.0,0.0,1,Z-FSK,0.05765
51.2,96.0,1.9,1.7,C2,4.0,0.0,1,Z-VRV,1.11078
39.8,,-1.1,1.1,C4,2.0,0.0,1,Z-UFD,-0.2058
43.7,,0.8,-7.1,C5,4.0,0.0,0,,-0.01874
52.0,89.0,-1.4,-8.5,C2,1.0,1.0,1,Z-XSV,-0.26335
59.9,108.0,4.6,3.6,C4,2.0,0.0,0,Z-YTZ,0.28508
63.1,155.0,2.6,-0.2,C1,2.0,0.0,0,Z-QXK,
56.4,139.0,4.9,1.3,C4,4.0,1.0,0,Z-ESA,-0.49681
52.5,114.0,5.6,8.5,C1,1.0,1.0,0,Z-IOJ,1.55263
56.2,114.0,5.8,8.3,C2,4.0,0.0,0,Z-MVE,-0.32517
44.8,154.0,2.5,-3.3,,2.0,0.0,1,Z-OID,-0.8107
48.9,301.0,2.3,2.2,C2,5.0,0.0,1,Z-VKL,-0.37111
43.6,94.0,3.6,-5.1,,2.0,1.0,0,Z-XMR,0.78372
40.2,78.0,6.3,-2.8,C1,1.0,1.0,0,Z-DGI,
52.8,115.0,4.7,-1.3,C4,4.0,,1,Z-IVG,0.44073
51.6,21.0,3.3,1.1,C5,2.0,0.0,1,Z-QFF,-2.54816
55.7,137.0,-0.7,-5.0,C2,3.0,0.0,1,Z-VED,0.16535
54.5,73.0,-3.2,,C1,4.0,0.0,1,Z-PCR,
52.1,84.0,3.4,1.3,C3,4.0,1.0,1,Z-RBC,-1.41276
54.6,70.0,0.5,3.5,C1,2.0,0.0,1,Z-OBG,-0.77831
49.8,80.0,-0.2,0.5,C1,2.0,0.0,1,Z-RKU,0.87278
53.5,97.0,-1.8,-7.6,C1,2.0,0.0,1,Z-VWL,1.2644
44.3,115.0,-2.6,-0.1,C2,2.0,1.0,1,Z-PRE,-1.0608
,140.0,5.3,,,4.0,1.0,0,Z-DXS,-1.67743
55.5,162.0,-0.9,-0.7,C1,3.0,0.0,1,,-0.13843
44.8,94.0,0.6,-3.1,C2,5.0,0.0,0,Z-FVU,0.06185
50.6,95.0,-3.3,1.1,C3,4.0,1.0,1,Z-CQP,-0.68159
45.2,113.0,2.5,3.7,C4,3.0,1.0,1,Z-XFY,-1.08645
45.9,70.0,2.0,-2.8,C4,3.0,0.0,0,Z-TKH,-2.27512
41.2,59.0,4.6,0.8,C1,3.0,1.0,1,Z-YBB,0.10696
,108.0,,12.5,C4,2.0,1.0,0,Z-DMA,-0.53986
58.7,114.0,6.6,-1.2,C3,2.0,0.0,0,Z-DTH,-2.01707
54.5,52.0,-3.3,-7.5,C1,2.0,0.0,0,Z-DWI,-0.85152
65.9,156.0,3.6,-1.3,C2,5.0,0.0,0,Z-ROW,-0.04321
48.6,104.0,4.1,-2.9,C1,4.0,1.0,1,Z-VEA,-0.64031
74.4,163.0,4.8,-1.9,C2,1.0,1.0,0,Z-CPE,
48.3,55.0,-2.8,-4.5,,2.0,0.0,0,Z-MOL,-0.22144
52.2,86.0,5.2,5.0,C2,4.0,0.0,1,,
47.0,76.0,2.8,-5.9,,3.0,1.0,0,Z-TYY,1.05943
53.1,100.0,4.9,0.6,C3,1.0,1.0,0,Z-YPI,0.4558
56.8,111.0,-0.5,-5.5,C3,4.0,0.0,1,Z-HYQ,0.81009
49.2,122.0,-2.6,-8.8,C2,4.0,,0,Z-RTX,-0.0673
64.4,,0.4,3.0,C2,2.0,0.0,0,Z-EML,-0.9142
52.1,84.0,-1.0,-5.7,C3,4.0,0.0,0,Z-MML,0.78108
52.3,163.0,4.0,-3.9,C1,5.0,1.0,1,Z-PIM,-1.71023
42.9,81.0,4.1,5.7,C2,3.0,1.0,1,Z-QLX,-0.21718
,82.0,1.1,4.7,C5,4.0,0.0,1,Z-LWN,-0.92168
49.1,48.0,5.9,,C3,1.0,1.0,1,Z-OLS,-0.25891
45.3,95.0,4.8,-1.4,C1,3.0,0.0,0,Z-NPZ,-0.116
43.9,109.0,4.2,0.9,C4,4.0,1.0,1,Z-VBB,
71.5,106.0,6.2,1.1,C1,3.0,1.0,0,Z-FVH,-2.19882
48.1,114.0,,2.4,C2,3.0,0.0,1,Z-VJI,0.2877
38.5,83.0,5.5,6.3,C3,3.0,1.0,0,Z-WEB,1.29622
44.6,43.0,-4.7,-5.8,C1,4.0,1.0,0,Z-WKH,1.62828
49.7,117.0,1.0,-0.8,C1,4.0,0.0,1,,-0.36941
54.5,101.0,,-0.0,C2,4.0,0.0,1,,1.34264
54.6,78.0,1.2,2.3,C1,4.0,0.0,1,Z-AHD,-0.78129
55.6,135.0,-0.7,-0.6,C2,5.0,1.0,1,Z-FSN,0.02272
45.0,117.0,6.4,-3.8,C3,3.0,0.0,0,Z-FRY,0.41576
52.9,74.0,-0.7,-9.8,C3,3.0,0.0,0,Z-FUH,-1.00552
43.1,96.0,2.2,-1.1,C4,,0.0,0,Z-LHH,-0.23019
45.2,98.0,1.8,4.1,C5,1.0,0.0,1,Z-SKP,-1.19106
42.8,86.0,-0.7,2.8,C5,2.0,0.0,1,Z-MZK,
40.6,70.0,5.5,6.4,C2,2.0,0.0,1,Z-OTD,0.04287
58.7,111.0,,-1.2,C1,3.0,1.0,1,Z-IHB,
55.7,135.0,-2.5,2.4,C3,5.0,0.0,0,Z-ZNX,-0.25296
58.0,125.0,-3.7,-7.9,C4,4.0,1.0,1,Z-YOJ,0.01947
50.5,49.0,4.2,0.6,C3,5.0,0.0,1,Z-BHS,1.89704
56.4,53.0,1.8,-6.0,C3,2.0,0.0,0,Z-ZNC,0.40318
36.1,27.0,-1.4,,C4,1.0,1.0,0,Z-KAH,0.69609
57.1,75.0,5.3,-0.6,C2,1.0,0.0,1,Z-SPJ,-1.33441
51.6,82.0,-1.4,,C2,3.0,0.0,1,Z-WIE,0.67035
,97.0,4.1,7.7,C1,,0.0,0,Z-HRR,-1.13802
,104.0,1.6,0.0,C3,2.0,0.0,1,Z-LWR,0.25174
42.3,86.0,-1.1,-0.6,C1,2.0,0.0,1,Z-RVX,-1.21328
38.2,79.0,-2.6,-6.5,C1,4.0,1.0,0,Z-DVM,1.02536
44.5,122.0,5.4,-7.7,C1,,0.0,0,Z-BNF,0.3935
54.7,63.0,1.2,-3.7,C2,1.0,1.0,1,Z-IYU,-1.74831
55.7,119.0,-2.9,-0.9,,1.0,0.0,1,Z-OKR,-1.08759
39.2,91.0,3.2,3.1,C4,2.0,0.0,1,Z-ZUY,0.16201
42.3,53.0,1.0,-2.4,C4,3.0,1.0,0,Z-TXC,-1.00743
44.4,105.0,4.3,5.3,C1,2.0,1.0,0,,-0.14492
47.3,106.0,5.1,,C1,2.0,0.0,1,Z-ZVV,-0.47757
39.3,81.0,4.1,-2.8,C1,1.0,0.0,0,Z-VBF,-1.26473
38.8,16.0,-2.2,-0.4,C1,3.0,0.0,0,Z-TRX,-0.12182
43.6,,-2.4,-6.3,C3,1.0,1.0,0,Z-GBM,0.55342
50.8,108.0,4.5,6.7,C3,3.0,1.0,0,Z-DYS,0.82427
40.7,95.0,2.0,-8.4,C1,4.0,1.0,0,Z-UVI,-0.60935
49.2,7.0,2.6,-1.7,C2,5.0,0.0,0,Z-UTH,0.47184
58.6,100.0,4.3,4.7,C4,,0.0,0,Z-ADZ,-0.84603
,44.0,4.6,4.5,C1,4.0,1.0,1,Z-NFJ,
,132.0,1.5,-1.2,C4,3.0,1.0,0,Z-FDK,-1.42045
58.4,84.0,-3.9,-3.8,C1,2.0,1.0,1,Z-YUV,0.55288
,135.0,4.0,2.5,C1,1.0,0.0,1,Z-QXQ,-0.22768
45.6,118.0,4.9,-3.6,C2,3.0,0.0,1,Z-YQC,-1.13088
59.5,122.0,2.0,-1.4,C1,5.0,1.0,1,Z-RKA,1.46495
47.7,,2.2,1.3,C1,5.0,1.0,1,Z-USU,1.78203
59.0,90.0,-2.5,-1.6,C1,3.0,1.0,1,Z-LCX,-0.72825
53.6,86.0,-0.3,-2.1,C1,,1.0,1,Z-AHH,0.38369
47.4,121.0,-1.7,-5.5,C2,2.0,0.0,1,Z-YFC,0.87544
54.0,82.0,4.1,-3.7,C1,4.0,0.0,1,Z-JNR,0.55176
52.7,69.0,0.6,2.1,C1,1.0,0.0,1,Z-JGR,0.0344
,,-1.3,0.0,C2,3.0,0.0,1,Z-FWQ,-0.37274
45.8,69.0,4.3,6.4,C2,4.0,1.0,1,Z-HMJ,-0.1417
50.5,151.0,1.3,-5.0,C3,2.0,0.0,0,Z-CVK,-0.38102
49.7,120.0,2.4,1.0,C2,1.0,0.0,1,Z-FCF,1.71063
55.8,94.0,5.4,0.2,C4,5.0,0.0,1,,-1.22576
42.0,60.0,-0.4,-1.7,C1,2.0,1.0,0,Z-TNU,-0.19922
58.3,123.0,7.6,17.4,C3,1.0,1.0,0,Z-QTA,0.34541
53.9,139.0,2.6,4.5,C2,3.0,0.0,0,Z-VIW,-0.86035
39.6,90.0,0.4,-4.5,C4,4.0,1.0,0,Z-HVY,0.75941
59.8,91.0,5.1,1.8,C1,2.0,1.0,1,Z-VCI,-0.39775
68.0,92.0,-0.4,,C5,5.0,1.0,1,Z-KQM,1.24594
58.2,104.0,5.2,3.5,C4,2.0,0.0,0,Z-QLI,-1.44856
61.6,,0.9,-7.2,C1,3.0,0.0,0,Z-XYN,2.59198
50.8,89.0,2.0,1.5,C2,1.0,1.0,1,Z-APE,1.02725
36.9,105.0,2.6,-8.3,C1,1.0,0.0,0,Z-MDF,1.58383
,90.0,7.0,-2.6,C1,2.0,0.0,1,Z-KHI,0.55282
52.2,110.0,5.2,11.4,C2,2.0,0.0,0,Z-XEM,-0.87111
45.4,106.0,1.5,-1.8,C2,4.0,0.0,0,Z-EIM,-0.60721
42.8,51.0,-0.7,3.8,C2,4.0,0.0,0,Z-IMN,-1.10241
49.7,86.0,-3.9,-8.5,C1,5.0,0.0,0,Z-HIM,
55.1,81.0,5.4,-5.8,C1,3.0,0.0,1,Z-YWE,
38.5,91.0,2.5,-3.9,C1,3.0,1.0,1,Z-AYD,-0.6629
,67.0,5.4,14.5,C1,2.0,1.0,0,Z-FYA,0.02661
62.2,123.0,-0.4,-8.0,C2,2.0,0.0,0,Z-SWD,1.29529
41.6,81.0,-0.3,5.7,C1,,1.0,1,Z-CSU,-1.33901
57.1,128.0,5.5,4.7,C4,,0.0,0,Z-GIP,0.5864
46.3,62.0,-1.4,-2.3,C3,3.0,1.0,0,Z-RCM,-1.23604
54.5,120.0,-2.3,-6.8,C5,,0.0,1,Z-OTD,-0.49256
58.9,,7.0,0.7,C1,1.0,1.0,1,Z-IHM,-0.80561
56.1,84.0,4.4,4.6,C1,1.0,0.0,1,Z-ZWW,-0.00837
57.4,109.0,-4.3,0.3,C1,5.0,0.0,1,Z-CNV,-1.11337
40.9,117.0,3.1,1.9,C1,2.0,1.0,1,Z-GRV,0.25576
59.1,93.0,1.3,2.6,C5,5.0,1.0,1,Z-FPY,-0.93925
43.3,41.0,3.5,-0.4,C2,2.0,0.0,0,Z-HSO,-0.04892
52.2,78.0,1.1,8.6,,1.0,0.0,1,Z-WCQ,-0.03278
52.2,93.0,6.7,5.2,C4,3.0,1.0,1,Z-GCE,-0.07606
54.0,157.0,4.2,10.7,,2.0,1.0,0,Z-IDA,1.31276
52.9,115.0,6.0,,C2,5.0,1.0,1,Z-BUR,0.16433
43.4,69.0,0.4,-1.4,C1,3.0,0.0,0,Z-UVY,-0.48673
39.4,78.0,-1.7,1.4,C3,3.0,1.0,0,Z-OBN,-0.70489
57.1,155.0,-2.7,,C2,2.0,1.0,1,Z-KIZ,1.0124
51.6,96.0,-1.3,-0.5,C1,1.0,0.0,1,Z-OZL,-0.89487
59.4,110.0,2.0,-4.0,C4,3.0,0.0,1,Z-FXG,-0.64541
49.8,89.0,4.5,0.6,C3,2.0,0.0,0,Z-PFS,0.09474
38.9,100.0,-3.0,-8.0,C5,3.0,0.0,1,Z-ITF,0.35479
57.9,99.0,,-1.5,C1,3.0,0.0,1,Z-ZFH,0.18239
47.2,119.0,5.6,2.5,C3,5.0,0.0,0,Z-DKE,-1.27513
52.9,134.0,5.1,0.6,C3,3.0,,0,Z-OMP,-0.92103
45.0,108.0,1.4,2.3,C1,5.0,0.0,1,Z-EUN,-1.78587
63.3,117.0,4.7,-2.0,C1,1.0,1.0,0,Z-PKW,-1.99501
43.1,51.0,6.8,-4.7,C1,4.0,,0,Z-BBR,-1.45658
47.5,90.0,2.0,-2.3,C1,3.0,1.0,1,Z-XDG,0.34747
,84.0,5.4,,C3,2.0,1.0,0,Z-LKD,-0.38141
41.4,65.0,-0.5,0.1,C4,1.0,1.0,0,Z-WEA,-1.98175
52.8,98.0,-0.6,-5.8,C5,4.0,0.0,1,Z-ZRO,-0.22795
63.1,135.0,0.1,0.4,C1,2.0,0.0,0,Z-NZP,-0.18482
,77.0,-1.2,-3.2,C3,1.0,1.0,0,Z-MBX,1.71498
53.3,69.0,4.6,4.0,C1,4.0,1.0,1,Z-PFG,0.65228
28.2,37.0,5.6,7.1,C1,2.0,0.0,1,Z-WWC,0.49342
49.8,,0.8,-0.1,C4,2.0,,0,Z-JAB,1.83608
47.7,111.0,4.9,3.2,C5,1.0,0.0,1,Z-CWN,0.70341
43.6,64.0,0.4,5.1,C5,,1.0,1,Z-MII,-0.97177
58.8,150.0,2.9,3.2,C2,5.0,1.0,0,Z-GET,-1.17612
47.5,286.0,3.5,2.3,C3,5.0,0.0,0,Z-MML,1.5554
48.7,159.0,-0.7,-2.1,C2,2.0,1.0,0,Z-UHZ,2.03349
47.1,102.0,4.0,-0.5,C3,2.0,1.0,0,Z-NBH,1.5421
34.8,90.0,2.7,-4.5,C1,5.0,1.0,1,Z-KMY,
41.1,108.0,2.8,3.7,C1,4.0,1.0,1,Z-GRM,2.38597
57.9,153.0,-2.3,1.7,C5,2.0,,1,Z-RSV,1.3474
,60.0,0.1,0.3,C1,5.0,1.0,0,,-0.29879
44.0,128.0,2.9,3.3,C4,5.0,1.0,1,Z-ARG,-0.1042
,78.0,5.2,-0.9,C1,2.0,1.0,1,Z-HVJ,-0.14785
64.1,114.0,-0.6,-4.7,C4,5.0,0.0,1,Z-QXZ,-0.32376
56.3,111.0,5.4,-2.3,C5,4.0,,1,Z-IGG,-0.6052
45.7,118.0,,-4.3,C1,5.0,0.0,1,Z-YJU,
60.6,109.0,2.9,5.1,C2,2.0,0.0,0,Z-HBC,1.59427
44.2,135.0,-1.5,-5.9,C4,2.0,0.0,1,Z-CCQ,
58.2,150.0,8.0,5.0,C1,3.0,1.0,0,Z-UOA,0.80681
39.3,83.0,3.3,4.3,C1,2.0,0.0,1,Z-GPV,-1.05894
58.7,89.0,4.7,7.6,C1,3.0,1.0,1,Z-BZW,-0.78085
46.9,122.0,5.5,,C1,3.0,1.0,1,Z-NIT,-0.02189
41.9,30.0,0.0,-3.6,C1,2.0,1.0,0,Z-ZAT,0.22801
48.4,117.0,0.5,-4.3,C1,5.0,,1,Z-IJG,0.49114
52.4,82.0,-3.0,-8.0,C1,1.0,0.0,0,Z-ETF,0.31719
46.2,128.0,5.4,1.5,C5,5.0,0.0,1,Z-MLV,
54.6,71.0,0.1,-9.8,C1,3.0,0.0,0,Z-QLJ,0.75468
45.5,75.0,4.1,0.4,C1,3.0,1.0,1,Z-YIN,1.24678
55.1,121.0,,3.5,C4,5.0,1.0,1,Z-GSY,0.54417
53.7,123.0,3.3,-3.2,C3,3.0,,0,Z-ZGH,0.97873
49.7,83.0,,-4.7,C2,2.0,1.0,0,Z-RJI,-0.39642
46.6,85.0,0.9,-0.8,C2,2.0,1.0,0,Z-SUB,-0.15076
51.4,128.0,4.8,3.1,C1,4.0,1.0,1,Z-WVD,1.43175
54.6,135.0,4.7,-4.4,C5,4.0,0.0,1,Z-ZFX,-1.47231
66.7,119.0,0.4,1.7,C4,3.0,1.0,0,Z-LOQ,-1.05568
57.7,97.0,2.8,3.9,C1,2.0,0.0,0,Z-APF,
58.0,77.0,4.1,-1.1,C2,5.0,0.0,1,Z-MIZ,0.82967
74.9,149.0,0.3,5.8,C3,3.0,0.0,0,Z-OPH,-0.60257
54.3,129.0,4.0,3.9,,3.0,0.0,0,Z-ZIK,-0.87426
54.0,111.0,-1.3,-1.4,C1,4.0,0.0,1,Z-VSP,1.55475
55.8,,3.9,4.7,C5,2.0,0.0,1,Z-PQV,-0.18769
42.1,135.0,-1.9,-7.6,C4,4.0,0.0,1,Z-FPL,
46.6,38.0,-2.7,-5.4,C2,2.0,0.0,0,Z-JHT,0.65519
46.1,117.0,-1.5,-0.3,C2,2.0,0.0,1,Z-JLU,0.50141
55.3,115.0,2.6,-2.7,C2,2.0,1.0,1,Z-FIQ,0.12146
48.8,,5.3,1.6,C4,5.0,1.0,0,Z-KNC,
51.3,81.0,-0.0,0.9,C2,4.0,0.0,1,Z-WYF,-0.73973
58.9,111.0,-1.2,-1.3,C4,2.0,1.0,1,Z-LBT,-0.57657
57.1,120.0,,-2.9,C4,1.0,1.0,1,Z-SFD,1.81044
48.9,96.0,-2.4,-3.5,C3,2.0,0.0,0,Z-EAW,1.13768
44.8,43.0,4.7,1.8,C1,2.0,1.0,0,Z-IRS,1.41653
59.2,162.0,-3.2,-0.8,C2,3.0,0.0,0,Z-WBX,-0.42387
56.4,128.0,5.6,12.1,C1,4.0,0.0,0,Z-NER,
37.3,80.0,3.4,2.6,C1,1.0,1.0,0,Z-BHA,-1.69124
47.7,99.0,-4.5,-0.1,C3,3.0,1.0,0,Z-DFX,-0.26509
51.5,148.0,3.7,-0.2,C2,3.0,0.0,0,Z-KMB,
56.4,,5.3,0.2,C1,2.0,1.0,1,Z-URE,-1.92483
57.4,87.0,5.1,-0.4,C3,4.0,1.0,1,Z-FBQ,-0.29049
52.4,127.0,0.7,-4.9,C1,3.0,1.0,1,Z-XJF,-1.65313
54.8,288.0,1.4,-1.6,C5,4.0,0.0,1,Z-XBD,0.07065
50.7,,0.2,2.3,C3,4.0,0.0,1,Z-SLY,1.06125
44.8,121.0,3.9,,C1,5.0,,1,,-0.19624
48.1,105.0,-2.1,-5.6,C4,4.0,0.0,1,Z-SFJ,-0.31508
50.3,76.0,3.9,0.4,C1,4.0,,1,,
49.9,113.0,5.1,,C1,3.0,0.0,1,Z-DXS,-0.00295
35.1,84.0,-2.5,-2.8,C2,2.0,1.0,1,Z-UHR,1.22222
126.3,93.0,,2.2,C1,1.0,0.0,1,Z-XSX,-0.81885
50.6,112.0,-4.8,-7.5,,3.0,0.0,1,Z-PNL,0.5328
47.9,168.0,4.3,,C5,4.0,0.0,1,Z-PGO,-0.17281
48.2,122.0,-1.8,2.5,C3,3.0,1.0,0,Z-SWT,-1.50017
54.1,110.0,-1.3,-3.9,C2,1.0,0.0,1,Z-XJA,0.1148
41.5,79.0,6.3,1.4,C1,2.0,1.0,1,Z-ZVK,0.70394
37.1,85.0,,0.0,C1,3.0,0.0,1,Z-TGV,1.41502
47.4,128.0,3.9,2.1,C1,3.0,1.0,1,Z-YZZ,-1.43475
56.3,128.0,3.6,-5.0,C4,4.0,0.0,1,Z-XUY,-0.68616
63.7,,-0.9,-4.3,C1,2.0,1.0,0,Z-YIU,0.0503
56.4,112.0,3.6,3.4,C1,,0.0,1,Z-VQR,-2.63789
,126.0,3.7,10.1,C3,3.0,1.0,0,Z-VYM,-0.45438
48.3,117.0,-1.2,-4.9,C3,5.0,1.0,0,Z-TIH,0.38923
52.2,108.0,,0.9,C5,5.0,0.0,1,,1.87856
51.6,134.0,-1.3,-2.0,C5,2.0,0.0,1,Z-PNL,0.35925
54.5,93.0,3.2,6.1,C2,2.0,0.0,1,Z-AYG,-1.28732
42.8,97.0,5.8,0.8,C5,5.0,0.0,1,Z-HUI,0.51905
50.7,152.0,4.8,7.2,C5,5.0,1.0,0,Z-DGI,0.87993
53.5,124.0,5.6,9.2,C4,4.0,0.0,0,Z-GGE,-1.95992
56.8,155.0,-1.4,3.3,C5,3.0,0.0,1,Z-TWU,
43.7,87.0,4.7,8.6,C2,,0.0,1,Z-XKN,1.82628
47.4,83.0,4.1,2.8,C1,4.0,1.0,1,Z-NFV,0.43688
28.5,95.0,6.4,6.5,,4.0,0.0,1,Z-UKW,
45.2,,-0.0,-3.4,C1,4.0,0.0,0,Z-YUZ,-0.91998
46.0,98.0,4.4,-7.2,C5,4.0,0.0,1,Z-GOO,-0.79228
42.0,114.0,3.7,2.8,C2,5.0,0.0,1,Z-SWE,1.94321
51.5,118.0,,-1.3,C2,5.0,0.0,1,Z-CBU,-0.04584
49.7,43.0,4.7,6.6,C4,3.0,0.0,1,Z-DUR,0.84506
32.1,34.0,1.4,3.2,C2,5.0,1.0,0,Z-WIM,1.14657
51.9,100.0,1.9,-4.4,C1,2.0,0.0,1,Z-NJB,0.88926
42.7,,4.6,12.3,,2.0,1.0,0,Z-AFC,0.12628
54.0,121.0,-2.0,-1.7,C1,2.0,0.0,1,Z-TZA,0.41129
39.9,83.0,,-2.8,C4,1.0,1.0,0,Z-QDD,-1.54072
50.4,120.0,2.0,-4.7,C4,2.0,1.0,0,Z-XTY,-0.94416
-31.4,108.0,0.0,-10.8,C2,5.0,1.0,0,Z-SIB,0.08674
52.6,101.0,-0.2,1.4,C3,2.0,0.0,0,Z-KFF,1.19723
51.2,117.0,-2.3,-5.9,C1,5.0,0.0,1,Z-LGT,
48.1,79.0,-0.8,-5.9,C3,1.0,0.0,0,Z-ERD,-0.30466
37.9,97.0,,-1.1,C2,,0.0,1,Z-XRK,1.49413
38.3,58.0,-0.6,-3.4,,2.0,1.0,0,Z-MKN,0.9354
45.5,106.0,3.8,4.2,C4,3.0,1.0,0,Z-QCI,-0.3976
50.1,113.0,-1.2,-9.6,C2,5.0,1.0,1,Z-EJH,-0.12581
45.3,84.0,1.8,-4.6,C4,2.0,0.0,0,Z-ZVY,-1.1459
55.2,126.0,5.1,,C2,2.0,1.0,0,Z-PMX,1.03051
47.9,138.0,0.5,-3.7,C5,5.0,1.0,1,Z-RWO,1.87769
42.4,60.0,,4.3,,3.0,1.0,0,Z-ZRB,-0.20313
47.9,122.0,1.5,-2.4,,2.0,1.0,0,Z-OYM,0.07563
52.0,133.0,3.7,8.3,C1,3.0,0.0,0,Z-KJJ,0.83149
52.8,176.0,1.5,0.6,C3,4.0,0.0,1,Z-CCC,0.82013
65.2,147.0,-1.1,2.6,C2,2.0,0.0,0,Z-IYY,-0.78954
44.8,85.0,5.3,5.2,C3,4.0,0.0,1,Z-WBV,0.61899
49.6,133.0,0.5,1.3,C4,4.0,0.0,0,Z-IEM,-0.14649
53.6,32.0,6.2,0.6,C3,1.0,0.0,1,Z-DYC,1.4394
50.0,139.0,3.6,6.5,C2,4.0,1.0,0,Z-DXT,0.8807
46.2,64.0,3.5,2.4,C4,5.0,1.0,1,,
37.8,82.0,5.8,-0.5,C3,1.0,1.0,1,Z-GET,0.20979
46.1,72.0,4.6,-6.5,C3,1.0,0.0,0,Z-QDI,1.09147
41.6,126.0,0.8,-0.3,C4,3.0,0.0,1,Z-EYL,0.32026
36.3,71.0,7.0,10.9,C1,4.0,1.0,1,Z-RFK,-1.00808
43.8,75.0,5.2,-0.9,C2,3.0,1.0,0,Z-LGZ,-1.65249
41.8,116.0,-0.9,-6.4,C1,5.0,1.0,1,Z-YPT,-0.70425
54.8,128.0,3.4,0.1,C3,,1.0,0,Z-ZVW,-0.48302
55.0,100.0,,-0.3,C2,1.0,0.0,1,Z-YUV,-0.61475
42.9,61.0,-1.1,-10.4,C3,1.0,1.0,0,Z-AWI,-1.87763
48.1,67.0,4.4,-0.5,C1,4.0,0.0,1,Z-XBC,0.45699
35.3,110.0,5.3,-1.2,C3,1.0,0.0,1,Z-KMO,0.36803
46.2,105.0,-3.4,-2.2,C1,3.0,0.0,1,Z-UJR,-0.8409
53.4,110.0,5.2,2.3,C2,5.0,1.0,1,Z-OGX,0.77587
,125.0,-2.5,-5.3,C2,1.0,0.0,1,Z-JJO,0.28576
44.5,38.0,-0.8,-3.1,C3,1.0,0.0,0,Z-JMX,-0.49163
58.6,106.0,-1.7,0.2,C2,5.0,1.0,1,Z-SYO,0.40357
38.0,72.0,3.4,6.1,C3,2.0,0.0,0,Z-HYP,-0.59766
40.2,110.0,-0.4,2.4,C1,3.0,1.0,0,Z-EQG,0.38706
55.8,70.0,0.8,1.5,C3,3.0,1.0,1,Z-ZEB,-1.49762
63.5,,4.8,8.5,C2,4.0,0.0,0,Z-ILT,-0.26958
,155.0,0.2,-5.4,C1,2.0,0.0,1,Z-KUJ,
49.8,54.0,-1.7,-1.5,C4,5.0,0.0,1,Z-ZJX,0.53455
32.6,71.0,0.3,8.6,C5,4.0,1.0,1,Z-XAF,1.40657
34.0,87.0,4.6,-5.4,C1,1.0,1.0,1,Z-QJO,1.91233
51.2,126.0,4.9,0.4,C1,1.0,0.0,1,Z-JEC,-0.21936
47.3,37.0,3.1,-3.3,C3,4.0,1.0,0,Z-YGB,
41.3,95.0,-3.8,-3.7,C5,3.0,0.0,1,Z-YEU,0.86543
50.7,95.0,0.2,4.6,C2,3.0,0.0,0,Z-ESY,0.67038
51.1,94.0,2.6,2.9,C3,2.0,1.0,1,Z-DMW,-0.95661
57.7,169.0,-2.0,-4.2,C1,4.0,1.0,1,Z-PET,0.92058
51.3,96.0,-0.6,0.1,C1,1.0,0.0,1,Z-NBA,0.28973
60.0,129.0,-0.4,-3.2,C1,2.0,1.0,0,Z-EOE,1.20602
50.2,97.0,-1.8,,C3,4.0,0.0,1,Z-IVO,-0.67431
49.2,105.0,-0.2,0.8,C2,5.0,0.0,1,,-0.98123
58.7,130.0,3.3,8.7,C3,2.0,0.0,0,Z-ATL,-0.28764
42.3,111.0,0.8,1.0,C1,3.0,0.0,1,Z-YNT,-0.23562
72.7,117.0,3.5,2.4,C1,1.0,0.0,0,Z-SCJ,0.49584
53.2,110.0,0.2,7.1,C2,2.0,1.0,0,Z-LLQ,-0.0188
53.2,304.0,,-4.4,C2,1.0,0.0,1,Z-OFF,0.14115
54.4,63.0,2.0,-0.2,C2,4.0,1.0,1,,0.96886
65.2,100.0,2.7,-2.4,C3,3.0,0.0,0,Z-XSH,-0.44371
56.5,135.0,-4.8,-6.8,C2,5.0,0.0,1,Z-IBM,-0.72739
37.3,66.0,6.3,6.5,C4,1.0,0.0,1,Z-WVS,1.04906
61.4,190.0,-2.4,0.4,C3,4.0,1.0,0,Z-CCX,-0.88862
47.4,122.0,,-0.4,C1,3.0,0.0,1,Z-QKG,-0.78281
51.0,114.0,2.1,3.1,C4,,0.0,0,Z-LCR,
39.9,124.0,,,C2,5.0,0.0,1,,-0.40575
54.4,128.0,5.6,-2.1,C2,5.0,1.0,1,Z-UHR,1.38874
44.9,97.0,4.7,2.8,C3,4.0,1.0,0,Z-BVJ,-1.7512
51.0,64.0,4.2,1.2,C5,2.0,,1,,0.54486
47.9,115.0,0.1,4.8,C1,4.0,0.0,1,Z-GWB,0.38265
65.6,164.0,-0.1,7.3,C1,5.0,1.0,0,Z-HIA,-0.82869
66.0,111.0,4.6,-0.2,C4,2.0,0.0,0,Z-NLQ,0.36556
50.5,52.0,3.0,-6.7,C2,2.0,0.0,0,Z-DIF,0.6459
50.7,72.0,0.6,-6.9,C4,3.0,0.0,0,Z-CEP,1.18192
47.2,143.0,-3.1,-7.8,C2,4.0,1.0,1,Z-BSN,0.31993
59.0,117.0,3.6,2.5,C5,2.0,1.0,1,Z-LSX,-0.79497
47.5,135.0,,-4.4,C1,2.0,1.0,1,Z-IUE,1.70405
46.8,95.0,,-7.8,C5,2.0,0.0,1,,0.18681
58.0,100.0,0.8,6.6,C3,3.0,0.0,0,Z-GSP,0.80703
45.9,151.0,-1.2,0.1,C5,1.0,0.0,1,Z-PHK,0.24955
49.9,90.0,2.9,,C1,5.0,1.0,1,Z-FSZ,0.26306
37.5,72.0,3.9,-5.8,C2,3.0,0.0,0,Z-PIN,0.34388
55.8,122.0,-2.5,1.6,C1,1.0,1.0,1,Z-WBQ,-1.35034
65.7,119.0,3.0,0.4,C4,4.0,,0,Z-WCC,0.98847
55.9,131.0,0.8,-2.6,,2.0,0.0,1,Z-HIO,1.0794
61.9,132.0,1.4,-0.3,C2,4.0,1.0,0,Z-YUX,0.79403
43.4,102.0,0.2,-4.4,C1,5.0,1.0,1,Z-EKQ,0.14265
52.1,87.0,3.0,0.4,C3,3.0,1.0,0,Z-YMO,-2.11089
42.6,43.0,4.1,6.0,C3,2.0,0.0,0,Z-DQL,-0.75217
48.3,75.0,-4.5,-13.9,C1,3.0,0.0,0,Z-ZBX,0.0134
56.3,91.0,-0.4,4.4,C3,3.0,0.0,0,Z-SLI,-0.70629
,110.0,-1.7,-1.5,,2.0,1.0,1,Z-BKE,0.44799
38.9,59.0,2.2,-0.2,C5,4.0,0.0,1,Z-LPR,0.72404
39.6,43.0,1.3,3.5,C4,2.0,1.0,0,Z-HOM,-0.24257
,51.0,-3.8,-3.4,C1,4.0,1.0,0,Z-KUL,-1.44544
54.1,117.0,2.1,-1.8,C1,3.0,0.0,1,Z-CQJ,-1.68644
66.7,147.0,1.3,-3.8,C2,3.0,,0,Z-SOC,-0.79934
61.1,105.0,4.3,8.5,C4,,0.0,0,Z-TTQ,0.85758
35.0,64.0,-0.8,-8.5,C5,2.0,0.0,0,,1.39681
61.5,136.0,2.2,-0.5,C2,3.0,0.0,0,Z-XAM,0.01254
57.7,117.0,6.8,-1.6,C2,4.0,0.0,1,Z-MXK,0.67174
37.8,112.0,0.3,0.7,C1,5.0,0.0,1,Z-QMJ,1.05406
47.7,92.0,4.4,1.9,C1,1.0,0.0,1,Z-QWU,
58.9,93.0,-0.8,-7.6,C5,5.0,0.0,1,Z-ARR,-0.73143
133.9,137.0,0.7,-4.7,C5,2.0,0.0,1,Z-IMB,-1.74447
39.7,74.0,1.9,0.3,C2,5.0,1.0,0,Z-LXW,-0.31534
55.0,87.0,-2.2,-2.3,C1,1.0,1.0,1,Z-LTR,-0.29672
33.0,96.0,-2.2,-11.8,C2,3.0,0.0,0,Z-EJK,-1.46319
48.4,136.0,2.6,-2.3,C2,4.0,0.0,1,Z-RBW,0.66108
59.3,121.0,2.0,0.8,C3,2.0,1.0,0,Z-OTO,0.96935
50.3,74.0,-3.6,0.3,C3,5.0,0.0,1,Z-APC,-0.12529
46.2,135.0,3.2,4.8,C3,5.0,1.0,0,Z-NXX,-1.64659
136.6,123.0,-1.6,-5.0,C2,2.0,1.0,1,Z-KPU,0.89362
58.0,119.0,5.2,7.2,C3,1.0,1.0,0,Z-IWJ,-1.79415
60.6,107.0,-0.5,,C3,2.0,0.0,0,Z-JYR,-0.16692
57.2,143.0,4.8,-10.6,C3,1.0,0.0,0,,0.96476
58.8,187.0,-0.6,4.0,C3,4.0,0.0,0,Z-IST,-0.2385
56.0,78.0,4.6,4.3,C4,1.0,0.0,1,Z-LPE,1.06429
52.3,155.0,0.4,-0.5,C1,3.0,1.0,1,Z-NAB,0.46583
50.9,78.0,3.2,1.2,C1,2.0,1.0,1,Z-WZW,
48.3,123.0,4.2,3.4,C1,5.0,1.0,0,Z-RMJ,1.67794
119.8,121.0,4.2,2.1,C3,2.0,0.0,0,Z-FXY,0.97625
42.5,93.0,5.0,1.5,C1,4.0,0.0,1,Z-TYS,-0.04406
47.9,73.0,1.1,,C2,3.0,0.0,0,Z-BGX,0.17072
52.1,121.0,4.9,3.0,C1,2.0,1.0,1,Z-UDF,
61.7,157.0,-2.9,-7.9,C5,4.0,0.0,1,Z-ACU,0.09121
49.8,109.0,1.3,-5.3,C2,1.0,1.0,1,Z-QRN,-1.00969
58.2,94.0,3.3,2.4,C1,4.0,1.0,1,Z-TYE,-0.14161
58.8,123.0,,4.1,C2,2.0,0.0,0,Z-AJQ,-1.43188
48.3,60.0,-2.6,-7.3,C1,1.0,1.0,0,Z-IRK,1.84568
54.9,82.0,4.7,-0.1,C4,5.0,0.0,1,Z-GKL,0.53867
48.2,90.0,4.5,-4.8,C4,2.0,0.0,0,Z-AQU,0.35822
60.7,120.0,,-1.1,,2.0,0.0,0,Z-RXN,0.51332
55.2,77.0,5.1,-2.6,C2,1.0,0.0,1,,-1.18534
40.6,91.0,-0.3,2.3,C5,4.0,1.0,1,Z-DVA,0.11611
51.5,117.0,,-4.3,C1,4.0,1.0,1,Z-QER,-0.52699
63.4,117.0,5.9,5.5,C3,1.0,1.0,0,Z-PJC,0.16564
48.7,40.0,3.9,,C2,3.0,0.0,1,Z-OXR,0.85067
53.7,109.0,2.9,3.5,C2,4.0,1.0,1,Z-ARK,-0.33874
54.5,157.0,,6.6,C1,4.0,1.0,0,Z-WCX,-0.83592
41.9,99.0,4.4,,C1,4.0,0.0,1,Z-VHH,0.15328
,108.0,3.5,6.3,C4,1.0,0.0,0,Z-MPU,0.13417
39.0,72.0,3.0,,C3,2.0,1.0,0,Z-EOM,0.2403
45.2,108.0,5.0,8.4,C5,,,1,Z-SLF,0.11757
58.8,121.0,,-6.6,C3,3.0,1.0,1,Z-LEQ,1.20387
,124.0,-1.4,-11.2,C1,4.0,1.0,1,Z-CTM,0.26959
47.7,67.0,2.8,0.3,C1,5.0,0.0,1,Z-DUU,0.42602
53.7,110.0,4.1,2.7,C3,4.0,1.0,1,Z-CYG,-0.47109
49.7,87.0,,-7.3,C1,3.0,0.0,0,Z-EDG,-0.64363
50.3,111.0,4.1,2.2,C1,3.0,0.0,1,Z-ONG,0.36971
55.4,57.0,-1.0,-13.4,C2,1.0,0.0,0,Z-MBU,-0.13002
44.3,80.0,1.7,6.4,C3,3.0,1.0,0,Z-RUR,
50.5,116.0,3.5,3.4,C3,1.0,1.0,0,Z-NAZ,0.48013
47.7,115.0,2.6,-2.8,C1,4.0,0.0,0,Z-TGJ,-0.11986
37.5,78.0,2.2,0.8,C4,4.0,1.0,1,Z-WVD,0.52658
42.8,30.0,1.8,,C5,5.0,0.0,1,Z-BXD,0.39035
62.7,139.0,-0.2,0.2,C3,3.0,0.0,0,Z-FRV,-0.00598
53.2,148.0,1.9,0.3,C1,1.0,0.0,0,Z-GFU,-1.00902
39.6,,6.1,7.7,C3,1.0,0.0,0,Z-WRF,-0.08717
37.8,68.0,4.4,-3.2,C2,5.0,0.0,0,Z-YSH,-0.40627
49.3,121.0,-0.1,-2.3,C1,2.0,1.0,1,Z-GXA,0.12302
62.7,144.0,6.5,11.6,C3,2.0,1.0,0,Z-IUM,0.5556
48.7,127.0,4.0,0.4,C5,,1.0,1,Z-KSL,
60.6,145.0,5.8,4.5,C2,4.0,,0,Z-XZA,-1.00957
53.0,64.0,0.5,-5.4,C1,2.0,1.0,0,Z-YBZ,-1.42618
53.9,94.0,-2.4,5.4,C1,2.0,1.0,1,Z-DMM,0.44191
-39.8,99.0,-2.5,-2.6,C2,4.0,0.0,1,Z-NBW,-1.67714
,111.0,2.7,-4.6,,3.0,0.0,0,Z-UNY,0.51662
47.5,106.0,1.6,4.4,C1,3.0,0.0,1,Z-GBK,
57.1,109.0,5.6,-1.2,C1,1.0,1.0,0,Z-QUJ,-0.95732
43.6,78.0,7.3,7.7,C5,2.0,0.0,1,Z-LCE,-0.61612
51.6,96.0,4.0,6.3,C4,2.0,1.0,1,Z-ZVZ,-0.55759
53.0,75.0,-3.1,4.3,C4,5.0,0.0,1,Z-VCK,-0.53442
48.9,79.0,1.9,1.0,C1,2.0,0.0,1,Z-BWQ,0.10637
53.4,104.0,4.7,2.7,C5,2.0,0.0,1,Z-WGT,-1.36623
48.0,95.0,-2.4,-12.3,C1,2.0,0.0,0,Z-WPX,0.40086
45.0,107.0,4.0,-0.0,C2,3.0,1.0,1,Z-CIC,-0.54902
63.0,114.0,3.1,-1.9,C2,1.0,1.0,0,Z-RSG,-0.52582
58.6,160.0,5.6,2.5,C5,4.0,1.0,0,Z-NOL,0.62897
44.1,123.0,5.0,0.6,C1,5.0,0.0,1,Z-KDD,0.29482
54.7,95.0,,-1.3,C5,3.0,1.0,1,Z-JME,-1.68142
44.2,96.0,4.3,-0.2,C5,4.0,,1,,-0.59173
,117.0,2.2,2.3,C4,1.0,1.0,1,Z-CTR,-0.83377
58.4,97.0,5.6,2.8,C2,3.0,0.0,1,Z-CKP,1.01399
36.5,57.0,-0.5,,C2,2.0,1.0,0,,-0.21893
57.6,148.0,-0.7,-5.2,C1,2.0,0.0,1,Z-NWU,0.07308
48.1,116.0,5.4,4.1,C2,3.0,0.0,0,Z-HZU,0.47278
48.5,126.0,-2.2,2.3,C1,4.0,1.0,1,,1.29297
53.4,,3.5,-1.6,C3,4.0,0.0,1,Z-TSG,-0.09269
54.8,101.0,-3.0,-4.0,C4,5.0,,1,Z-ORP,0.25364
43.5,53.0,4.3,4.2,C5,2.0,1.0,1,Z-AAM,0.95303
55.9,114.0,-2.6,-4.0,C2,4.0,1.0,1,Z-YNN,-0.10847
51.1,135.0,5.5,-4.2,C2,4.0,0.0,1,Z-LKA,1.50459
40.1,117.0,-2.7,-1.9,C2,3.0,,1,Z-AAV,0.83029
48.8,127.0,-1.7,-9.4,C4,,1.0,1,Z-IHR,0.42931
61.2,140.0,-1.3,-9.1,C1,,,1,Z-IOO,1.64268
63.6,183.0,3.1,-4.4,C1,1.0,0.0,0,Z-KUK,0.31387
55.9,68.0,-0.6,-2.8,C1,3.0,0.0,1,Z-NSW,2.1247
40.6,91.0,3.3,-2.8,C3,3.0,0.0,0,Z-LBE,0.04294
54.1,82.0,-1.5,-9.0,C2,2.0,0.0,0,Z-SCA,0.56754
57.0,154.0,4.6,4.1,C5,5.0,0.0,0,Z-ZWI,0.52704
56.0,95.0,0.8,-1.0,C5,1.0,0.0,1,Z-MEV,-0.27245
56.4,138.0,3.1,4.3,,5.0,1.0,0,Z-RQX,-0.0272
53.1,93.0,0.1,-4.6,C2,3.0,0.0,1,Z-KZX,0.94777
49.6,111.0,1.2,,C5,1.0,0.0,1,Z-JWE,-1.47646
45.3,89.0,4.9,6.1,C2,2.0,1.0,0,Z-CDU,0.25802
35.0,74.0,5.4,-2.4,C2,4.0,1.0,0,Z-IIO,
52.9,114.0,-0.2,-4.6,C2,2.0,0.0,1,Z-EIO,-0.25624
51.6,128.0,3.3,,C3,1.0,1.0,0,Z-LXF,0.57172
,105.0,4.4,2.3,C1,3.0,0.0,1,Z-YWK,
39.5,106.0,3.9,1.2,C2,5.0,1.0,1,Z-YBY,1.45243
55.3,137.0,6.3,3.7,C5,2.0,1.0,0,Z-ZKY,2.83574
66.6,117.0,4.2,7.2,C1,3.0,0.0,0,Z-PSC,-0.84682
50.8,152.0,2.7,0.6,C1,,1.0,0,Z-QNT,-0.53344
49.7,120.0,3.2,1.4,C5,3.0,0.0,1,Z-YCA,0.63507
52.6,93.0,,-2.8,C4,2.0,0.0,1,Z-RIY,1.74047
66.4,144.0,4.2,-4.8,C1,3.0,0.0,0,Z-FXD,-1.92054
42.0,115.0,4.1,4.1,C2,3.0,0.0,0,Z-BAA,
51.8,119.0,5.9,0.0,C1,1.0,1.0,1,Z-NIZ,-0.05357
43.8,95.0,-2.3,-9.0,C1,1.0,1.0,0,Z-OJE,0.12654
45.8,0.0,1.3,-7.9,C1,3.0,0.0,0,Z-SPJ,1.61479
49.8,74.0,2.0,-6.4,,1.0,0.0,0,Z-SSO,-0.02414
60.9,137.0,4.7,-7.1,C3,4.0,1.0,0,Z-VHV,0.80326
64.6,98.0,3.0,-3.3,C1,3.0,0.0,1,Z-VLM,-1.26942
53.7,120.0,,-1.5,C1,1.0,1.0,1,Z-CQC,0.33721
47.1,119.0,-0.8,2.2,C1,5.0,0.0,1,Z-VOU,-0.38353
70.1,131.0,-2.3,-3.4,C1,4.0,0.0,0,Z-KLG,1.6776
46.7,47.0,3.3,2.3,C2,3.0,0.0,1,Z-XAR,0.54441
45.6,73.0,-0.9,3.0,C3,,1.0,0,Z-WGV,
36.0,95.0,-3.3,-16.5,C5,4.0,1.0,0,Z-FAD,-0.03589
,153.0,4.8,4.3,C1,1.0,1.0,0,Z-PBL,-0.53556
57.9,57.0,5.7,,C1,3.0,0.0,1,Z-PXT,-0.66533
,135.0,6.0,7.1,C3,2.0,0.0,0,Z-DXD,-0.11474
39.0,42.0,5.4,-4.5,,5.0,1.0,0,Z-FNB,0.14319
61.8,122.0,0.6,-3.5,C2,3.0,0.0,0,Z-KMT,-1.14256
50.7,97.0,2.0,-3.8,C3,4.0,0.0,1,Z-JJA,-1.46797
56.6,175.0,4.4,-3.2,C2,1.0,0.0,0,Z-NJU,0.6325
37.0,64.0,0.9,8.9,C2,3.0,1.0,1,Z-NUY,0.33249
61.9,148.0,6.2,1.4,C2,1.0,0.0,0,Z-ATS,0.07199
56.5,138.0,6.0,7.5,C2,3.0,0.0,0,Z-AEM,
49.8,95.0,3.1,4.1,C1,3.0,1.0,1,Z-KSH,-0.42007
55.3,112.0,4.3,-3.9,C1,3.0,1.0,1,Z-VBX,-0.1589
44.0,90.0,0.4,-3.5,C3,2.0,0.0,0,Z-MVW,1.5565
45.5,73.0,5.6,3.6,C1,,0.0,1,Z-VBU,-0.90314
46.4,72.0,1.0,1.0,C1,4.0,0.0,1,Z-ZTB,1.59167
35.3,64.0,1.3,0.9,C2,1.0,0.0,0,Z-OLI,0.61146
57.1,81.0,3.4,8.8,C2,4.0,0.0,1,Z-NWT,0.70827
59.7,103.0,1.5,3.6,C1,4.0,0.0,1,Z-GBT,-0.15144
44.5,86.0,-1.0,0.3,C4,4.0,0.0,1,Z-NUQ,1.00645
52.9,109.0,0.3,2.8,C1,5.0,1.0,1,Z-CLN,0.37125
48.0,109.0,2.2,6.1,C4,2.0,1.0,0,Z-BQM,-0.8881
,100.0,-2.5,-6.4,C5,3.0,1.0,1,Z-DMX,
45.1,71.0,4.6,-4.3,,3.0,0.0,0,Z-AUL,-0.39819
43.1,100.0,5.3,0.5,C1,3.0,1.0,1,Z-ZJQ,0.49884
58.6,136.0,1.2,-6.4,C1,3.0,1.0,1,Z-LXQ,0.01026
49.6,86.0,5.7,-0.8,C4,5.0,0.0,1,Z-IXS,-0.08581
66.3,101.0,,3.0,C5,3.0,0.0,1,Z-QEV,-1.03994
50.5,89.0,-3.2,-6.8,C2,5.0,0.0,1,Z-SLG,0.51769
42.7,83.0,4.6,,,3.0,1.0,1,Z-FKR,-0.2979
60.0,148.0,-3.2,-3.1,C3,4.0,0.0,0,Z-NAU,-0.50513
55.2,,-3.5,-3.1,C2,2.0,0.0,1,Z-OMY,
,110.0,1.7,-5.5,C4,2.0,0.0,1,Z-GJV,0.39634
59.7,168.0,3.0,-2.7,C2,5.0,0.0,0,Z-CRW,
44.9,91.0,3.5,-6.6,C2,4.0,,0,Z-PUG,-1.27344
49.1,137.0,3.1,3.5,C3,3.0,1.0,0,Z-HFV,0.46361
,131.0,1.0,7.4,C3,3.0,0.0,0,Z-HSK,-0.62439
,114.0,3.1,1.9,C2,2.0,0.0,0,Z-NOY,0.70687
48.0,105.0,2.1,1.3,C2,2.0,1.0,1,Z-FNC,-0.60117
60.9,122.0,-0.9,,C1,2.0,1.0,1,Z-HKC,1.32031
52.1,104.0,,0.4,C1,5.0,1.0,1,Z-KKC,0.33848
39.4,105.0,4.7,7.9,C2,2.0,1.0,1,Z-LET,-1.4778
37.7,58.0,3.3,1.7,C2,3.0,0.0,1,Z-YMJ,0.20654
,116.0,1.7,2.6,C1,,0.0,0,Z-SFO,-2.95669
49.4,144.0,0.5,4.3,C1,3.0,1.0,0,Z-ZZJ,-0.85398
45.0,108.0,-0.9,2.3,C1,4.0,0.0,0,Z-EYY,0.66293
48.0,122.0,5.1,3.0,C4,2.0,0.0,0,Z-STK,-0.69332
38.3,48.0,3.2,1.6,C3,2.0,1.0,0,Z-RFH,0.17703
61.6,108.0,5.7,1.7,C1,3.0,0.0,0,Z-XYA,0.7808
47.0,104.0,-3.5,-2.6,C3,3.0,0.0,1,Z-YFS,0.52018
61.1,118.0,,-4.1,C2,5.0,1.0,1,Z-PLL,1.21217
129.9,68.0,-2.3,-2.1,C2,3.0,0.0,1,Z-VJP,-0.87791
61.6,,1.7,4.3,,4.0,0.0,0,Z-MRU,-0.22489
52.2,133.0,3.8,-5.5,C2,5.0,1.0,1,Z-JCJ,0.2612
57.0,104.0,2.9,-6.9,C1,1.0,0.0,1,Z-JPV,0.56063
55.9,132.0,4.1,1.8,C3,2.0,1.0,0,Z-QHU,-1.21256
55.1,164.0,3.8,4.5,C1,1.0,0.0,0,Z-ROU,-1.36087
52.9,146.0,-5.2,-4.9,C5,5.0,0.0,1,Z-CXV,-1.60215
48.3,91.0,,-2.6,C5,2.0,1.0,1,Z-MWS,-0.33014
65.5,96.0,2.6,4.4,C1,3.0,0.0,0,,0.41192
42.9,94.0,3.6,9.6,C3,3.0,1.0,0,Z-IUZ,-0.36244
50.2,164.0,-2.8,-7.7,C5,,1.0,1,Z-TOR,-0.07956
50.3,137.0,-0.7,-5.3,C4,2.0,0.0,1,Z-BVC,0.75726
53.4,,7.8,5.3,C1,1.0,0.0,1,Z-FNC,-1.71841
46.7,137.0,-0.2,-2.3,C1,2.0,0.0,1,Z-GRB,-0.66882
52.7,136.0,-2.7,1.2,C2,3.0,1.0,1,Z-JVM,-1.61117
48.8,47.0,-0.8,-1.1,C2,3.0,1.0,0,Z-XRM,0.96145
37.5,108.0,4.6,1.2,,2.0,0.0,1,Z-PSR,0.11366
50.2,104.0,-0.6,,C1,1.0,1.0,1,Z-KTP,1.16263
41.3,62.0,5.0,-3.7,C2,1.0,0.0,0,Z-RRT,-2.24285
36.3,79.0,1.2,5.3,C1,5.0,1.0,1,Z-EON,-1.52737
51.3,113.0,5.2,5.6,C2,1.0,0.0,0,Z-QJX,-0.78917
54.1,,-1.8,-3.6,C1,2.0,0.0,1,,0.09893
54.4,104.0,4.2,,C2,1.0,,0,Z-TNA,0.14908
54.7,99.0,-1.1,-3.1,C2,1.0,0.0,1,Z-WPZ,0.50392
34.7,96.0,-0.5,-9.6,C2,3.0,0.0,0,Z-WBK,0.42895
39.3,74.0,0.7,-7.0,C1,5.0,0.0,0,Z-BSC,-1.22659
,81.0,,-3.9,C2,2.0,1.0,1,Z-MDW,-0.90159
41.8,74.0,4.6,1.5,C1,4.0,1.0,1,Z-SZF,-0.87206
,83.0,-1.6,-3.0,C1,4.0,0.0,1,Z-ANM,1.11244
44.7,56.0,6.3,11.1,C3,3.0,0.0,0,Z-NNI,0.94131
50.8,133.0,-0.3,-3.0,C3,5.0,1.0,1,Z-UVD,0.52026
45.1,114.0,3.7,-1.6,C1,2.0,0.0,0,Z-KNK,-0.26645
54.7,82.0,4.0,2.1,C5,1.0,0.0,1,Z-CKB,0.22051
51.3,68.0,4.7,-3.4,C3,3.0,0.0,0,Z-XXL,0.16688
46.6,92.0,2.7,1.4,C4,3.0,1.0,1,Z-NBQ,2.13777
41.8,51.0,-0.0,-4.7,C2,2.0,0.0,0,Z-RWH,0.6984
52.3,97.0,3.6,2.5,C2,5.0,0.0,1,Z-SSE,-0.77612
40.5,86.0,5.3,2.3,C3,1.0,1.0,0,Z-DSR,
,114.0,5.1,2.3,C2,5.0,1.0,1,Z-UJL,-1.99064
71.2,145.0,2.9,3.6,C3,3.0,1.0,0,Z-EAP,1.07803
61.0,98.0,4.1,5.1,C2,4.0,0.0,0,Z-NIL,-1.0763
55.9,112.0,3.3,9.9,C1,2.0,1.0,0,Z-YBQ,0.14361
49.5,134.0,2.3,3.4,C4,3.0,1.0,0,Z-QXJ,-1.36678
34.6,18.0,0.9,-1.8,C2,,1.0,0,Z-WKK,0.39775
39.6,91.0,-0.7,-4.9,C3,3.0,1.0,0,Z-ZNL,
,86.0,3.4,,C2,5.0,0.0,1,Z-CEF,
43.8,128.0,6.8,10.5,C2,3.0,0.0,0,Z-UYP,-0.68728
44.6,113.0,6.3,7.5,C3,1.0,0.0,0,,2.36197
48.8,119.0,2.5,-2.4,C2,4.0,1.0,1,Z-HZT,0.62577
41.7,63.0,3.3,,C1,3.0,1.0,1,Z-QGD,0.2985
40.3,91.0,,1.9,C1,4.0,1.0,1,Z-YAW,
49.8,110.0,2.9,5.4,C1,2.0,0.0,0,Z-GBE,0.05158
43.0,24.0,1.4,0.9,C2,,0.0,0,Z-RTN,0.71366
44.2,94.0,5.4,4.2,C2,4.0,0.0,1,Z-NSI,0.11201
43.9,106.0,3.3,-3.8,C1,5.0,1.0,1,Z-HNY,0.81255
54.3,69.0,4.8,5.9,C1,2.0,1.0,1,Z-NCT,-0.43298
48.3,113.0,6.0,-2.2,C3,2.0,1.0,0,Z-HBA,0.51256
48.7,101.0,4.9,3.1,C1,3.0,,0,Z-ZOR,0.03454
54.9,146.0,-0.6,,C2,4.0,0.0,1,Z-LRC,0.46454
,87.0,3.5,-1.2,C2,3.0,0.0,1,Z-JJL,0.0411
47.9,101.0,-3.3,-2.1,C2,5.0,0.0,1,Z-NKA,-0.40579
53.9,116.0,0.0,-1.6,C1,5.0,1.0,1,Z-UFS,-0.07293
55.5,34.0,4.7,-7.6,C3,5.0,,0,Z-VQG,0.05749
49.0,89.0,4.4,1.4,C1,,0.0,1,Z-VMT,0.15824
,104.0,-0.8,-3.9,C3,2.0,1.0,0,Z-LCN,-1.32613
43.9,,3.6,6.8,C2,2.0,0.0,1,Z-GIW,0.55123
43.3,183.0,-0.6,-7.4,C2,5.0,1.0,0,Z-SDZ,-0.27976
56.3,113.0,2.7,8.8,C2,4.0,0.0,0,Z-CEV,0.81146
53.7,109.0,5.0,6.4,C5,1.0,1.0,1,Z-IRH,0.43646
53.8,,3.8,0.5,,3.0,1.0,1,Z-UKV,
52.4,,3.2,-0.6,C1,5.0,1.0,1,Z-MOC,-0.85563
50.5,102.0,3.3,-1.4,C2,2.0,0.0,1,Z-UFG,0.48202
55.7,133.0,5.1,4.2,,3.0,,0,Z-IDF,-0.20051
,115.0,-1.7,-6.5,C1,4.0,1.0,1,,-0.07177
57.5,63.0,3.7,1.1,C4,1.0,0.0,1,Z-KQC,-0.16726
49.4,100.0,5.6,-1.3,C1,3.0,0.0,1,Z-IQV,0.94426
61.3,121.0,-5.0,-3.0,C5,5.0,1.0,1,Z-SRE,0.14911
52.0,128.0,5.7,4.1,,1.0,1.0,0,Z-GAR,-0.56829
55.2,100.0,-4.6,-7.6,C2,3.0,1.0,1,Z-GOF,-0.67052
52.4,78.0,4.4,1.2,C3,5.0,1.0,1,Z-GVW,-0.54931
52.1,77.0,-2.3,-6.6,C1,,1.0,1,Z-MSF,0.43594
44.3,129.0,6.3,5.3,C2,2.0,1.0,0,Z-BHG,-1.64973
55.8,118.0,6.2,-1.5,C1,4.0,1.0,1,,-0.54125
72.9,176.0,1.8,3.8,C1,2.0,0.0,0,Z-YYX,-0.55439
47.2,137.0,3.5,2.2,C3,2.0,0.0,0,Z-AYB,0.51987
,81.0,-0.9,-4.3,C1,,0.0,1,Z-GDB,-0.88235
46.6,72.0,5.4,5.7,C2,5.0,0.0,1,Z-KDF,-0.21229
46.3,,6.3,5.6,C2,4.0,1.0,1,Z-NTP,-0.26452
,138.0,,-5.9,C5,1.0,1.0,1,Z-UCA,0.02707
44.8,54.0,1.8,5.5,C4,2.0,0.0,0,Z-LPC,-1.13676
46.4,106.0,-1.3,-13.3,C1,5.0,1.0,0,Z-RPS,1.07025
37.5,90.0,-1.5,1.7,C4,4.0,0.0,1,Z-AIL,2.57978
44.1,60.0,4.6,1.7,C1,2.0,1.0,1,Z-VVT,
36.5,48.0,1.5,3.9,C2,4.0,1.0,0,Z-POL,0.91176
,327.0,4.5,8.5,C4,1.0,0.0,0,Z-GWZ,
72.6,194.0,3.3,-0.5,C1,1.0,0.0,0,,0.8744
47.2,87.0,,-0.2,C3,5.0,0.0,0,Z-PLV,-0.15681
36.8,,3.4,2.7,C1,3.0,0.0,1,Z-JXD,0.83491
57.4,96.0,0.2,-6.2,C4,1.0,1.0,1,Z-IJV,1.14689
44.3,97.0,4.6,1.0,C2,3.0,0.0,1,Z-CRD,1.22686
,101.0,4.3,,C1,3.0,0.0,1,Z-CSG,-1.21259
47.9,90.0,5.5,-1.9,C1,5.0,0.0,1,Z-RIM,0.29514
45.1,158.0,-1.5,,C3,1.0,0.0,0,Z-UCW,1.47441
48.7,101.0,0.2,1.7,C3,4.0,0.0,0,Z-BLI,1.38094
56.2,68.0,6.4,6.9,C3,4.0,0.0,1,Z-HRI,-0.26872
48.3,115.0,3.3,0.6,C2,4.0,1.0,1,Z-PFA,-0.67653
46.2,124.0,1.2,-0.3,C2,4.0,1.0,1,Z-TAR,2.03207
48.6,116.0,5.7,2.1,C3,4.0,0.0,0,Z-PBL,-0.2814
40.0,78.0,-0.2,-9.3,C1,3.0,1.0,0,Z-UAL,0.18222
53.3,81.0,6.6,-0.2,C1,1.0,0.0,1,Z-EZY,0.73997
35.9,52.0,0.1,2.5,C1,5.0,0.0,1,Z-UPO,-0.03815
46.6,89.0,-5.1,-1.0,,2.0,0.0,0,Z-UBG,-0.81204
56.2,,-3.4,-8.2,C2,2.0,0.0,1,Z-HOV,0.60079
52.6,89.0,-1.1,2.2,C1,2.0,1.0,1,Z-RDE,-0.0781
54.9,,-2.2,-8.6,C4,2.0,0.0,1,Z-UJE,-0.14
49.6,124.0,-0.4,-4.1,C2,2.0,0.0,1,Z-FKD,0.64132
59.5,150.0,-1.2,-3.2,C1,2.0,0.0,0,Z-GGX,0.50431
57.6,92.0,3.6,0.4,C2,3.0,,1,Z-UKF,1.35566
53.7,82.0,3.0,-2.0,C5,4.0,1.0,1,Z-RVP,1.06693
,115.0,5.1,3.4,C4,5.0,0.0,0,Z-DBX,
56.2,122.0,-0.2,1.5,C2,,0.0,0,Z-AQC,1.0774
,96.0,0.1,-7.7,C3,5.0,0.0,0,Z-NPT,-0.28343
39.4,,2.0,0.7,C2,1.0,0.0,0,Z-UHM,1.86367
53.5,149.0,5.2,,C4,2.0,1.0,0,Z-THT,-1.17632
54.5,102.0,4.8,0.9,C4,1.0,1.0,1,Z-BDY,-0.06901
58.9,137.0,4.1,-0.3,C1,3.0,1.0,0,Z-IWJ,-1.43614
42.7,102.0,3.1,-2.5,C2,5.0,0.0,1,Z-SRD,1.26507
42.9,91.0,,8.2,C1,2.0,1.0,0,Z-SIZ,0.21067
53.8,127.0,-0.1,4.6,C3,4.0,0.0,0,Z-QYA,-0.10217
49.6,79.0,,0.4,C1,4.0,0.0,1,Z-RBM,-0.90954
35.1,49.0,5.9,8.6,C2,1.0,1.0,1,Z-BUB,-0.96797
53.2,117.0,3.3,-1.0,C5,3.0,0.0,1,Z-TJA,-1.19176
35.3,31.0,-0.0,-2.3,C2,1.0,1.0,0,Z-PFU,-1.12014
42.6,101.0,3.7,-2.9,C1,2.0,1.0,1,Z-KVY,-0.0584
61.0,88.0,,-11.0,C1,4.0,0.0,0,Z-SCG,-0.35578
64.8,166.0,-3.0,-6.7,C5,2.0,1.0,1,Z-CBN,1.4658
40.4,73.0,7.3,3.0,C3,5.0,1.0,0,Z-UPK,-1.12567
47.5,135.0,4.2,3.9,C3,4.0,1.0,0,Z-GZJ,-0.63006
50.5,95.0,-5.5,,C2,2.0,0.0,1,Z-ZCN,-0.49087
64.4,118.0,3.4,,C2,3.0,1.0,0,Z-RCB,0.71767
46.2,117.0,0.1,-5.7,C2,3.0,0.0,0,Z-GUI,-0.11562
46.3,102.0,3.5,-1.4,C3,3.0,0.0,0,Z-DSO,-0.77859
62.6,119.0,-2.1,3.3,C2,3.0,0.0,0,Z-LCF,0.64484
47.2,84.0,3.5,4.1,C1,2.0,0.0,0,Z-TBO,0.55262
,99.0,3.2,7.3,C2,5.0,0.0,0,,-1.7663
38.3,144.0,2.8,8.3,C3,1.0,1.0,0,Z-FYK,1.13525
48.8,53.0,5.5,0.5,C1,3.0,0.0,1,Z-RCQ,0.41171
36.9,46.0,1.1,2.9,C2,1.0,0.0,0,Z-CZX,0.01643
41.7,118.0,4.0,-1.9,C1,3.0,0.0,1,Z-EAH,0.358
56.9,141.0,-1.6,1.4,C4,2.0,1.0,0,Z-ZQH,2.83236
49.8,,2.8,4.3,C2,1.0,0.0,1,Z-OGV,0.45862
47.6,,4.5,-6.6,C3,1.0,1.0,0,Z-MGY,-0.27755
44.2,125.0,4.7,4.2,C2,5.0,0.0,0,Z-GHN,-0.42145
48.4,69.0,4.1,-1.7,C4,1.0,0.0,1,Z-MKO,-0.80436
52.6,91.0,-2.2,-5.0,C5,2.0,1.0,1,Z-FSD,1.66125
,116.0,4.8,-0.2,C1,3.0,,1,Z-BQB,2.48082
29.1,36.0,0.8,2.9,C1,1.0,1.0,0,Z-TMR,0.96446
43.5,114.0,6.1,0.8,C3,5.0,0.0,0,Z-IXC,0.58061
51.4,,4.1,-3.4,C3,1.0,0.0,0,Z-OXJ,1.70931
49.4,75.0,6.7,0.9,C2,5.0,0.0,1,Z-LOO,-0.66937
,84.0,5.0,1.8,C2,1.0,1.0,1,Z-UKQ,0.16362
52.3,139.0,7.1,6.4,C3,3.0,,0,Z-JZF,0.72953
47.7,89.0,0.9,4.2,C3,4.0,1.0,0,Z-RNU,0.12268
45.9,,4.7,4.7,C2,1.0,1.0,0,Z-QVQ,0.75066
48.2,,,3.8,C1,4.0,1.0,1,Z-WQA,-1.16503
59.4,69.0,0.3,1.8,C5,3.0,0.0,1,Z-IOL,-1.99749
44.3,111.0,1.1,2.9,C2,3.0,0.0,0,Z-MMK,
49.7,128.0,-0.4,2.4,C1,2.0,0.0,1,Z-WKR,-0.56221
51.6,153.0,3.6,12.1,C5,2.0,0.0,0,Z-AJK,1.33239
62.6,70.0,5.6,,C3,4.0,1.0,0,Z-HHL,0.67268
47.8,,4.4,3.5,C2,1.0,1.0,0,Z-ZTF,-1.48599
57.8,131.0,-1.5,-4.9,C3,2.0,0.0,0,Z-BZG,0.54651
60.0,,0.7,0.3,C1,2.0,1.0,1,Z-FUF,-0.71993
49.6,61.0,5.8,8.3,C2,2.0,1.0,1,,-2.79549
48.5,100.0,2.3,-4.8,C1,2.0,0.0,0,Z-VWH,2.09585
47.5,84.0,0.5,4.2,C4,1.0,0.0,0,Z-PZL,0.8803
48.1,63.0,2.9,-0.9,C1,,1.0,1,Z-FFD,-0.54358
57.0,110.0,-0.7,-3.2,C1,3.0,1.0,1,Z-WFY,-0.24245
52.0,119.0,-1.7,-0.9,C1,3.0,1.0,1,Z-NLB,1.65678
52.0,108.0,6.9,2.2,C2,5.0,1.0,0,Z-XYD,0.54682
41.2,,1.5,1.6,C1,3.0,0.0,1,Z-HLH,2.74973
42.4,99.0,,-8.3,C2,3.0,1.0,0,Z-HPV,0.13845
67.3,84.0,3.9,5.5,C3,1.0,0.0,0,Z-RVH,-1.09648
48.7,97.0,1.8,0.8,C1,4.0,1.0,1,Z-XEV,
44.0,96.0,2.7,0.7,C4,3.0,0.0,0,Z-CGR,1.19717
61.6,110.0,5.0,3.9,C4,4.0,0.0,0,Z-JFX,0.64852
52.4,82.0,5.4,,C1,2.0,1.0,1,Z-BGQ,-0.43774
54.8,88.0,5.0,4.6,C1,,0.0,1,Z-BXI,-0.88286
49.1,91.0,6.0,2.8,C2,4.0,0.0,1,Z-MSJ,0.38516
47.6,121.0,3.2,-0.0,C1,2.0,0.0,1,Z-GTE,1.03801
48.8,139.0,3.3,-6.2,,3.0,0.0,0,Z-WWQ,1.95207
39.1,117.0,0.2,4.4,C2,1.0,0.0,1,Z-EOB,-1.49471
49.5,57.0,1.2,-5.5,C3,2.0,0.0,0,Z-MVG,-0.80971
52.5,79.0,1.1,6.2,C3,2.0,1.0,0,Z-SOK,0.21532
65.0,143.0,-3.2,-5.4,C4,,0.0,0,Z-DBL,-0.04372
50.8,137.0,0.8,4.2,C3,1.0,0.0,0,Z-NIX,-0.43184
31.5,217.0,3.5,5.9,C1,4.0,0.0,1,Z-ZLI,0.40504
49.4,104.0,-0.9,1.6,C1,4.0,1.0,1,Z-SDX,-1.01397
72.1,107.0,1.7,0.1,C3,5.0,0.0,0,,-2.37682
,120.0,-0.4,-7.1,C3,5.0,0.0,0,Z-OUM,1.34034
43.7,72.0,,-1.0,C3,3.0,1.0,0,Z-IUI,-0.57552
54.9,113.0,4.5,1.0,C2,4.0,1.0,1,Z-XEM,-0.78429
44.2,58.0,-4.1,-5.6,C3,3.0,0.0,0,Z-OLV,0.72654
39.3,38.0,-4.9,-11.1,C5,4.0,0.0,0,Z-XNW,0.53664
47.4,179.0,1.7,-1.3,C1,3.0,0.0,0,Z-HFS,-0.99744
50.9,103.0,1.8,-12.4,C1,4.0,1.0,0,Z-GMR,1.10928
35.2,133.0,-0.1,-3.0,C5,2.0,0.0,1,Z-SAE,-0.27734
41.0,126.0,0.2,-0.9,C4,4.0,1.0,1,Z-NNG,0.34932
50.2,56.0,4.2,-1.2,C1,3.0,0.0,1,Z-KYX,0.16662
46.9,105.0,5.3,1.9,C2,2.0,0.0,1,Z-HSH,0.9988
53.3,71.0,3.8,2.4,C3,4.0,1.0,0,Z-UWS,1.03817
40.4,76.0,1.3,3.8,C1,2.0,0.0,1,Z-PGR,0.01222
55.9,59.0,-1.3,,C1,3.0,0.0,1,Z-COZ,-0.06739
40.7,42.0,3.3,2.6,C1,4.0,1.0,1,Z-UIT,1.81706
,100.0,-0.2,-1.9,C2,4.0,0.0,0,Z-VQF,-0.79638
36.4,63.0,4.7,4.0,C1,4.0,0.0,1,Z-PGM,-1.30273
41.4,87.0,6.3,11.5,C1,3.0,0.0,0,Z-XOP,-0.03712
53.5,78.0,3.9,3.9,,3.0,1.0,1,Z-LHL,-0.94085
63.5,127.0,-2.4,-2.6,C3,5.0,1.0,0,Z-GJR,-0.38093
,135.0,4.5,6.9,C4,1.0,1.0,0,Z-YQZ,0.79037
54.7,115.0,6.5,4.3,C3,4.0,1.0,0,Z-GHA,2.91626
50.3,99.0,2.0,-3.5,C1,1.0,0.0,1,Z-ECW,1.01059
41.9,96.0,0.7,1.0,C5,3.0,1.0,1,Z-WNK,-0.57514
46.2,55.0,7.4,,C5,2.0,0.0,1,Z-RFS,-0.58303
40.5,110.0,-2.3,-4.6,C1,4.0,0.0,1,Z-KHU,-1.15043
39.9,51.0,0.5,1.1,C5,1.0,1.0,1,Z-TWE,0.33043
53.4,148.0,4.3,-5.5,C2,4.0,0.0,0,Z-KOW,1.8031
41.2,106.0,4.1,-0.3,C1,3.0,1.0,1,Z-RRL,0.13283
52.7,120.0,0.3,-5.1,,2.0,1.0,1,Z-PMC,-1.24046
39.7,99.0,-2.0,-6.6,C2,5.0,0.0,0,Z-QQH,1.9661
52.5,104.0,,-2.2,C4,2.0,0.0,1,Z-OLH,0.50183
46.2,73.0,-2.4,-7.6,C2,2.0,1.0,0,Z-DYS,-0.18335
61.4,94.0,-0.1,5.4,,3.0,1.0,0,Z-VBE,1.25555
52.8,,4.5,4.3,C3,2.0,0.0,0,Z-AHP,0.19904
60.1,120.0,-2.2,-6.9,C1,4.0,0.0,1,Z-RTP,-0.00746
44.1,60.0,6.7,-3.1,C3,1.0,1.0,0,Z-UHL,-0.7138
50.6,115.0,4.3,-0.4,C2,4.0,0.0,1,Z-SSE,-1.32233
42.3,96.0,-0.4,,C1,3.0,0.0,0,Z-UAG,-0.4686
46.8,86.0,-1.5,-5.6,C2,4.0,0.0,0,Z-LVV,1.45203
48.1,73.0,-1.8,7.6,C4,2.0,0.0,0,Z-KBE,0.37303
44.3,110.0,2.4,-6.5,C3,1.0,1.0,0,Z-NEQ,0.47138
40.4,110.0,3.3,1.5,C3,4.0,,1,Z-JDT,-1.47924
38.8,90.0,2.3,-0.1,C1,1.0,1.0,1,Z-WME,2.97235
31.4,71.0,-0.7,,C3,3.0,1.0,0,Z-CBO,-0.35394
41.7,,6.0,-4.5,C3,4.0,0.0,0,Z-WQT,0.26782
134.5,122.0,2.7,0.6,C5,5.0,0.0,1,Z-BDZ,1.94492
37.4,62.0,-2.4,-2.9,C3,2.0,0.0,0,Z-PSD,0.11869
39.2,48.0,5.7,6.4,C1,,0.0,1,Z-QNV,-2.13274
64.5,155.0,3.5,3.5,C5,4.0,0.0,0,Z-PMV,0.82096
45.1,64.0,1.6,5.0,,5.0,1.0,0,Z-IFL,-1.38582
52.7,54.0,2.9,-7.7,C1,4.0,1.0,0,Z-HLF,-0.09652
-24.0,144.0,3.6,0.5,C3,1.0,0.0,0,Z-MNQ,0.36024
55.5,62.0,2.1,10.8,C1,5.0,0.0,1,Z-MZN,1.55432
38.0,69.0,4.2,6.6,C3,1.0,0.0,1,Z-TYB,1.77964
48.3,68.0,3.0,-5.2,C1,2.0,1.0,1,Z-FLA,1.63001
37.2,59.0,2.7,1.2,C3,2.0,1.0,0,Z-FJZ,-0.40255
69.7,193.0,2.6,-3.8,C1,3.0,0.0,0,Z-MZH,-0.29033
37.4,76.0,5.1,1.0,C4,2.0,0.0,1,Z-WPW,0.58432
41.8,96.0,0.3,,C1,1.0,,1,Z-BMG,0.48757
41.8,,3.2,5.3,C1,4.0,1.0,1,Z-EJE,-0.44367
38.2,63.0,4.9,-3.7,C1,3.0,1.0,0,Z-GGZ,-0.12345
61.0,148.0,6.8,1.1,C2,3.0,0.0,0,Z-QTU,-1.23061
69.5,143.0,7.5,4.9,C3,4.0,1.0,0,Z-HJS,-0.50139
,114.0,-0.8,,C2,5.0,0.0,1,Z-TXH,-1.65062
39.6,63.0,3.6,2.8,C2,2.0,0.0,1,Z-MTV,0.40664
32.3,82.0,5.1,-0.4,C4,2.0,1.0,1,Z-YZA,-0.38234
48.2,97.0,6.0,2.1,C2,5.0,0.0,1,Z-RMT,1.86335
47.6,127.0,-2.1,-6.8,C2,3.0,,1,,0.39123
44.9,77.0,-0.1,-3.2,,2.0,0.0,0,Z-CUC,0.24158
51.9,158.0,3.7,4.6,C5,2.0,0.0,0,Z-KPH,0.35108
53.3,115.0,,-1.2,C1,5.0,0.0,1,Z-QTO,0.78082
52.7,101.0,-2.0,-6.3,C1,3.0,1.0,1,Z-JZG,0.07397
47.6,90.0,,6.3,,5.0,1.0,1,Z-UNI,-1.32874
,,4.5,6.8,,3.0,0.0,0,Z-GYG,-0.68981
55.5,92.0,5.8,3.5,C1,3.0,1.0,1,Z-ETJ,-0.20499
50.3,119.0,4.9,1.6,C4,5.0,0.0,1,Z-GTE,0.77215
57.3,112.0,5.7,10.9,C1,2.0,0.0,0,Z-DGD,1.14496
56.5,163.0,1.8,6.8,C3,4.0,,0,Z-BXH,1.224
38.8,70.0,3.4,-5.0,,3.0,0.0,1,Z-CFT,0.46862
38.7,78.0,4.1,7.1,,5.0,0.0,1,Z-LXG,0.51972
44.1,78.0,5.4,10.4,C2,3.0,1.0,1,Z-QUH,-0.80302
41.7,137.0,-0.1,1.1,C1,2.0,0.0,1,Z-PEC,1.75997
56.2,72.0,-5.9,-8.8,,4.0,0.0,1,Z-KBE,-0.75237
53.0,108.0,3.1,-0.4,C1,5.0,1.0,1,,-0.62763
,124.0,4.9,9.9,C2,5.0,1.0,0,Z-BBA,0.27116
53.3,75.0,5.1,6.4,C1,3.0,1.0,1,Z-JMY,0.14029
51.8,174.0,6.1,6.1,C2,3.0,1.0,0,Z-DCT,-0.43063
59.8,91.0,3.4,11.3,C2,1.0,0.0,0,Z-MTP,0.39016
53.9,108.0,,-4.0,C2,1.0,0.0,1,Z-JJW,0.89134
50.7,147.0,5.4,2.8,C1,5.0,0.0,0,Z-RCA,0.76223
62.0,110.0,3.8,2.5,C2,4.0,0.0,0,Z-BCC,-1.52513
51.1,106.0,0.5,-2.1,C5,3.0,1.0,1,Z-UYP,0.11462
47.7,,-0.4,-9.7,C2,3.0,1.0,0,Z-UEG,-1.15334
43.5,88.0,2.5,4.8,C3,1.0,0.0,0,Z-XRS,-0.29392
55.8,139.0,7.3,1.6,C1,3.0,1.0,0,Z-FSN,1.23549
,106.0,-0.6,-5.4,C1,5.0,0.0,1,Z-JES,0.38382
49.8,28.0,2.1,,C5,3.0,1.0,1,Z-VDS,-1.94342
60.6,117.0,0.3,-2.3,C3,3.0,1.0,0,Z-QZR,
34.4,76.0,4.8,,C3,2.0,0.0,0,Z-ALM,1.60947
49.7,105.0,4.0,6.0,C2,1.0,0.0,0,Z-SJP,0.21137
49.8,95.0,-0.5,2.9,C3,2.0,0.0,0,Z-IPT,-0.68193
44.3,67.0,3.9,0.7,C5,1.0,0.0,1,Z-VPC,0.83927
69.2,126.0,-0.3,-4.4,C1,3.0,0.0,0,Z-YYU,0.40675
49.6,,0.6,-1.6,C1,5.0,1.0,1,Z-LMM,0.35676
46.9,94.0,-1.5,-6.7,C4,2.0,0.0,0,Z-DIL,2.24641
50.4,118.0,3.4,1.3,C1,,1.0,0,Z-SUO,2.65938
34.1,46.0,2.3,-3.6,C2,1.0,0.0,0,Z-ACS,-0.26333
44.1,82.0,2.4,9.5,C1,3.0,0.0,0,Z-NFV,-0.19671
58.0,87.0,3.6,2.1,C2,4.0,0.0,1,Z-VUT,0.40908
45.1,127.0,7.3,2.5,C2,2.0,0.0,0,Z-BLY,
43.5,47.0,4.9,5.7,C1,1.0,0.0,1,Z-UED,0.20765
,,4.6,-2.8,C1,2.0,0.0,0,Z-KIN,-0.84198
60.9,128.0,4.6,-0.6,C2,1.0,1.0,0,Z-MUN,-0.55953
54.3,115.0,6.0,5.5,C2,5.0,1.0,0,Z-MXA,
46.5,31.0,-1.2,-2.1,C3,1.0,0.0,0,Z-DDH,1.61421
48.2,43.0,,6.9,C3,1.0,0.0,0,Z-QYB,-1.42625
43.7,93.0,4.0,-9.7,C1,4.0,1.0,0,Z-HAG,-1.38111
42.2,62.0,4.1,5.4,C2,2.0,1.0,1,Z-OXU,0.08089
41.8,69.0,4.6,0.1,C4,2.0,1.0,1,Z-LWX,
45.2,81.0,4.0,-3.1,C2,2.0,1.0,0,Z-HWV,-0.09732
41.9,58.0,4.6,-4.8,C4,5.0,0.0,0,Z-ZRX,-0.62691
37.6,46.0,4.4,,C5,5.0,,1,Z-JDU,-0.54377
51.9,103.0,-2.3,3.1,,5.0,1.0,1,Z-FCD,0.77525
52.0,52.0,4.9,6.8,C1,2.0,1.0,1,Z-FRF,1.65978
63.8,110.0,5.4,,C1,2.0,1.0,0,Z-RGV,0.02298
44.8,73.0,-4.0,-5.6,,4.0,0.0,0,Z-AWY,-0.5187
52.5,104.0,1.1,-0.2,C3,4.0,0.0,0,Z-SUT,0.19705
52.7,169.0,6.3,-2.8,C1,2.0,0.0,0,Z-VTN,
48.1,70.0,5.6,-3.4,C5,3.0,1.0,1,Z-WCJ,-0.44317
,121.0,1.5,-1.0,C3,2.0,0.0,0,Z-ZER,-0.80995
56.4,117.0,-3.8,-10.7,C5,1.0,0.0,1,Z-RWJ,-0.27267
52.8,120.0,-0.5,-5.7,C2,3.0,0.0,1,Z-TRD,-0.65263
48.1,91.0,-0.8,,C1,5.0,1.0,1,,-0.10322
47.3,134.0,5.5,8.6,C1,5.0,1.0,0,Z-ZLW,-0.47089
,283.0,3.6,1.6,C3,1.0,0.0,0,Z-LOX,1.10529
43.7,285.0,4.3,-3.6,C1,2.0,1.0,1,Z-CVD,0.14375
45.2,54.0,-1.4,-10.5,C4,1.0,0.0,0,Z-MEL,-0.03967
41.2,88.0,-0.8,-1.8,C1,2.0,0.0,1,Z-QRT,2.03253
53.7,,2.1,-2.4,C3,2.0,,1,Z-PON,2.19258
59.7,93.0,3.6,2.0,C2,1.0,1.0,1,Z-MHB,0.0376
42.9,71.0,,3.3,C3,5.0,1.0,0,Z-NEQ,-0.26532
52.4,103.0,-1.9,-3.5,C3,4.0,1.0,1,Z-DGE,-0.96133
41.9,99.0,3.1,6.2,C1,5.0,0.0,1,Z-CDD,0.42442
47.7,123.0,0.5,3.3,C5,,0.0,1,Z-AGT,-0.43037
44.6,116.0,-1.2,-1.1,C2,4.0,1.0,1,Z-UJA,0.79741
55.0,116.0,,-0.0,C2,4.0,1.0,1,Z-VZO,1.17301
44.7,93.0,0.5,-3.5,C5,,1.0,1,Z-JST,-0.68386
58.3,105.0,4.3,5.4,C4,2.0,1.0,0,Z-YZQ,0.68663
48.2,90.0,2.1,5.8,C1,2.0,1.0,1,Z-QNK,0.36327
45.0,71.0,4.4,-3.2,C1,3.0,0.0,0,Z-JJC,-2.97778
40.1,72.0,-1.7,3.4,C5,4.0,0.0,1,Z-IOU,-0.92847
52.2,113.0,0.5,-4.5,C2,1.0,1.0,1,Z-UPP,0.18757
57.3,154.0,1.0,2.1,C2,3.0,0.0,0,Z-LNV,-0.40246
52.3,100.0,4.9,14.5,C1,5.0,0.0,0,Z-COH,-0.28475
68.1,109.0,3.2,,C2,1.0,0.0,0,Z-ZOC,0.26052
61.6,319.0,4.1,4.1,C1,2.0,0.0,0,Z-JYW,-0.69405
47.7,42.0,1.7,-1.5,C1,5.0,0.0,0,Z-ADG,1.00897
47.6,124.0,-0.1,0.2,C2,2.0,0.0,0,Z-CKC,0.21683
53.9,68.0,-2.3,-6.3,C1,1.0,1.0,1,Z-QLI,0.09213
43.5,107.0,3.9,-8.7,C2,4.0,1.0,0,Z-FTC,-1.23025
59.5,103.0,2.4,-2.7,C3,5.0,1.0,1,Z-ECX,0.9898
53.1,114.0,-2.0,-1.9,C3,2.0,0.0,0,Z-QOH,1.18923
52.2,160.0,4.7,8.2,C1,,1.0,0,Z-YCG,-0.18645
55.7,87.0,5.0,4.5,C1,3.0,0.0,1,Z-SKN,0.44953
63.9,97.0,0.5,,C3,3.0,0.0,0,Z-VGL,-0.48586
51.5,,-2.1,-5.5,C2,,0.0,1,,-0.43875
49.3,140.0,-2.6,-6.3,,5.0,0.0,1,Z-VAQ,0.6588
62.2,126.0,3.9,,C3,4.0,0.0,0,Z-ZZS,-0.42641
57.9,115.0,-2.7,-5.5,C2,2.0,0.0,1,Z-VDY,0.0048
47.6,101.0,5.7,8.1,C1,4.0,0.0,0,Z-XZR,0.52663
50.2,73.0,0.1,,C3,3.0,0.0,0,Z-IKJ,-0.94468
51.7,108.0,5.8,7.1,C2,3.0,1.0,0,Z-IJL,
53.1,95.0,6.9,9.6,C2,3.0,0.0,0,,-1.57566
39.3,118.0,-3.5,-3.1,C4,3.0,1.0,1,Z-MYQ,-0.69006
37.8,101.0,-1.0,1.4,C1,3.0,0.0,1,Z-XZU,1.21358
43.1,53.0,0.8,-3.7,C2,4.0,0.0,0,Z-RMD,1.031
42.4,80.0,1.7,-3.6,C1,1.0,0.0,0,Z-MWV,0.08389
45.0,106.0,4.2,3.5,C5,3.0,,1,Z-WBV,0.00848
55.2,82.0,3.2,-1.9,C1,2.0,1.0,0,Z-YSM,0.30732
48.8,69.0,-0.2,-0.5,,2.0,1.0,0,Z-IHR,-0.41371
,91.0,-3.2,-3.1,C2,3.0,0.0,1,Z-VGT,0.16671
40.4,93.0,5.2,2.7,C4,5.0,0.0,1,Z-HQG,1.03162
46.5,122.0,5.8,4.6,C3,2.0,1.0,0,Z-MQB,0.48673
54.9,115.0,6.1,6.4,C1,4.0,0.0,0,Z-CDO,-0.88496
54.9,175.0,6.6,3.8,C3,2.0,0.0,0,Z-NEQ,-0.80103
44.4,72.0,,-1.8,C1,2.0,0.0,0,Z-WFO,-1.61722
51.5,123.0,2.7,4.3,C1,3.0,1.0,0,Z-NZJ,1.25112
67.8,100.0,8.5,7.0,C1,1.0,,0,Z-AFQ,1.05959
50.0,144.0,5.8,5.4,C3,4.0,0.0,0,Z-GSF,0.87892
44.6,128.0,4.7,5.0,C1,3.0,0.0,1,Z-SCT,-0.74789
48.8,117.0,4.4,2.9,C3,4.0,0.0,0,Z-JKX,1.80447
50.9,55.0,1.3,-1.9,C3,4.0,0.0,0,Z-ZGE,-1.84407
48.9,117.0,1.7,-2.7,C1,3.0,0.0,0,Z-LLA,1.07795
49.9,78.0,3.3,0.9,C1,3.0,1.0,1,Z-FZO,
38.6,93.0,2.2,2.3,C2,2.0,0.0,1,Z-NKK,-0.91579
42.5,48.0,3.4,3.6,C1,4.0,1.0,1,Z-RCG,0.16364
49.0,106.0,0.0,-1.0,C1,4.0,0.0,1,Z-WWN,-1.18365
48.8,89.0,-1.7,-1.6,C1,3.0,0.0,1,Z-FTQ,-0.41109
45.6,,-2.6,-8.5,C1,1.0,1.0,0,Z-MQZ,-0.76687
48.7,114.0,4.8,0.6,C3,4.0,1.0,0,Z-YAV,0.65231
50.6,100.0,4.7,5.4,C1,4.0,1.0,0,Z-OCQ,1.44252
,107.0,5.2,-0.6,C4,2.0,0.0,1,Z-KZG,2.08698
49.4,119.0,-1.8,-2.6,C3,3.0,1.0,0,,-1.41512
53.4,157.0,6.1,4.0,C5,3.0,1.0,0,Z-DXP,0.58017
45.8,101.0,-1.1,-3.0,C3,4.0,0.0,0,Z-UUP,-0.25969
54.7,59.0,-2.2,-0.7,C1,4.0,0.0,1,Z-FEO,0.33756
,63.0,-1.7,-2.2,C1,3.0,0.0,1,Z-ZHU,-1.55569
57.1,114.0,4.1,-3.1,C1,4.0,1.0,1,Z-ZPF,-2.07822
55.9,138.0,-2.8,-1.9,C3,5.0,0.0,1,Z-TLS,-1.36326
54.9,112.0,5.1,0.7,,1.0,0.0,0,Z-BWA,1.27588
49.4,113.0,5.3,-2.8,C1,1.0,1.0,1,Z-PPO,-1.28891
52.1,102.0,1.3,2.7,C3,3.0,0.0,0,Z-TID,0.84279
58.7,,4.9,-2.4,C1,4.0,0.0,1,Z-SHH,-0.00585
44.9,108.0,-2.8,-5.5,C3,1.0,1.0,0,Z-DJP,0.72641
45.1,64.0,-3.9,-3.8,C1,5.0,0.0,0,Z-DTK,-0.45613
51.6,115.0,-0.4,-2.3,C1,1.0,0.0,1,Z-SMX,1.13458
53.5,64.0,5.1,0.2,C2,4.0,0.0,1,Z-TSW,0.10632
43.6,101.0,3.0,-3.2,C5,4.0,0.0,1,,-0.03043
,92.0,4.8,-0.6,C3,1.0,0.0,1,Z-FBB,
49.4,103.0,5.3,-1.5,C2,4.0,0.0,1,Z-MBV,-0.07084
32.4,,-0.8,-2.9,C2,4.0,1.0,0,Z-WPN,-1.19089
48.4,105.0,5.1,0.5,C2,1.0,0.0,0,Z-DXZ,
48.9,136.0,1.2,,C1,2.0,1.0,1,Z-WYG,0.42848
48.9,99.0,0.1,-2.7,C3,5.0,1.0,0,Z-DJH,0.0862
61.5,125.0,4.0,-0.9,C1,5.0,1.0,0,Z-QRF,-0.55801
40.4,120.0,-4.8,-4.7,C2,3.0,,1,Z-LNV,-0.15986
43.6,140.0,-0.5,-0.5,C1,1.0,0.0,1,Z-YFF,-0.99069
29.3,65.0,-0.8,3.4,C3,2.0,1.0,0,Z-HPC,0.3816
46.3,80.0,-1.1,0.1,C1,2.0,1.0,0,Z-BHF,-0.45819
47.0,83.0,5.5,-1.4,C1,3.0,,1,Z-MZV,0.39756
46.1,106.0,-2.1,-12.6,C2,4.0,0.0,0,Z-BWW,0.40242
59.0,110.0,5.7,-3.0,C3,3.0,1.0,0,Z-SYF,0.61667
57.0,65.0,2.2,-1.8,C5,5.0,0.0,1,Z-MUZ,0.29405
50.8,132.0,4.5,-4.5,C1,1.0,0.0,1,Z-LVV,0.43174
47.2,117.0,4.5,-0.3,C1,2.0,1.0,0,Z-FGU,-0.93877
58.4,321.0,,2.9,,2.0,0.0,0,Z-DIO,1.03722
50.0,136.0,2.9,-1.4,C1,4.0,0.0,1,Z-ANZ,0.21852
43.6,,5.3,4.2,C1,4.0,1.0,1,Z-ORO,0.25824
36.4,84.0,1.8,-2.6,,5.0,1.0,1,Z-YID,0.1709
46.6,122.0,3.5,-1.8,C1,2.0,1.0,0,Z-HWM,1.72794
56.2,78.0,-0.9,4.8,C2,5.0,0.0,1,Z-KVZ,-0.56543
68.4,122.0,2.7,,C2,3.0,0.0,0,Z-FTZ,1.61895
50.7,100.0,,3.2,C1,2.0,1.0,0,Z-VBG,2.75983
44.0,115.0,0.8,2.7,C1,4.0,1.0,1,Z-TLS,0.10151
40.7,70.0,1.4,3.3,C1,2.0,1.0,0,Z-HAF,-0.5045
54.6,89.0,3.9,0.3,C4,4.0,0.0,1,Z-ZKJ,-1.67439
36.0,65.0,-0.8,2.1,C2,3.0,,0,Z-QZI,0.45974
54.6,120.0,3.6,-0.3,C4,3.0,0.0,0,Z-NLN,0.08967
,110.0,4.3,6.4,C5,3.0,0.0,1,Z-BFL,-1.0977
53.7,67.0,-0.2,-7.0,C2,5.0,1.0,1,Z-FQF,-0.70666
48.4,64.0,-1.3,-4.0,C5,3.0,0.0,1,Z-QGW,-1.99789
54.7,112.0,-0.3,-0.9,C1,1.0,0.0,1,Z-VEB,0.67423
51.5,107.0,1.3,,C1,5.0,1.0,1,Z-SVV,-1.50945
43.9,91.0,-1.1,-6.2,C3,2.0,0.0,0,Z-OMW,-0.23697
65.0,113.0,4.8,-4.3,C1,3.0,1.0,0,Z-QXD,0.38607
47.3,117.0,,0.7,C2,4.0,0.0,1,Z-QRR,0.88973
56.4,121.0,-2.7,-4.9,C4,1.0,0.0,1,Z-MPU,0.05167
30.8,77.0,-0.6,-3.8,C5,2.0,,1,Z-WOO,-0.42315
60.4,128.0,-0.6,4.9,C2,5.0,0.0,0,Z-TEQ,0.3852
61.9,163.0,1.3,-1.7,C3,1.0,1.0,0,Z-OFQ,
50.4,73.0,-2.5,-6.0,C3,3.0,1.0,0,Z-FGZ,-0.80264
54.6,97.0,-1.7,-10.7,C2,2.0,0.0,0,Z-SJF,-1.57577
54.6,99.0,-1.3,-7.3,C2,2.0,0.0,1,Z-RER,0.00621
45.0,126.0,-3.6,-1.0,C3,4.0,0.0,1,Z-WOM,-0.90773
54.5,,4.3,-0.9,C1,5.0,0.0,1,Z-HAK,0.43329
43.7,68.0,3.4,4.0,C3,3.0,0.0,0,,
45.3,89.0,4.6,-3.1,C1,2.0,0.0,1,Z-BAM,-0.49611
59.2,118.0,0.2,-5.1,C3,1.0,1.0,0,Z-HHL,0.36401
58.0,146.0,,-0.4,C2,3.0,1.0,0,,0.2104
44.5,81.0,2.5,2.6,C1,4.0,1.0,1,Z-JML,-0.14633
44.3,72.0,0.0,-2.5,C4,4.0,0.0,0,Z-TPA,1.45038
,67.0,5.4,-1.6,C2,2.0,0.0,0,Z-DHG,-0.01004
56.0,101.0,3.5,4.5,C3,2.0,0.0,0,Z-EDY,0.96245
42.2,156.0,0.9,1.2,C1,3.0,1.0,1,Z-JGU,-0.30202
53.0,116.0,3.6,3.0,C1,4.0,0.0,1,Z-UAM,1.72259
56.1,127.0,0.1,-0.3,C4,3.0,0.0,1,Z-RBS,-0.04857
49.5,99.0,-5.8,-10.3,C2,3.0,1.0,0,Z-JEC,-0.55984
58.2,118.0,,-0.2,C1,4.0,0.0,1,Z-JYW,-0.19088
47.7,117.0,0.5,-1.6,C2,1.0,0.0,0,Z-MCX,0.11681
48.4,113.0,5.5,4.3,C2,3.0,1.0,0,Z-CJJ,0.62789
42.3,97.0,6.2,5.5,C5,1.0,1.0,1,Z-BCV,-0.61491
58.3,115.0,-0.7,-6.2,C1,2.0,0.0,1,Z-ERQ,1.62161
44.0,81.0,2.2,8.4,C2,1.0,1.0,0,Z-EGH,0.09408
53.0,117.0,5.8,3.3,C1,3.0,0.0,1,Z-DTR,0.94739
49.6,102.0,6.6,4.3,C1,5.0,0.0,1,Z-RGL,-0.82431
41.7,144.0,1.4,-2.1,C3,1.0,1.0,0,Z-YPP,0.37314
45.3,121.0,5.5,8.1,C1,3.0,0.0,0,Z-XCI,-0.42949
61.2,101.0,6.7,9.3,C1,5.0,0.0,0,Z-NAR,1.0131
51.8,72.0,1.3,0.2,C2,,1.0,1,Z-GDI,-0.40373
42.1,76.0,6.6,-2.0,C2,3.0,0.0,0,Z-OJD,-0.50565
52.6,75.0,0.1,-2.2,C4,4.0,0.0,1,Z-RAR,0.06815
49.0,260.0,-0.8,-2.6,,1.0,0.0,0,Z-WBK,0.02837
,121.0,-0.5,-4.0,C1,4.0,1.0,0,Z-WMV,-0.04175
,95.0,-0.4,-6.1,C1,4.0,1.0,1,Z-BUO,
47.1,87.0,5.6,-3.3,C2,3.0,1.0,0,Z-VBE,0.80486
61.5,124.0,6.8,10.6,C1,1.0,,0,Z-QVG,1.07227
35.4,70.0,0.9,2.3,C1,2.0,0.0,1,Z-YQE,1.68259
50.9,77.0,4.4,2.4,C5,,1.0,1,Z-PVR,0.26326
66.1,160.0,2.7,-2.0,C3,1.0,0.0,0,Z-CXE,-0.53333
49.2,110.0,6.3,5.4,C1,5.0,1.0,1,Z-TGV,1.8386
36.3,62.0,-2.1,-2.5,C1,2.0,0.0,0,Z-RFV,0.03818
47.0,71.0,,-4.8,C3,2.0,0.0,0,Z-CHT,0.99057
61.8,80.0,2.3,2.0,C2,4.0,0.0,1,Z-HFD,0.18439
53.2,64.0,2.4,2.6,C1,2.0,0.0,1,Z-DBZ,0.2236
43.4,117.0,-2.6,-1.0,C2,3.0,1.0,1,Z-BTL,-1.14433
44.7,117.0,-3.5,-8.5,C4,1.0,1.0,0,Z-QPD,-2.26801
45.7,77.0,-0.5,-0.2,C1,5.0,0.0,1,Z-MOD,-0.20475
53.1,142.0,3.5,6.5,C3,5.0,1.0,0,Z-KXU,-0.0413
60.9,135.0,-0.8,-1.1,C4,2.0,1.0,0,,-0.48158
58.6,120.0,-2.5,5.6,C2,2.0,1.0,0,Z-XSR,0.04871
53.8,130.0,5.5,2.4,C5,4.0,0.0,0,Z-IYC,0.04268
39.5,99.0,,-6.1,C1,4.0,1.0,1,Z-XOT,-0.22652
39.5,87.0,1.5,-3.9,C3,2.0,1.0,0,Z-GAF,0.38841
54.4,101.0,,,C2,3.0,0.0,1,Z-RBG,-0.15291
39.4,79.0,-2.9,-1.7,C2,2.0,0.0,0,Z-ZOV,-1.0248
48.4,54.0,-2.2,-0.0,C3,2.0,0.0,0,Z-FQR,0.26097
52.6,83.0,4.0,2.4,,3.0,1.0,0,Z-RFR,0.12281
41.1,134.0,-3.9,-3.8,C2,2.0,0.0,1,Z-WCY,-0.73655
42.0,64.0,,,C2,3.0,1.0,0,Z-ETQ,-1.63023
49.4,49.0,4.5,-1.2,C2,2.0,1.0,0,Z-SVY,0.1014
54.2,,5.0,2.4,C5,1.0,1.0,1,Z-ADJ,0.38403
58.7,121.0,2.7,-1.1,,,0.0,0,Z-ZYH,1.21496
55.0,117.0,5.5,-1.7,C2,2.0,0.0,1,Z-CNI,-0.4709
130.0,97.0,-4.4,-14.0,C2,3.0,1.0,0,Z-OXD,0.76202
44.2,115.0,2.6,6.2,C4,2.0,0.0,0,Z-CMB,1.00824
41.6,127.0,-0.9,-5.7,C3,3.0,,0,,-0.54675
46.1,79.0,3.3,0.2,C3,4.0,0.0,0,Z-XKK,1.21659
53.4,123.0,-0.5,-0.2,C3,5.0,0.0,1,Z-MSL,1.86368
52.9,135.0,0.3,-6.4,,5.0,1.0,1,Z-SMV,-0.36079
33.4,56.0,-1.3,,C1,2.0,1.0,0,Z-UJH,0.91928
43.9,130.0,2.7,0.6,,,0.0,1,Z-ELH,-0.4619
59.8,147.0,-0.8,-4.2,,5.0,1.0,0,Z-FIK,0.46791
,68.0,5.4,-2.3,C3,2.0,1.0,0,Z-LHF,-3.46249
38.8,124.0,2.5,3.1,C3,2.0,1.0,0,Z-LWZ,-0.6015
69.0,100.0,2.5,-1.4,C4,2.0,0.0,0,Z-LMA,1.6471
49.9,81.0,2.8,1.4,C1,5.0,1.0,1,Z-OAT,
53.2,124.0,-4.1,-5.0,C3,3.0,1.0,1,,0.98858
53.4,134.0,4.9,6.8,C5,2.0,0.0,0,Z-PPM,3.50346
47.2,98.0,3.8,3.2,C1,4.0,1.0,1,Z-ZDD,-0.15062
44.3,74.0,,-3.6,C1,5.0,0.0,1,Z-VDV,-0.84019
67.1,122.0,3.2,6.1,,3.0,1.0,0,Z-AOE,
58.2,104.0,0.3,-3.3,C1,2.0,1.0,1,Z-ILO,-0.95776
56.7,134.0,,,C3,2.0,1.0,1,Z-AMB,-1.37536
54.8,97.0,-3.6,-8.9,C2,4.0,0.0,1,Z-ZYL,1.73592
42.1,69.0,3.6,-8.4,C2,4.0,1.0,0,Z-PPP,
60.4,78.0,-0.5,-4.6,C5,3.0,0.0,1,Z-XAQ,-1.22161
43.4,73.0,,3.1,C2,4.0,0.0,0,Z-BND,0.15954
52.4,101.0,-0.1,-7.5,C2,2.0,0.0,0,Z-XNF,0.45446
37.0,48.0,1.6,7.0,C1,3.0,0.0,1,Z-KPR,0.11387
33.8,26.0,4.1,-7.5,C1,2.0,1.0,0,Z-LCK,
52.7,131.0,4.2,-1.2,C2,5.0,0.0,1,Z-QHP,0.04212
43.7,63.0,-2.2,,C3,3.0,0.0,0,Z-QNL,0.18557
,38.0,3.2,5.1,C1,2.0,1.0,1,Z-NZY,0.73003
54.5,150.0,1.6,2.6,C1,2.0,0.0,0,Z-EPY,-0.79211
67.1,152.0,5.6,2.2,C2,5.0,0.0,0,Z-EGI,0.32522
61.3,147.0,0.7,-7.0,C3,5.0,1.0,0,Z-GVZ,-0.2142
48.1,111.0,3.8,-3.4,C1,,0.0,1,Z-HGN,1.16353
50.2,136.0,1.0,0.4,C4,3.0,0.0,1,Z-CEK,0.79818
57.3,136.0,3.5,-1.4,C5,4.0,0.0,1,Z-OHY,-2.04395
59.1,106.0,-2.1,-5.8,C1,4.0,1.0,1,Z-MXZ,
47.4,67.0,0.2,-1.7,C2,1.0,1.0,0,Z-DAP,0.3764
50.4,66.0,5.9,1.8,C3,1.0,0.0,0,Z-PUX,0.09562
52.6,101.0,-0.6,-9.6,C1,2.0,1.0,1,Z-YZS,
54.6,78.0,3.4,-4.3,C4,2.0,,1,Z-SUH,1.78144
,77.0,5.0,-2.7,C5,3.0,0.0,1,Z-GWD,-0.57812
49.2,95.0,4.4,-0.9,C3,2.0,1.0,0,Z-FFU,0.37546
61.2,157.0,3.0,1.4,C1,3.0,1.0,0,Z-VZX,-0.69737
,76.0,4.0,2.1,C1,4.0,1.0,1,Z-JCJ,0.78974
54.0,108.0,2.6,5.7,C2,5.0,1.0,1,Z-FLL,-0.57078
,90.0,-2.4,-9.7,C1,3.0,1.0,1,Z-OMW,-0.20159
47.1,80.0,6.6,5.4,C3,2.0,0.0,0,Z-MVR,1.0214
63.1,147.0,3.8,-1.6,C2,2.0,0.0,0,Z-YWE,-0.03957
54.5,,-2.7,4.4,C3,,,1,,-0.1939
76.3,137.0,-2.1,-3.9,C3,1.0,1.0,0,Z-FFB,1.39997
40.6,88.0,-3.5,-7.1,C1,5.0,1.0,0,Z-RFI,-1.56947
44.6,110.0,2.8,2.0,C3,3.0,0.0,0,Z-MFH,0.95974
53.5,91.0,-0.7,-1.4,C4,3.0,0.0,1,Z-DOZ,1.68476
53.3,140.0,4.3,0.6,C2,3.0,1.0,0,Z-QMS,-0.07245
65.8,115.0,3.3,3.8,,1.0,0.0,0,Z-GBL,1.17048
44.8,104.0,4.9,9.1,C1,4.0,0.0,0,Z-MNB,-0.90746
,107.0,-3.7,-0.9,C3,3.0,0.0,1,Z-JUU,0.08013
59.5,,3.6,0.9,C5,3.0,0.0,1,Z-QKJ,0.36327
55.8,165.0,4.2,9.6,C3,4.0,1.0,0,Z-NJM,-1.1842
42.5,80.0,-1.7,-1.0,C1,2.0,0.0,1,Z-ZCH,-2.0467
61.4,119.0,-3.8,,C1,3.0,1.0,1,Z-ZVN,1.25596
60.0,105.0,1.0,,C5,4.0,1.0,1,Z-SBH,-2.21758
55.0,93.0,3.4,0.4,C3,5.0,0.0,0,Z-JQO,0.60603
51.8,84.0,1.5,-2.6,C1,4.0,1.0,1,Z-LIX,-0.13894
52.0,,-0.6,-0.8,C3,1.0,0.0,0,Z-JOJ,-0.0814
49.5,78.0,-1.2,-10.6,C1,3.0,0.0,0,Z-JFC,1.34033
55.3,89.0,2.1,7.0,C5,3.0,0.0,1,Z-NHK,
50.4,,-3.2,-1.8,C2,1.0,0.0,0,Z-HKJ,0.18532
43.4,126.0,3.5,-6.4,C1,4.0,1.0,0,Z-FUB,0.88257
41.8,131.0,-1.9,-0.7,C1,2.0,1.0,1,Z-TBF,0.34108
44.1,108.0,5.3,5.0,C1,3.0,0.0,1,Z-VFT,
51.9,80.0,-0.3,4.4,C3,2.0,0.0,0,Z-VOF,0.45574
49.9,66.0,-1.4,4.4,C3,2.0,1.0,0,Z-ADW,2.06244
51.9,61.0,4.1,10.0,C3,2.0,1.0,1,Z-EHL,-0.90833
54.2,124.0,2.8,-0.3,C1,2.0,0.0,1,Z-TIY,0.20558
,126.0,3.8,4.0,C3,5.0,,0,Z-HMF,
61.9,125.0,3.3,-0.7,C4,4.0,,0,Z-XRA,-1.74251
48.0,159.0,,5.9,C3,1.0,0.0,0,Z-MJS,0.99217
46.7,107.0,3.9,-7.4,C3,2.0,0.0,0,Z-ISR,-0.0558
54.0,86.0,1.5,,C1,5.0,0.0,1,Z-NHB,0.1391
35.5,103.0,4.5,0.5,C4,3.0,0.0,1,Z-TCA,0.16511
43.8,115.0,-0.9,-2.6,C1,3.0,0.0,1,Z-VAV,0.65391
58.0,87.0,-0.2,-1.1,C4,3.0,0.0,1,Z-SXR,0.95503
36.3,99.0,3.4,6.7,C2,2.0,0.0,1,Z-PMA,0.4464
59.1,111.0,4.0,-0.9,C1,2.0,0.0,0,Z-UFY,0.19542
62.3,114.0,7.4,-0.6,C1,2.0,0.0,0,Z-EZT,-2.35059
47.2,106.0,4.0,0.2,C5,4.0,1.0,1,Z-RWN,-1.18373
52.5,114.0,2.4,-2.1,C2,2.0,1.0,1,Z-DDD,-0.26392
59.1,139.0,5.2,5.3,C2,3.0,1.0,0,Z-OOD,
46.4,,1.9,6.5,C5,5.0,0.0,1,Z-QYT,-1.31427
57.1,127.0,-1.1,3.5,C2,3.0,0.0,0,Z-HZP,0.14806
44.8,60.0,-0.3,2.8,C4,2.0,0.0,0,Z-QYV,0.22109
46.3,89.0,5.1,0.5,C4,,0.0,1,Z-LCW,1.42312
,87.0,0.1,-2.2,C3,2.0,1.0,0,Z-TWT,-0.55919
52.9,131.0,4.0,3.7,C1,4.0,0.0,0,Z-DPP,0.62772
59.4,116.0,4.9,-0.6,C5,4.0,0.0,1,Z-UXP,-0.83655
48.7,91.0,6.0,0.7,C3,2.0,0.0,1,Z-QMP,-0.06089
40.0,122.0,5.9,5.1,C2,3.0,0.0,0,Z-JVA,-1.81309
41.5,74.0,4.9,-3.1,C3,3.0,,0,Z-NEM,-1.79871
53.3,93.0,2.7,5.4,C1,5.0,0.0,1,Z-LOP,1.00521
64.9,75.0,-0.1,-3.4,C1,2.0,1.0,1,Z-BTF,-2.27641
53.3,100.0,4.0,4.2,C3,3.0,1.0,0,Z-MJQ,0.06889
47.1,,6.9,5.3,,5.0,0.0,0,Z-CML,-0.55403
56.3,104.0,4.8,,C2,2.0,0.0,0,Z-AOE,
48.2,104.0,5.1,-6.2,C3,4.0,0.0,0,Z-IWR,-0.21062
47.1,66.0,3.7,7.0,C5,4.0,0.0,1,Z-NBC,0.23209
42.5,65.0,6.4,9.2,C1,1.0,0.0,1,Z-FVA,0.37251
61.4,76.0,5.2,4.2,C1,5.0,1.0,1,Z-CYH,-0.54005
29.8,52.0,6.4,6.2,C1,4.0,0.0,1,Z-FGD,-0.10616
56.5,86.0,4.6,5.0,C5,3.0,0.0,1,Z-TFG,-0.82021
46.4,152.0,0.4,-5.1,C1,3.0,0.0,1,Z-UIV,-0.53272
46.9,135.0,-2.8,-3.8,C2,2.0,0.0,1,Z-IUE,-1.42853
63.7,159.0,6.4,7.8,C4,2.0,0.0,0,Z-IGG,
,56.0,-2.2,-11.1,C3,,0.0,0,Z-BRT,-1.27764
44.7,86.0,-1.2,-0.6,C1,3.0,1.0,0,Z-BTJ,-0.39177
49.1,66.0,-1.7,-2.7,C5,2.0,0.0,1,Z-FOB,
53.5,156.0,5.5,5.9,C1,5.0,1.0,0,Z-XVD,0.78774
46.6,117.0,2.4,-4.9,C2,3.0,0.0,0,Z-AFT,-0.72587
37.6,51.0,4.4,-0.9,C1,2.0,0.0,0,Z-YUD,-1.54578
43.2,99.0,,-3.8,C3,2.0,1.0,0,Z-BVM,-1.49295
60.4,78.0,2.4,-5.5,C1,5.0,0.0,1,Z-VAO,-1.06458
50.8,98.0,2.4,4.0,C4,2.0,1.0,1,Z-HTO,2.05503
53.8,102.0,-2.0,-5.8,C2,2.0,1.0,1,,-0.27269
48.1,117.0,1.9,,C1,3.0,0.0,1,Z-OBC,-1.66814
44.9,118.0,-2.2,1.1,C4,3.0,0.0,1,Z-ZAK,0.53413
63.6,124.0,7.7,3.7,C3,3.0,0.0,0,Z-QIW,-0.55374
48.7,92.0,0.5,2.9,C2,5.0,0.0,1,Z-XZP,1.90924
46.6,7.0,3.5,-3.0,C2,2.0,,0,Z-QMY,1.01144
58.9,157.0,4.7,,C2,,1.0,0,Z-QXD,0.95312
44.4,73.0,-2.3,-7.5,C2,5.0,1.0,0,Z-RZA,0.60711
45.4,95.0,6.4,,C4,2.0,1.0,0,Z-SJO,0.26068
50.2,161.0,6.1,2.8,C1,5.0,0.0,0,Z-DAD,-0.59227
50.2,68.0,0.5,1.9,C2,4.0,0.0,1,Z-SJC,0.14367
52.2,104.0,3.2,1.8,C3,4.0,0.0,0,Z-CHT,
66.9,142.0,4.3,-6.1,C5,1.0,1.0,0,Z-OCF,1.34668
,134.0,3.0,-0.1,C1,1.0,0.0,1,Z-WJI,0.21356
31.1,68.0,-0.8,-8.8,C1,2.0,0.0,0,Z-WOJ,0.38778
132.1,136.0,0.3,0.1,C4,3.0,1.0,1,Z-VFN,0.14695
50.5,90.0,4.4,4.6,C5,4.0,1.0,1,Z-WQG,-1.17093
50.5,116.0,3.7,4.4,C3,2.0,0.0,0,Z-KVA,-0.11255
52.1,115.0,1.3,-1.0,C2,1.0,1.0,0,Z-TSI,0.25796
49.9,98.0,-1.7,,C1,1.0,0.0,0,Z-LNY,0.49669
49.7,108.0,-1.4,-1.9,C5,3.0,1.0,1,Z-SDM,0.18444
55.1,85.0,-3.6,-3.0,C3,1.0,0.0,1,Z-VNV,1.7568
45.8,85.0,-0.7,-3.0,C3,4.0,0.0,0,Z-MOR,0.78513
-36.7,,0.1,-1.2,C4,2.0,1.0,0,Z-BPT,-0.69506
74.4,129.0,3.2,-6.8,C4,3.0,,0,Z-ISD,-1.01285
44.4,324.0,2.8,1.1,C1,4.0,1.0,1,Z-BNL,-0.55319
51.0,113.0,4.1,,C1,3.0,0.0,1,Z-ZVQ,-0.22928
38.2,89.0,1.0,-5.9,C1,5.0,0.0,0,Z-PKI,0.73348
51.1,59.0,3.2,3.5,C4,4.0,0.0,1,Z-PAI,2.21866
42.7,96.0,-0.8,-4.4,C2,2.0,1.0,0,Z-KUN,
46.6,93.0,0.8,0.1,C3,1.0,0.0,0,Z-YMG,-1.46995
58.5,129.0,7.2,6.7,C1,5.0,1.0,0,Z-DDE,-0.49312
53.9,144.0,4.9,4.1,C2,4.0,0.0,0,Z-FHD,0.33923
54.7,97.0,3.4,-4.3,C1,5.0,,1,Z-LTD,0.89007
36.0,68.0,5.4,1.5,C5,1.0,0.0,1,Z-EOM,
64.9,150.0,5.5,12.2,C2,5.0,0.0,0,Z-HGF,1.53079
40.6,68.0,3.8,7.7,,5.0,0.0,1,Z-TOA,0.61388
62.4,123.0,2.8,4.3,C1,2.0,1.0,0,Z-ARW,1.6228
,60.0,0.2,-0.3,C1,1.0,0.0,1,Z-RKE,0.96436
54.8,100.0,-0.7,-6.4,C1,2.0,0.0,1,Z-ZQR,1.18846
43.3,124.0,2.3,-0.3,C1,3.0,0.0,1,Z-KYI,1.08696
51.4,111.0,4.7,0.8,C3,2.0,1.0,0,Z-VDU,-0.49856
46.4,118.0,-2.3,-4.0,C1,1.0,1.0,0,,-2.44121
-79.3,127.0,-3.0,-10.4,C2,5.0,0.0,1,Z-TKL,1.48823
48.2,133.0,-0.9,1.7,C1,2.0,0.0,1,Z-YIL,-1.08054
33.8,64.0,-1.7,-14.5,C5,5.0,0.0,0,Z-TKF,-0.67597
59.1,141.0,-1.5,0.7,C1,2.0,0.0,0,Z-RYM,0.99186
49.5,160.0,5.7,7.1,C3,4.0,1.0,0,Z-DVQ,1.92538
46.3,93.0,-0.1,8.2,C4,2.0,0.0,0,Z-OIW,1.35463
45.7,57.0,-1.6,-4.1,C5,1.0,1.0,1,Z-SHH,-0.18035
53.0,,-1.8,,C3,4.0,1.0,1,Z-HUO,0.93556
43.0,101.0,2.8,1.4,C3,2.0,,0,Z-GBO,-0.73377
32.1,25.0,-1.1,-0.2,C2,2.0,1.0,0,Z-ETQ,-0.31031
53.4,85.0,,-1.5,C3,3.0,1.0,0,Z-MUT,1.55129
54.3,99.0,6.3,-1.1,C4,3.0,0.0,1,Z-JDJ,-1.13411
48.6,101.0,5.9,5.9,C2,3.0,1.0,0,,-1.76586
41.0,133.0,0.6,-1.1,C3,1.0,1.0,0,Z-HJD,-0.6764
50.9,,4.5,-2.0,C5,5.0,0.0,1,Z-EIU,0.73335
38.4,51.0,-0.4,-8.9,C1,1.0,1.0,0,Z-SGF,-0.82784
41.9,191.0,4.2,12.5,C2,4.0,0.0,0,Z-QPL,-0.28099
44.2,90.0,0.2,,C1,4.0,1.0,1,Z-ZYB,0.5548
56.9,66.0,6.3,6.3,,2.0,1.0,1,,-1.84215
47.3,68.0,4.4,1.7,C3,3.0,0.0,0,Z-WLO,2.44855
46.6,67.0,4.7,5.4,C2,,0.0,1,Z-AND,-0.93792
65.8,90.0,4.7,-2.0,C1,4.0,1.0,1,Z-HWC,1.72272
53.0,119.0,,-3.8,C4,4.0,0.0,1,Z-IMI,-1.32962
52.9,33.0,4.5,3.4,C1,3.0,0.0,1,Z-HPL,-0.0271
47.2,122.0,2.7,-3.6,C2,4.0,0.0,1,Z-SQL,0.56749
45.4,,-0.5,-2.5,C1,2.0,0.0,1,Z-PTG,1.11497
32.7,59.0,2.8,,C5,4.0,0.0,1,Z-REZ,
57.9,138.0,2.3,-2.9,C2,3.0,0.0,0,Z-WGA,0.32544
53.7,77.0,4.5,0.0,C4,5.0,0.0,1,,-1.92957
48.7,75.0,5.9,-3.6,C2,5.0,0.0,0,Z-HJR,0.1994
49.1,113.0,4.9,7.2,C1,1.0,1.0,0,Z-ITY,-0.31075
56.1,105.0,5.3,9.7,C1,4.0,0.0,0,Z-HVA,-0.70404
37.7,63.0,2.5,-3.4,C2,,1.0,0,Z-IKM,1.09533
45.4,89.0,3.6,6.2,C4,4.0,1.0,0,Z-MSO,-1.36936
41.1,121.0,-0.7,-2.3,C3,2.0,1.0,0,Z-POZ,2.05536
64.3,159.0,4.2,2.0,C1,4.0,0.0,0,Z-UYK,0.37047
57.2,,1.4,-5.9,C2,1.0,1.0,0,Z-TMJ,-0.28365
32.5,61.0,6.2,1.5,C2,5.0,1.0,1,Z-LUW,0.57982
,94.0,-0.7,0.1,C3,3.0,0.0,0,Z-JDJ,1.11623
49.1,75.0,-2.9,-8.3,C3,1.0,1.0,0,Z-ARK,-0.35667
46.4,126.0,0.7,-4.2,C2,4.0,0.0,1,Z-VYW,0.67589
39.6,108.0,-4.3,-7.6,C4,2.0,0.0,0,Z-RRD,0.44049
65.7,179.0,7.0,-9.9,C3,2.0,,0,Z-FLD,-0.54954
52.7,83.0,,-0.3,C1,4.0,0.0,1,Z-XHK,0.39588
54.0,82.0,0.1,,C2,,1.0,1,Z-RKR,-0.576
44.6,106.0,3.7,3.2,C4,2.0,1.0,1,Z-RDM,0.4941
55.9,103.0,3.1,5.1,C1,3.0,1.0,0,Z-RZH,-0.41551
47.1,122.0,2.5,-1.3,C1,2.0,0.0,1,Z-APC,0.80115
47.9,,1.7,7.6,C3,1.0,1.0,0,Z-LYX,
55.0,155.0,7.5,1.4,C2,2.0,,0,Z-HPF,1.33093
37.1,,4.6,1.5,C1,3.0,0.0,1,Z-CPK,0.54076
,146.0,5.6,1.9,C4,3.0,0.0,0,Z-NWE,-0.94863
51.6,89.0,3.7,2.5,,3.0,0.0,1,Z-LBO,-0.43859
60.4,124.0,-0.7,-3.2,C3,5.0,1.0,1,Z-MGF,-1.31837
41.6,84.0,6.4,3.5,C1,2.0,0.0,1,Z-FCI,1.32148
42.8,,2.8,-2.0,C3,5.0,0.0,0,Z-CGU,-1.18799
40.9,134.0,4.9,0.8,C3,3.0,0.0,0,Z-ARZ,1.21648
52.2,68.0,0.3,-10.8,C1,4.0,0.0,0,Z-HYH,0.75895
50.7,101.0,-1.7,0.3,C4,3.0,0.0,1,Z-UDQ,-0.4819
46.4,96.0,-2.4,-8.1,C3,1.0,1.0,0,Z-KMR,-0.56061
42.0,104.0,4.2,-0.0,C4,3.0,1.0,1,Z-JCI,-0.51709
119.3,54.0,3.1,-3.4,C1,4.0,,0,Z-NMA,-0.50195
49.8,92.0,1.2,,C3,2.0,1.0,0,Z-CYU,-0.42736
46.4,78.0,5.2,0.6,C5,2.0,1.0,1,Z-ZQZ,-1.63796
44.7,30.0,4.4,-8.1,C3,,0.0,0,Z-LSQ,1.57761
62.5,153.0,3.6,2.7,C4,4.0,0.0,0,Z-SAW,0.40322
49.5,60.0,-0.3,-5.0,C2,3.0,1.0,0,Z-BWK,0.41195
60.3,74.0,2.6,0.5,C3,4.0,1.0,1,Z-NEL,1.61908
45.9,119.0,2.2,3.9,,4.0,0.0,0,Z-ZNW,0.01111
52.1,95.0,4.3,-2.1,C1,3.0,0.0,1,Z-AXB,-0.35853
49.7,92.0,4.0,1.7,,4.0,0.0,0,Z-LBM,-1.20955
36.6,70.0,5.9,0.3,C2,1.0,0.0,1,Z-ADM,
61.6,149.0,0.1,2.7,C5,1.0,1.0,0,Z-UYR,
49.1,84.0,4.4,2.6,C3,3.0,0.0,0,Z-UYR,-0.0776
56.1,127.0,-0.5,-2.1,C4,3.0,0.0,1,Z-JZD,-0.91769
44.1,59.0,5.1,-2.4,C3,2.0,0.0,0,Z-OXH,-0.56722
48.8,107.0,7.3,8.0,C4,3.0,1.0,0,Z-NJJ,-1.66527
43.2,113.0,4.7,6.3,C2,1.0,1.0,0,Z-RBA,-1.34439
60.1,155.0,3.4,-1.8,C3,4.0,0.0,0,Z-IIN,0.62722
52.7,63.0,,-2.9,C1,,0.0,1,Z-DNH,
53.1,97.0,1.7,2.4,C2,3.0,0.0,1,Z-QQN,-0.37268
61.0,162.0,4.3,11.6,,5.0,1.0,0,Z-ZHP,-0.13468
,141.0,-1.6,-1.4,C3,,0.0,0,Z-LRM,0.93937
56.3,105.0,1.7,-0.1,C2,3.0,0.0,1,Z-NRC,0.27846
38.8,81.0,4.8,1.9,,1.0,0.0,1,Z-NZK,0.47871
44.6,99.0,1.5,-0.7,C4,1.0,1.0,0,Z-OYN,-1.09448
42.1,77.0,3.8,5.0,C3,5.0,1.0,0,Z-WSW,0.40805
56.0,125.0,-0.4,-5.7,C1,5.0,0.0,1,Z-RHU,-1.14661
51.5,116.0,5.0,6.7,C3,4.0,0.0,0,Z-FDP,0.32104
39.0,52.0,4.2,-4.4,C3,5.0,0.0,0,Z-QDQ,-0.51559
48.6,85.0,1.2,2.2,C2,1.0,0.0,0,Z-GXX,0.99651
38.2,68.0,5.8,7.4,C2,4.0,0.0,1,Z-UYU,-0.01007
49.7,93.0,1.2,2.9,C4,1.0,0.0,1,Z-WHJ,-1.73523
36.9,85.0,1.8,1.1,C1,3.0,,1,Z-FUT,-0.26245
54.4,112.0,-0.7,-0.5,C2,4.0,1.0,1,,0.28612
53.2,86.0,5.7,1.7,C4,4.0,0.0,1,Z-BJW,0.68931
65.4,162.0,2.8,-3.9,C2,2.0,1.0,0,Z-PCV,0.99769
56.9,112.0,-1.1,-1.5,C4,5.0,0.0,1,Z-KWK,0.25373
46.8,134.0,1.8,0.2,C2,3.0,0.0,0,Z-WHL,1.80281
56.7,150.0,-0.1,2.2,C2,5.0,0.0,0,Z-UNR,-1.37379
39.0,,2.8,0.2,C5,3.0,0.0,1,Z-VZH,-0.32795
42.5,74.0,-2.3,-2.9,C1,2.0,0.0,0,Z-TCZ,-1.51374
52.8,94.0,3.4,2.6,C1,5.0,0.0,1,Z-JOJ,-0.77967
32.9,,1.1,1.8,C1,4.0,0.0,1,Z-KJR,-1.33282
49.9,119.0,5.6,7.3,,1.0,1.0,1,Z-JRL,-0.91139
42.0,91.0,3.0,-3.0,C1,3.0,0.0,1,Z-TTZ,0.88839
51.0,87.0,2.5,,C1,1.0,0.0,1,Z-XDN,-0.25555
41.5,130.0,4.5,1.6,C1,5.0,1.0,1,Z-UIY,1.30811
53.6,94.0,2.1,2.9,C3,3.0,0.0,0,Z-HWZ,0.2597
50.3,121.0,6.3,10.2,C1,2.0,,0,Z-UQJ,0.62072
61.4,118.0,4.8,-6.3,C1,1.0,1.0,0,Z-RST,1.29617
50.2,99.0,4.9,7.9,C2,2.0,1.0,0,Z-YED,-0.63497
44.0,108.0,-1.1,-3.1,C3,2.0,,0,Z-SGP,-0.30588
48.2,139.0,6.5,0.4,C2,5.0,1.0,1,Z-MUH,0.9681
39.4,90.0,-0.5,-3.9,C3,5.0,,0,,0.1453
53.4,93.0,5.2,-1.4,C3,3.0,0.0,0,Z-SFC,-0.6248
54.9,148.0,4.9,4.8,C4,5.0,1.0,0,Z-QBW,2.8693
69.9,147.0,3.9,-2.6,C3,4.0,1.0,0,Z-XIC,
45.2,97.0,2.2,5.4,C3,4.0,1.0,0,Z-PFT,-0.05639
48.0,124.0,0.1,1.4,,2.0,1.0,0,Z-HUL,0.17217
45.6,101.0,6.3,4.9,C5,4.0,1.0,1,Z-BJP,-0.33758
51.9,169.0,2.6,-8.0,C4,,0.0,1,Z-ZFY,0.39121
53.2,106.0,2.9,-4.7,C2,4.0,0.0,1,Z-SQZ,-0.06048
49.7,131.0,5.9,3.2,C2,3.0,1.0,1,Z-ILY,
,127.0,-1.4,-3.0,C1,1.0,,1,Z-HED,0.10014
45.2,104.0,1.5,3.7,C5,2.0,0.0,1,Z-RVQ,-0.37496
58.1,104.0,0.1,-13.9,C1,4.0,1.0,0,Z-ZBA,0.36525
54.5,98.0,3.1,-2.1,C2,1.0,0.0,1,Z-DQZ,-1.3468
50.1,114.0,,8.0,C1,3.0,1.0,0,Z-LEN,0.20468
47.6,73.0,6.0,2.2,C1,4.0,0.0,1,Z-ECH,-1.15291
69.6,118.0,4.1,-0.0,C2,5.0,1.0,0,Z-SRC,1.06295
43.6,90.0,-3.7,-11.7,C2,4.0,0.0,0,Z-CCE,1.54407
52.5,138.0,0.7,3.5,C1,3.0,1.0,0,Z-HEY,-0.66687
44.2,92.0,-1.4,-4.9,C1,2.0,1.0,0,Z-QUX,-1.69133
64.5,126.0,-1.6,1.6,C3,4.0,1.0,0,Z-FNP,-1.7357
57.3,84.0,1.6,6.0,C3,4.0,0.0,0,Z-ABW,-0.56235
44.7,137.0,4.6,8.0,C3,3.0,0.0,0,Z-YLZ,-0.43739
54.3,137.0,5.2,2.8,C5,5.0,0.0,1,Z-MEH,
52.2,137.0,-1.0,-4.5,C1,2.0,0.0,1,Z-QLD,0.72029
46.0,54.0,2.0,-2.2,C2,3.0,0.0,0,Z-TBT,-0.32355
,120.0,4.0,10.2,C2,4.0,0.0,0,Z-KZG,-0.82906
53.3,80.0,1.1,-1.6,C1,5.0,1.0,1,Z-HFD,2.67286
51.9,124.0,4.8,7.1,C4,3.0,1.0,0,Z-SJK,0.03493
,109.0,1.8,2.0,C1,3.0,1.0,1,Z-FQY,0.16528
53.6,120.0,5.3,1.3,C2,5.0,,0,Z-SWU,-0.74865
52.0,84.0,3.2,0.1,C1,3.0,0.0,1,Z-ZHH,0.24205
50.6,73.0,-0.9,2.7,C2,1.0,1.0,1,Z-RNI,-0.08268
,74.0,1.5,-0.2,C3,3.0,0.0,0,Z-FAF,0.5366
63.7,132.0,3.8,-0.2,C3,3.0,0.0,0,Z-PDQ,-0.13518
41.8,80.0,1.2,-4.0,C3,,1.0,0,Z-PQZ,-1.54584
53.6,113.0,,5.5,C1,1.0,0.0,1,Z-ENP,-1.43193
,68.0,5.6,1.1,C1,3.0,1.0,1,Z-MPB,0.79978
64.2,124.0,1.6,2.3,C3,3.0,0.0,0,Z-YMS,0.58691
42.9,126.0,6.4,,C1,4.0,0.0,0,Z-XOG,-0.10272
44.3,99.0,4.5,4.5,C2,2.0,0.0,1,Z-MHV,0.54924
42.4,98.0,-0.9,5.2,C4,4.0,1.0,0,Z-QPZ,1.35528
52.7,116.0,3.0,-2.0,C2,4.0,1.0,1,Z-ABM,-0.97257
,68.0,2.5,3.5,C2,1.0,1.0,0,Z-MQL,1.16818
46.3,,5.5,8.5,C5,4.0,0.0,1,Z-JWN,1.80909
32.9,81.0,1.8,5.8,C4,3.0,1.0,1,Z-GFK,1.27449
52.1,108.0,-4.5,-0.1,C1,3.0,0.0,1,Z-YZN,-0.40383
46.2,112.0,6.1,3.8,C4,4.0,0.0,1,Z-VAP,0.60467
38.2,106.0,4.1,5.7,C2,1.0,1.0,1,Z-AYT,-0.16789
58.8,81.0,1.6,-4.6,C3,2.0,1.0,0,Z-IKB,-1.05776
39.7,84.0,2.6,7.4,C2,5.0,1.0,1,Z-GDD,
56.5,171.0,3.7,-2.4,C5,1.0,1.0,1,Z-VAA,-0.52578
44.5,136.0,1.5,5.0,C3,,0.0,0,Z-EWA,-0.46747
63.0,119.0,7.2,9.1,C2,3.0,1.0,0,Z-SKK,-0.06597
56.2,130.0,5.0,7.2,C2,1.0,0.0,0,Z-ATO,-1.39503
42.1,78.0,4.3,10.9,C1,2.0,1.0,0,Z-OVX,-1.98231
42.8,98.0,6.8,8.8,,1.0,0.0,0,Z-BMX,-0.84272
55.0,96.0,2.6,-5.0,C2,4.0,0.0,1,Z-ZCX,
,84.0,4.2,4.6,C2,2.0,1.0,1,Z-CQA,0.03037
48.8,82.0,7.2,-3.3,C3,3.0,1.0,0,Z-QRV,0.36372
60.3,163.0,-2.8,-4.5,C3,5.0,1.0,1,Z-XHV,-0.58938
44.2,77.0,,-7.3,C1,5.0,0.0,0,Z-PPW,-0.71573
50.9,132.0,5.5,5.9,C1,4.0,0.0,0,Z-TTK,-0.17452
57.8,102.0,,0.3,C1,3.0,0.0,1,Z-SWL,0.18513
,97.0,-3.5,-8.0,C2,1.0,0.0,1,Z-EIY,0.37329
48.9,109.0,-2.4,-1.5,C2,2.0,1.0,1,Z-ENT,1.90519
47.8,61.0,0.2,3.6,C1,2.0,1.0,1,Z-TJN,1.23308
36.2,95.0,4.2,2.1,C1,5.0,0.0,1,Z-LRQ,0.61858
41.7,82.0,3.0,10.9,C1,4.0,0.0,1,Z-AGQ,
52.7,90.0,4.3,0.7,C2,2.0,1.0,1,Z-ATE,-0.39033
49.1,78.0,-0.0,1.2,C5,3.0,0.0,1,Z-WDE,-0.23455
50.8,155.0,6.7,5.7,C4,2.0,0.0,0,Z-DPB,-1.12909
58.5,113.0,-0.3,-3.3,C2,3.0,0.0,1,Z-STS,0.20778
40.7,82.0,0.2,4.1,C2,1.0,0.0,0,Z-AFS,-0.42122
48.3,121.0,-3.1,-8.1,C2,4.0,0.0,0,Z-HOS,-0.20544
51.7,80.0,2.7,-8.1,C1,3.0,0.0,0,Z-OYL,0.14428
44.5,121.0,3.9,1.3,C4,3.0,1.0,0,Z-ZXY,-0.79509
,119.0,-0.4,-3.0,C1,,0.0,0,Z-IMX,0.37786
57.4,75.0,0.8,3.6,C2,3.0,0.0,1,,-0.57522
52.5,90.0,2.3,-4.9,C4,3.0,1.0,1,Z-EFZ,-0.03608
64.5,95.0,1.2,1.7,C1,1.0,0.0,0,Z-FXL,0.2845
38.2,82.0,1.0,1.0,C2,1.0,1.0,1,Z-KWM,2.24922
50.1,79.0,1.2,0.8,C4,3.0,,1,Z-RGT,-1.28507
53.1,81.0,0.2,3.0,C1,3.0,0.0,1,Z-YQC,1.47572
42.8,96.0,1.6,-0.3,C5,3.0,0.0,1,Z-TGE,0.10273
52.6,106.0,4.6,2.7,C1,5.0,1.0,1,Z-BJI,-0.88251
41.3,118.0,-3.9,-3.1,C3,5.0,,1,Z-MEX,-0.38202
55.7,141.0,-2.2,-3.9,,4.0,1.0,1,Z-CTL,-0.75037
58.6,116.0,3.2,-4.5,C2,1.0,0.0,0,Z-GIC,0.87827
52.3,118.0,-0.8,-4.0,C1,2.0,1.0,1,Z-WMG,0.6625
35.3,37.0,4.9,1.5,C3,4.0,0.0,0,Z-BWU,0.66062
42.4,,-2.2,-5.9,C3,5.0,1.0,0,Z-FRK,0.86007
,119.0,5.7,2.0,C2,5.0,,1,Z-ZWL,-1.10744
,126.0,-0.8,-1.6,C5,4.0,0.0,1,Z-RWR,-1.80487
28.6,56.0,5.8,2.3,C4,4.0,1.0,0,Z-MIW,
60.1,109.0,5.1,6.4,C3,2.0,,0,Z-CAT,-0.25728
51.3,94.0,3.5,5.2,C3,2.0,1.0,0,Z-MWI,-0.89699
43.6,128.0,4.6,-7.6,C1,,1.0,0,Z-ATS,
58.1,,,-8.2,C1,2.0,1.0,1,Z-HDO,1.99778
44.7,51.0,-0.8,-12.5,C1,4.0,1.0,0,Z-QXD,
44.6,108.0,5.1,1.7,C2,2.0,0.0,0,Z-RVW,-0.36124
53.0,93.0,3.2,-0.2,C1,4.0,0.0,1,Z-TVY,2.10414
64.4,154.0,-0.8,-1.6,C1,,1.0,0,Z-OTS,1.61578
63.2,137.0,1.7,3.4,C2,5.0,0.0,0,Z-FZL,-1.12461
53.0,139.0,5.2,2.8,C1,5.0,1.0,0,Z-PRZ,0.36636
53.9,323.0,4.9,0.1,C1,4.0,1.0,1,Z-MLA,-0.06177
56.5,136.0,5.3,3.0,C3,4.0,1.0,0,Z-ZQQ,-1.18865
40.1,114.0,3.4,-0.7,C1,4.0,0.0,1,Z-EGV,0.41815
55.3,131.0,-0.4,-8.2,C2,2.0,1.0,1,Z-OJU,0.36865
44.3,72.0,4.2,6.2,C4,4.0,0.0,1,Z-VJH,-1.64467
52.7,74.0,-2.2,-1.7,C2,5.0,1.0,1,Z-NPA,-3.06126
48.3,75.0,-0.4,4.2,C1,3.0,,1,Z-DAZ,-1.08592
54.2,127.0,4.6,-2.9,C3,1.0,,0,Z-LCB,-0.73268
51.1,42.0,2.2,-6.6,C3,2.0,0.0,0,Z-OQD,-1.16643
25.6,59.0,-1.6,-7.0,C3,1.0,0.0,0,Z-QPR,-0.5137
51.6,96.0,5.9,,C2,3.0,0.0,1,Z-YDW,1.17437
55.3,142.0,-2.6,-0.3,C3,4.0,1.0,1,Z-MCN,0.18122
53.7,103.0,-1.8,-2.0,C2,1.0,1.0,1,Z-FWT,-0.97455
49.3,89.0,3.9,2.4,C1,3.0,0.0,1,Z-PJF,-1.62837
63.3,158.0,3.2,4.8,C3,,1.0,0,Z-SZB,-0.78525
52.7,102.0,0.6,-3.0,C1,5.0,1.0,1,Z-MLM,-0.8569
53.7,99.0,,0.8,C3,2.0,1.0,0,Z-MLS,-0.33698
58.5,101.0,6.9,12.8,C4,3.0,1.0,0,Z-JSK,
53.1,113.0,-0.9,-6.9,C2,1.0,1.0,1,Z-WTC,-1.57406
43.0,79.0,4.1,0.9,C1,2.0,1.0,1,Z-FHA,0.09583
30.6,59.0,0.5,-7.0,C3,2.0,0.0,0,Z-WHD,1.0618
46.3,133.0,4.9,-1.4,,2.0,0.0,0,Z-FVM,0.27982
56.2,112.0,0.8,0.8,C1,1.0,0.0,0,Z-MZI,0.12294
47.3,84.0,-2.1,-10.6,C3,2.0,0.0,0,Z-YUY,-0.98919
56.6,84.0,-0.6,-5.4,C1,1.0,0.0,1,Z-MXS,-0.59216
51.3,108.0,6.5,8.5,C4,5.0,1.0,0,Z-XVI,1.72889
60.5,103.0,5.4,4.1,C1,5.0,1.0,0,Z-TRL,0.15884
47.8,86.0,4.0,5.2,C3,5.0,1.0,0,Z-BID,0.37729
53.9,84.0,0.0,-7.1,,1.0,0.0,1,Z-SNB,-0.29289
54.2,113.0,-2.0,-3.0,C2,2.0,,1,Z-CLE,-1.88389
62.2,86.0,5.7,11.4,C4,3.0,1.0,0,Z-IAX,0.01017
36.5,88.0,-0.0,-4.4,C4,2.0,0.0,0,Z-BDJ,0.12101
46.5,79.0,5.2,0.9,C1,4.0,0.0,1,Z-YZI,-0.55539
57.0,131.0,0.8,1.6,C1,4.0,1.0,1,Z-DCP,1.37216
,134.0,4.0,-1.9,C3,2.0,1.0,0,Z-NAC,0.78048
52.1,106.0,5.4,6.2,C1,1.0,0.0,0,Z-ZYL,
47.8,119.0,0.5,-8.8,C1,3.0,0.0,0,Z-GYK,-0.24286
56.2,153.0,-1.7,-13.4,C1,4.0,0.0,1,Z-SYB,-1.11641
57.1,146.0,6.1,5.1,C1,3.0,1.0,0,Z-KMW,-0.20897
47.3,60.0,0.7,-5.2,C3,2.0,0.0,0,,-2.79683
52.8,89.0,5.5,0.8,C1,3.0,0.0,1,Z-KZN,0.19632
-19.7,103.0,3.0,4.7,,3.0,0.0,0,Z-HRC,0.17096
,143.0,1.3,2.2,C5,4.0,1.0,0,Z-MKW,-1.02935
56.1,96.0,5.3,-2.2,C1,3.0,0.0,1,Z-DCA,1.55623
50.5,86.0,-2.3,-1.4,C1,4.0,1.0,1,Z-IIW,0.50036
49.7,80.0,5.5,1.9,C2,2.0,0.0,1,Z-WUA,0.02111
54.6,116.0,3.3,3.1,C4,1.0,0.0,0,Z-LQS,0.17223
49.2,116.0,3.6,1.4,C4,4.0,1.0,1,Z-SLV,-0.21099
51.7,70.0,-0.5,-8.4,C1,5.0,1.0,0,Z-ZTC,-0.59822
41.7,72.0,-0.5,-5.1,C3,5.0,1.0,0,Z-JBO,-0.41649
60.5,,-1.2,-12.9,C2,4.0,0.0,0,,0.55278
41.0,21.0,-1.0,-1.7,C2,4.0,1.0,0,Z-LGF,
46.7,108.0,4.5,4.0,C2,2.0,,1,Z-GAE,
50.9,110.0,2.5,-2.4,C1,5.0,0.0,1,Z-PMS,1.09887
66.1,132.0,1.8,-0.6,C4,3.0,0.0,0,Z-IEO,-0.68972
46.8,,-3.9,-9.2,C2,4.0,0.0,1,Z-PQK,0.17624
44.8,46.0,1.2,4.7,C2,3.0,0.0,0,,-1.03606
45.8,37.0,-0.6,-7.6,C3,5.0,0.0,0,Z-HTJ,-0.10728
63.4,92.0,-1.0,-3.8,C2,4.0,0.0,1,Z-GIF,-0.68524
27.6,5.0,3.2,-4.3,C4,2.0,0.0,0,Z-NAV,-0.68423
42.1,70.0,2.7,1.7,C1,5.0,1.0,1,Z-FQO,-0.08655
72.0,153.0,5.3,7.4,C1,2.0,0.0,0,Z-JXX,0.28143
54.9,116.0,-0.4,-10.8,C2,2.0,,1,Z-MYM,-0.25306
41.3,113.0,3.3,4.0,C1,2.0,1.0,1,Z-HUH,1.36204
49.8,110.0,5.7,10.3,C1,2.0,1.0,0,Z-KQN,0.27289
50.7,90.0,7.3,5.3,C1,4.0,0.0,1,Z-EEU,-0.45299
56.9,98.0,1.5,-3.1,C3,3.0,0.0,1,Z-CPR,0.11507
64.9,137.0,0.2,-1.6,C5,5.0,,0,Z-CGS,0.34506
53.3,64.0,-1.1,-4.8,C3,2.0,1.0,0,Z-NBV,0.80179
45.8,7.0,4.8,10.9,C3,,1.0,1,,-0.62993
,122.0,4.3,5.7,C4,4.0,1.0,0,Z-MHD,-1.65441
44.6,97.0,0.9,3.0,C4,2.0,0.0,1,Z-JNZ,-1.62291
41.9,129.0,-0.1,7.4,C1,1.0,0.0,0,,-1.89165
36.1,95.0,3.4,7.1,C1,1.0,1.0,1,Z-PQR,1.02096
37.6,259.0,0.2,-2.0,C3,2.0,0.0,0,,-1.90759
43.0,80.0,0.6,-1.0,C5,,0.0,1,Z-CDF,1.26076
40.7,63.0,0.4,8.7,C4,1.0,0.0,1,Z-QEY,0.0897
52.7,97.0,3.5,-1.7,C1,4.0,1.0,1,Z-EPF,0.65165
40.6,110.0,-2.3,-4.4,C4,4.0,0.0,1,Z-NSX,-1.67118
25.0,,2.9,-3.3,C1,4.0,0.0,0,Z-AWZ,-0.48305
41.8,,3.4,-6.3,C2,3.0,0.0,0,Z-CWI,0.96371
46.4,97.0,5.5,-0.5,C4,3.0,0.0,0,Z-XBZ,-0.83201
45.3,68.0,5.7,-0.3,C2,5.0,1.0,1,Z-QYZ,1.44413
62.3,152.0,,-2.4,C3,1.0,0.0,0,Z-SYU,0.47379
45.2,121.0,4.7,5.1,C1,4.0,1.0,1,Z-YMX,-0.08919
57.2,117.0,3.3,1.2,C5,2.0,0.0,1,Z-QOG,1.24689
50.0,115.0,-5.6,,C1,4.0,1.0,1,Z-ZKV,-0.16969
49.8,113.0,1.8,0.6,C3,3.0,0.0,0,Z-OCS,0.22829
43.5,77.0,5.2,3.7,C1,1.0,0.0,1,Z-YBC,0.3879
49.7,93.0,1.3,-1.7,C1,4.0,0.0,1,Z-QEL,-1.32572
44.0,66.0,4.8,10.8,C1,1.0,0.0,0,Z-THG,0.29359
51.5,96.0,1.4,-2.1,,4.0,1.0,1,Z-MMA,1.01731
48.3,125.0,-0.9,1.5,C1,3.0,1.0,1,Z-ICQ,0.92741
42.6,110.0,5.2,-2.1,C1,2.0,0.0,1,Z-PJQ,
58.1,129.0,5.3,2.0,C4,3.0,0.0,0,Z-ENH,0.31212
53.6,132.0,3.4,9.9,C1,3.0,0.0,0,Z-MCT,-0.88942
46.6,85.0,5.7,6.3,C3,2.0,0.0,0,Z-FFG,1.69765
51.3,71.0,2.5,-5.3,C3,4.0,0.0,0,Z-CVZ,-1.69423
49.5,95.0,-0.7,-6.6,C4,1.0,0.0,0,Z-KWA,0.57659
43.2,87.0,,,C2,1.0,1.0,0,Z-SZB,-2.25715
50.7,,-0.5,-1.7,C1,2.0,1.0,1,Z-DEC,-0.2514
45.2,106.0,-1.4,-4.0,C1,5.0,0.0,1,Z-UAV,2.09275
42.6,115.0,4.7,-0.8,C1,2.0,,1,Z-HBY,-1.56014
37.2,24.0,2.5,-0.8,C2,4.0,1.0,0,Z-OTA,1.68503
47.3,74.0,3.8,7.7,C2,4.0,0.0,1,Z-ZXH,
54.7,106.0,4.3,-0.8,C3,3.0,0.0,0,Z-WIB,-0.73857
44.6,104.0,0.5,-3.8,C4,3.0,0.0,0,Z-TPF,-0.20103
70.3,191.0,-1.2,-0.1,C4,2.0,0.0,0,Z-SDZ,-0.22448
57.2,86.0,4.6,-2.0,C1,2.0,0.0,1,Z-SPM,0.49121
60.6,179.0,4.7,-1.4,C3,4.0,0.0,0,Z-ORY,0.6563
56.5,100.0,2.1,0.2,C1,3.0,0.0,1,Z-EQR,0.55144
65.0,105.0,-2.9,-4.0,C4,2.0,1.0,1,Z-XDK,0.27985
43.9,66.0,-4.2,-8.7,C2,2.0,,0,Z-NBS,-0.20688
29.7,67.0,0.1,0.5,C3,1.0,1.0,0,Z-QGZ,1.72658
46.6,121.0,6.1,,C3,1.0,0.0,0,Z-MBU,1.09832
54.6,111.0,4.3,-6.2,C2,3.0,0.0,0,Z-RXG,-0.09246
,79.0,0.7,2.3,C2,5.0,0.0,1,Z-YIJ,0.25713
52.4,99.0,0.5,-3.6,C5,5.0,1.0,1,Z-WUA,0.42313
60.7,90.0,2.7,4.1,C1,1.0,0.0,0,Z-RLZ,1.63243
53.2,132.0,-0.0,7.2,C3,3.0,0.0,0,Z-YKJ,0.20068
56.6,,2.0,-0.1,C2,2.0,1.0,0,Z-HNS,0.19245
42.6,45.0,5.4,0.4,C1,3.0,0.0,1,Z-PFU,0.62672
41.4,92.0,,1.4,C2,1.0,0.0,1,Z-GSE,0.39271
,101.0,-1.3,-6.3,C1,3.0,0.0,1,Z-YFZ,-0.76013
51.0,103.0,0.5,6.9,C2,3.0,0.0,0,Z-CPS,-1.14275
45.2,90.0,3.8,-0.2,C1,3.0,0.0,1,Z-DDI,0.791
45.2,56.0,,-8.2,C3,2.0,0.0,0,Z-MMS,0.39714
45.0,124.0,2.9,10.9,C2,3.0,0.0,0,Z-ASD,0.23428
44.5,87.0,-2.5,-2.2,C1,2.0,1.0,1,Z-QUR,
,70.0,0.4,5.6,C3,3.0,0.0,0,Z-ODG,-0.72353
38.1,83.0,3.3,1.2,C5,5.0,0.0,1,Z-KOI,-0.2444
48.6,74.0,-1.1,-3.0,C1,1.0,1.0,0,Z-UCH,-0.86093
45.4,87.0,0.7,-13.4,C2,2.0,0.0,0,Z-YBK,-0.87181
59.0,233.0,1.7,4.1,C4,3.0,1.0,1,Z-SYW,-0.35225
52.5,41.0,4.4,3.9,C1,3.0,0.0,1,Z-TNN,0.55157
52.3,78.0,-3.3,-4.9,,3.0,0.0,1,Z-XMR,
44.2,76.0,1.2,1.9,C5,4.0,1.0,1,Z-OJK,0.59836
49.2,51.0,1.1,-0.5,,4.0,0.0,1,Z-PKP,0.85347
53.0,92.0,0.5,-5.1,C2,3.0,,1,Z-KJW,0.09622
,96.0,-2.0,-1.8,C5,2.0,1.0,1,Z-ZZI,-0.53294
49.4,97.0,1.4,-1.2,C1,2.0,0.0,1,Z-RFC,
58.8,132.0,6.3,7.1,C1,4.0,0.0,0,Z-DZZ,0.61175
50.2,147.0,-0.8,-3.5,C1,3.0,1.0,1,Z-RSD,2.03996
56.5,123.0,2.5,-1.4,C3,2.0,1.0,0,Z-TYT,0.0155
46.2,67.0,-2.7,-6.3,C3,4.0,0.0,0,Z-TFW,0.9108
35.7,94.0,6.8,0.6,C4,3.0,0.0,1,Z-KZC,1.17956
52.3,142.0,-2.7,-6.2,C1,3.0,0.0,1,Z-IDY,1.62892
56.0,80.0,5.2,4.8,C2,1.0,1.0,1,Z-FZQ,-1.69521
54.8,79.0,-1.3,-5.9,C3,5.0,1.0,1,Z-KRA,0.42736
53.5,68.0,4.8,-2.4,C1,4.0,0.0,1,Z-IZN,-0.15845
47.4,80.0,4.9,,C4,4.0,,1,Z-GUH,-0.48336
43.7,100.0,4.4,1.7,C1,2.0,1.0,1,,-2.40142
54.6,148.0,-2.5,-0.5,C1,3.0,0.0,1,Z-DXS,-0.83129
53.6,130.0,3.9,0.9,C1,5.0,1.0,1,Z-DDW,
45.7,103.0,-3.9,-7.4,C3,5.0,0.0,0,Z-IFQ,0.65186
59.0,117.0,-0.3,-9.3,C3,,0.0,0,Z-XBV,-0.885
43.1,,-1.2,-7.4,C4,1.0,0.0,0,Z-GAE,0.44703
45.5,105.0,5.6,-0.4,C3,3.0,1.0,0,Z-WXK,-1.28802
63.3,158.0,-3.9,-3.8,C4,2.0,0.0,0,Z-HNR,-0.073
57.1,112.0,4.9,2.2,C2,2.0,0.0,0,Z-LQC,0.41297
47.3,103.0,4.9,-1.6,C4,3.0,0.0,0,Z-MZP,-0.71579
52.5,93.0,-0.2,-13.5,C4,1.0,1.0,0,Z-SUN,-0.60172
51.4,106.0,-4.3,-3.4,C2,4.0,1.0,1,Z-JGE,0.13455
28.2,56.0,5.6,7.0,C1,2.0,0.0,1,Z-YOG,1.68095
42.9,56.0,-1.4,1.3,C5,1.0,0.0,1,Z-TJT,0.02043
49.8,123.0,2.1,-3.8,C2,,0.0,1,Z-YRX,-1.20807
47.3,136.0,0.5,3.1,C3,3.0,1.0,0,Z-GXX,0.02825
52.1,103.0,5.3,5.4,C2,5.0,0.0,1,Z-MFU,0.87099
,125.0,,-1.4,C2,1.0,1.0,1,Z-SRW,1.55911
47.6,119.0,-2.8,-6.6,C2,3.0,1.0,1,Z-KIG,0.37509
121.0,82.0,-0.0,-2.2,C2,3.0,1.0,0,Z-XPS,0.35448
52.8,110.0,0.8,6.9,C2,,1.0,0,Z-SQT,0.28853
47.5,90.0,3.1,,C4,2.0,0.0,0,Z-MTP,0.52657
,,4.9,2.5,C2,3.0,0.0,1,Z-LWN,0.42184
47.8,111.0,1.7,0.7,C2,2.0,0.0,0,Z-UEZ,-0.30762
,350.0,1.9,-9.2,C1,5.0,0.0,0,Z-ZFR,0.85727
,95.0,-4.0,0.0,C2,2.0,0.0,1,Z-CLE,-0.64727
47.1,95.0,5.1,6.0,C1,3.0,1.0,1,Z-EZC,-1.78438
50.1,68.0,5.1,4.4,C3,4.0,0.0,0,Z-GFP,-0.59475
43.9,120.0,6.6,1.6,C3,2.0,0.0,0,Z-EWJ,-0.64681
57.4,93.0,4.5,2.6,C1,1.0,0.0,1,Z-CPL,0.36661
56.7,91.0,2.3,6.6,,3.0,0.0,1,Z-KTX,-0.96776
49.8,85.0,2.6,2.2,C1,2.0,0.0,1,Z-MQA,-2.54271
48.0,50.0,0.3,9.8,C5,2.0,1.0,1,Z-NZW,-1.31796
49.3,93.0,5.4,6.5,C1,1.0,1.0,1,Z-JNE,-0.47664
49.3,116.0,-0.1,-5.6,C4,4.0,0.0,1,Z-MHZ,-1.07175
49.5,88.0,4.8,0.8,C3,4.0,1.0,0,Z-MTP,-1.02175
48.7,134.0,5.2,-0.1,C5,4.0,0.0,1,Z-SWW,0.73371
52.2,138.0,6.2,7.4,C3,3.0,1.0,0,Z-GDD,-0.64541
56.2,135.0,0.4,3.7,C3,3.0,0.0,0,Z-RRE,
40.3,32.0,6.3,11.2,C2,4.0,1.0,1,Z-AMQ,0.63965
-37.6,125.0,3.4,-0.1,,5.0,0.0,1,Z-ONG,0.69717
36.2,70.0,4.3,4.1,C1,,0.0,1,Z-TAA,-0.09081
57.1,157.0,3.7,7.1,C5,4.0,0.0,0,Z-LTE,-0.54381
52.2,87.0,5.5,9.8,C2,3.0,0.0,1,Z-YGV,0.92603
54.2,103.0,3.0,-4.2,C2,3.0,1.0,1,Z-AJQ,-0.50314
38.7,84.0,-0.5,0.6,C1,1.0,0.0,1,Z-ECH,0.42026
64.4,99.0,-0.9,-7.5,C2,4.0,1.0,0,Z-UKX,0.16828
45.3,48.0,5.2,0.4,C1,,1.0,0,Z-THU,-0.59032
51.5,,6.1,-1.8,C1,2.0,0.0,1,Z-LJB,-2.21794
57.0,192.0,0.5,-3.8,C2,3.0,1.0,0,Z-JXQ,0.03857
42.3,,-1.4,-9.0,C1,5.0,0.0,0,Z-FAQ,0.52865
45.8,48.0,1.9,-5.0,C3,4.0,0.0,0,Z-TXI,-0.54648
51.6,118.0,5.4,-0.7,C2,1.0,1.0,0,Z-RKO,1.21111
73.0,101.0,5.2,4.3,C2,2.0,0.0,0,Z-PHG,
52.6,61.0,5.3,3.2,C3,4.0,,1,Z-NTY,-0.61504
63.0,45.0,0.4,-8.2,C3,5.0,0.0,0,Z-TOX,0.69436
59.8,125.0,-4.3,,C2,3.0,1.0,0,Z-QET,-1.19231
53.1,77.0,4.5,0.2,C5,3.0,0.0,1,Z-ZHD,0.51448
42.2,104.0,2.7,-4.9,C1,2.0,1.0,1,Z-AJE,2.02475
58.6,113.0,-0.2,0.7,C3,1.0,1.0,0,Z-HGR,0.60413
38.2,82.0,-0.4,-2.0,C3,3.0,1.0,0,Z-GSK,-0.2315
63.0,110.0,4.7,-0.9,C1,3.0,1.0,0,Z-WMD,
51.8,96.0,0.4,0.4,,3.0,0.0,1,Z-JBA,1.10212
28.9,41.0,-1.0,-5.3,C1,2.0,0.0,0,Z-FYQ,-0.01475
47.4,74.0,,-1.1,C1,1.0,1.0,0,Z-QAE,0.27723
55.4,80.0,3.1,7.3,C1,2.0,0.0,1,Z-UXN,0.68668
48.3,138.0,-1.5,-2.4,C3,4.0,1.0,0,Z-SUX,1.07104
55.9,99.0,-1.8,-0.6,C1,2.0,1.0,1,Z-EXL,-0.31625
43.4,28.0,3.1,-1.1,C1,4.0,,0,Z-QSA,0.14768
39.7,90.0,-1.0,-1.8,C1,2.0,0.0,0,Z-FYZ,1.27463
49.6,78.0,5.9,0.3,C3,2.0,0.0,1,Z-IXN,0.26054
50.4,100.0,4.5,-1.2,,2.0,1.0,1,Z-LWD,-0.13984
47.4,88.0,-2.4,-5.5,C3,3.0,0.0,0,Z-OFW,1.93362
60.0,157.0,6.2,0.9,C1,2.0,1.0,0,Z-FDX,-1.06183
43.4,79.0,0.4,3.2,C1,2.0,0.0,1,Z-FFN,-0.16471
52.7,127.0,4.8,5.1,C4,3.0,0.0,0,Z-UAB,0.75979
50.7,120.0,-1.8,-12.9,C3,4.0,1.0,0,,1.04424
,43.0,3.1,8.4,C3,4.0,1.0,1,Z-AIA,-0.81479
39.6,88.0,4.7,5.2,C5,3.0,0.0,1,Z-OJB,0.12805
50.3,,6.3,8.7,C4,2.0,0.0,0,Z-IBW,0.45263
66.0,95.0,4.2,1.4,C4,,0.0,0,Z-TUV,-0.65942
,76.0,1.8,-6.4,C1,3.0,0.0,1,Z-OGJ,0.27715
36.3,99.0,8.1,-0.2,,4.0,1.0,1,Z-ODV,-0.05109
25.3,130.0,4.6,9.6,C5,5.0,1.0,1,Z-UEM,-0.77944
56.0,89.0,-2.3,-10.6,C2,2.0,1.0,0,Z-BNW,-1.38266
49.4,105.0,3.1,-5.1,C2,,0.0,0,Z-ZNC,0.07069
59.3,124.0,7.2,2.9,C2,1.0,0.0,0,Z-WJX,0.49685
43.1,74.0,4.1,-3.9,C3,3.0,1.0,0,Z-NYR,-0.79218
53.0,143.0,4.2,4.4,C2,3.0,0.0,0,Z-VLC,-0.71689
56.9,171.0,-0.9,0.2,C1,5.0,1.0,0,Z-FRB,-1.04226
46.6,78.0,-4.6,-3.8,C1,3.0,0.0,1,Z-HBX,-1.81951
,141.0,-3.5,-7.2,C1,3.0,1.0,1,Z-FRL,-0.17868
50.4,86.0,6.9,5.6,C4,2.0,0.0,1,Z-NZS,0.19658
54.5,82.0,-3.0,3.3,C2,1.0,1.0,1,Z-PMF,0.88685
50.0,96.0,3.2,-4.9,C4,3.0,0.0,0,Z-RMM,-1.19974
58.0,137.0,-0.6,2.6,C2,2.0,0.0,0,Z-DWZ,0.60839
46.5,91.0,0.6,2.3,C5,3.0,0.0,1,Z-KDG,0.15657
39.5,102.0,1.6,-0.6,C4,4.0,0.0,1,Z-WRY,-0.50476
66.0,,-1.0,-1.8,C2,4.0,0.0,0,Z-LRU,0.40778
45.3,129.0,7.8,6.8,C2,1.0,0.0,0,Z-VZO,-0.34598
45.6,107.0,,-5.5,C3,3.0,0.0,0,Z-FRO,1.17442
,,5.2,-4.0,C1,4.0,0.0,1,Z-SBL,-0.27815
50.7,78.0,6.2,7.7,C1,1.0,0.0,1,Z-CDD,
47.1,90.0,6.2,-1.4,C3,1.0,0.0,0,Z-ZJZ,2.26107
50.0,100.0,-3.1,-9.0,C4,3.0,0.0,0,Z-JMB,0.22382
49.8,77.0,0.2,-3.7,C1,3.0,0.0,0,Z-LQX,0.08081
51.6,76.0,6.9,5.6,C2,3.0,0.0,1,Z-AAY,0.54332
31.3,79.0,2.6,-1.4,C4,5.0,0.0,0,Z-YIO,-0.2648
65.2,144.0,5.2,-0.1,C1,4.0,0.0,0,Z-RHN,-0.03581
,101.0,4.9,6.7,C5,,1.0,1,Z-FJA,
54.8,137.0,4.5,0.9,C1,5.0,0.0,1,Z-IOV,-0.82141
39.1,52.0,4.4,-1.1,C1,1.0,0.0,0,Z-GJG,1.11643
46.4,83.0,4.7,4.2,C1,1.0,0.0,1,Z-GJJ,-0.5407
44.8,60.0,4.8,,C1,4.0,0.0,1,Z-NVS,-1.09738
61.9,124.0,5.9,3.7,C1,5.0,1.0,0,Z-OBI,1.67934
45.5,106.0,5.1,4.7,C3,4.0,,0,Z-XFU,-1.11674
56.2,147.0,4.1,1.4,C1,1.0,0.0,0,Z-DQJ,-0.43607
45.0,60.0,1.3,3.1,C5,1.0,1.0,1,Z-ATV,0.63838
,104.0,0.6,-7.1,C1,5.0,0.0,0,Z-KQZ,0.04877
48.2,136.0,4.8,7.8,C2,1.0,0.0,0,Z-WFY,1.3178
60.4,91.0,3.4,-2.5,C3,5.0,1.0,0,Z-VHR,0.13521
35.0,42.0,2.4,-6.5,C1,2.0,0.0,0,Z-JQF,-0.13362
39.6,43.0,5.0,-0.6,C3,5.0,0.0,0,Z-KYT,0.02272
34.6,91.0,6.0,2.1,C1,2.0,0.0,1,Z-WOX,-0.02256
41.5,66.0,,-1.7,C4,5.0,,0,Z-BPP,0.81597
43.7,102.0,3.2,-2.9,C2,,0.0,0,Z-WEK,-0.17931
37.2,,-0.0,2.7,C1,4.0,0.0,1,Z-EEB,0.98384
44.3,139.0,0.2,-5.2,C3,2.0,0.0,0,Z-XPN,0.41994
34.0,94.0,-0.2,,C1,1.0,0.0,0,Z-JFC,-0.24331
,,5.4,1.6,C5,2.0,0.0,1,,0.837
,108.0,-2.3,5.1,C2,,0.0,0,Z-UOG,-1.57047
53.4,127.0,2.6,-3.8,C2,1.0,0.0,0,Z-DOM,0.47062
51.7,74.0,6.3,0.1,C1,4.0,0.0,1,Z-QCN,-0.35471
42.1,119.0,3.8,0.0,C2,1.0,0.0,0,Z-HRO,-0.46788
37.9,73.0,6.8,10.9,C3,4.0,0.0,0,Z-LQS,-1.39399
41.0,107.0,2.5,-0.9,C2,2.0,1.0,1,,
49.8,95.0,4.8,-1.7,C3,5.0,0.0,0,Z-GDR,2.11661
57.1,98.0,1.0,,C1,,1.0,1,Z-QGM,0.25926
57.4,94.0,1.4,0.9,C4,5.0,0.0,1,Z-LIK,0.22432
55.2,,5.3,5.1,C2,3.0,0.0,0,,-1.17102
44.3,82.0,0.0,-6.1,C2,2.0,0.0,0,Z-BOQ,1.37772
50.4,184.0,4.0,-0.5,C1,5.0,0.0,0,Z-MBX,0.57806
47.6,100.0,-0.3,2.9,C1,2.0,0.0,1,Z-PCA,-0.18048
,75.0,3.6,3.3,C1,3.0,0.0,1,Z-JOE,1.1801
,85.0,4.4,5.7,C4,3.0,0.0,0,,0.31948
36.1,110.0,5.5,3.0,C2,,0.0,1,Z-QPZ,-0.68384
48.3,92.0,0.4,3.2,C1,2.0,0.0,1,Z-NPQ,0.42952
59.9,139.0,3.8,3.0,C2,1.0,1.0,0,,
38.4,143.0,-0.3,,C2,5.0,,1,Z-AAJ,1.5726
45.0,110.0,2.8,4.0,C1,2.0,0.0,0,Z-KCU,-0.39158
45.9,102.0,0.7,-4.7,C3,3.0,,0,Z-SYD,0.57919
48.4,130.0,5.6,9.8,C1,5.0,1.0,0,Z-WIG,-0.23373
37.4,101.0,2.7,5.0,C2,1.0,1.0,1,Z-RER,0.17496
54.9,74.0,6.9,3.2,C3,2.0,1.0,1,Z-HZT,-0.61792
55.5,145.0,4.1,1.2,C1,1.0,1.0,0,Z-WYN,-0.31648
54.2,106.0,5.6,3.9,C3,5.0,1.0,0,Z-MOL,-1.20779
43.2,130.0,5.6,2.6,C1,5.0,1.0,0,Z-ZPZ,-0.1106
50.9,115.0,0.0,,C4,5.0,0.0,0,Z-UMC,0.31455
43.0,120.0,3.7,-0.6,C1,2.0,1.0,0,Z-HAQ,0.51354
47.5,90.0,-0.1,-8.0,C1,3.0,0.0,0,,0.21044
-11.9,89.0,5.4,2.0,C1,,1.0,0,Z-OEP,0.96768
50.9,117.0,2.3,3.6,C2,5.0,0.0,1,Z-MOC,-0.82964
40.7,111.0,-3.5,-0.4,C1,1.0,1.0,1,Z-GMF,-0.3149
51.6,88.0,6.5,4.5,C2,2.0,0.0,1,Z-BUT,-0.6358
39.3,77.0,-2.7,,C4,3.0,0.0,0,Z-VXI,-1.49402
40.6,25.0,-1.0,-2.7,C1,4.0,1.0,0,Z-WBE,-0.59613
41.8,82.0,,-2.7,,2.0,,0,Z-FSD,-1.90068
46.6,61.0,4.2,-7.7,C1,2.0,1.0,0,Z-XMX,-0.31535
57.7,127.0,,-5.6,C3,4.0,0.0,0,Z-HAU,0.53669
54.8,117.0,0.7,,C3,,0.0,0,Z-UBG,
54.3,108.0,3.9,0.6,C4,,1.0,0,Z-DUS,-1.62818
41.4,121.0,4.0,0.6,C3,3.0,0.0,0,Z-TCC,1.63953
45.8,100.0,-0.1,3.0,C3,5.0,0.0,0,Z-GST,0.77472
52.3,109.0,,-2.7,C1,3.0,0.0,1,Z-XKR,-0.82152
45.1,101.0,-1.5,-6.6,C4,5.0,1.0,1,Z-MUO,-1.41464
47.9,81.0,6.7,5.7,C1,5.0,0.0,1,Z-WEH,0.27613
53.7,133.0,2.0,-2.9,C3,2.0,0.0,0,Z-KAS,0.16141
47.4,,2.0,-2.9,C4,2.0,0.0,0,Z-MFP,-0.48598
,115.0,3.6,8.1,C1,,0.0,0,Z-OWB,-0.40792
62.9,155.0,2.2,-4.2,C1,3.0,0.0,0,Z-KLX,0.08619
48.8,70.0,-1.4,-6.0,C1,4.0,1.0,0,Z-NBS,0.45987
59.6,80.0,6.2,5.7,C4,4.0,1.0,0,Z-LWL,1.50333
54.6,80.0,-0.8,-2.5,C2,3.0,1.0,1,Z-DRA,-0.94302
38.4,130.0,5.8,-2.4,C2,1.0,1.0,1,Z-DYZ,-0.58638
41.3,69.0,5.0,10.3,C2,2.0,1.0,0,Z-HCS,0.21797
43.5,57.0,0.3,-4.7,C3,3.0,0.0,0,Z-EMQ,-0.12912
43.3,99.0,-2.9,-5.2,C3,2.0,,0,Z-YBF,-3.00073
49.4,26.0,1.6,1.6,C3,1.0,0.0,0,Z-RGR,0.23704
55.1,83.0,4.3,11.3,C5,5.0,0.0,1,Z-VDR,1.59604
60.2,155.0,-1.0,-4.3,C1,3.0,0.0,0,Z-TOA,1.02422
52.6,79.0,,-2.7,,3.0,1.0,1,Z-CNV,1.51245
46.6,,3.0,3.2,,1.0,1.0,0,Z-SIW,0.25921
33.5,80.0,4.7,11.4,C1,5.0,0.0,1,Z-JCS,0.67098
50.7,109.0,5.4,3.7,C3,5.0,1.0,0,Z-PVW,-1.36961
50.4,,-1.5,-4.1,C5,2.0,1.0,1,Z-FJA,
51.6,118.0,-4.6,-4.0,C2,2.0,1.0,1,Z-EYB,-0.66753
67.0,168.0,6.3,-4.9,C1,4.0,1.0,0,Z-BYT,-2.52675
60.1,89.0,-4.1,-7.8,C5,3.0,0.0,1,Z-JAR,0.30286
56.4,98.0,4.9,-5.1,C2,4.0,0.0,1,Z-LOX,-0.5364
42.5,85.0,4.3,0.6,C1,3.0,0.0,1,Z-YAC,0.17308
46.1,326.0,-1.5,-5.1,C2,5.0,0.0,1,Z-NWT,0.13868
49.4,100.0,,-12.3,C1,4.0,1.0,0,Z-YSX,0.43208
44.0,87.0,-2.9,-3.4,,2.0,0.0,0,Z-GJD,0.79804
54.2,65.0,1.1,2.0,C1,4.0,0.0,1,Z-HZT,-0.50534
53.0,265.0,5.6,2.4,C2,,0.0,1,Z-HAA,-0.82274
41.4,91.0,3.0,-5.5,C2,3.0,0.0,0,Z-JGA,-1.13597
,103.0,-1.5,2.4,C3,2.0,0.0,0,Z-CWF,0.14814
51.0,93.0,4.0,9.9,C2,3.0,1.0,0,Z-EQV,-0.64391
,75.0,-2.3,-1.9,C4,4.0,1.0,0,Z-DRW,-1.49296
49.7,163.0,5.0,,C4,2.0,1.0,0,Z-JAO,-0.34809
52.4,91.0,,3.5,C1,2.0,1.0,1,Z-KIJ,0.24257
57.9,151.0,-4.2,-3.4,,3.0,1.0,1,Z-LTQ,0.42238
47.5,131.0,3.9,2.2,C3,2.0,0.0,0,Z-YRI,-0.97875
56.8,133.0,2.8,2.7,C1,,0.0,0,Z-HME,-1.18429
51.7,80.0,1.0,1.2,C2,4.0,1.0,1,Z-FED,-0.12412
39.6,86.0,1.7,-3.2,C1,3.0,1.0,1,Z-XZZ,0.01166
38.8,71.0,2.3,-3.1,C2,5.0,0.0,0,Z-JMC,-0.66133
59.1,170.0,-2.2,,C2,4.0,0.0,0,Z-CYO,0.42153
59.7,128.0,,1.2,C4,3.0,0.0,0,Z-PNF,
52.7,,-0.4,-8.6,C3,2.0,1.0,0,Z-LDT,0.49821
,169.0,4.4,1.3,C2,2.0,0.0,0,Z-NWC,1.17397
58.6,298.0,-0.2,-2.0,C2,3.0,0.0,1,Z-BFM,-1.33423
55.6,124.0,3.7,-0.4,C2,3.0,1.0,0,Z-UOF,0.5885
42.9,107.0,2.2,6.3,C1,,1.0,1,Z-JQO,0.09086
64.0,133.0,-1.6,2.2,C3,3.0,0.0,0,Z-VFU,-0.95162
54.5,,3.0,2.8,C2,,0.0,1,Z-TDL,-0.20258
47.1,118.0,-2.0,4.1,C3,3.0,0.0,0,Z-EMI,0.69835
,74.0,3.1,4.9,C1,1.0,0.0,1,Z-CPA,0.95411
52.2,134.0,-1.9,-2.7,C1,3.0,0.0,1,Z-WTP,-0.36947
36.8,70.0,4.7,0.5,C2,3.0,0.0,0,Z-PUI,-0.14071
55.8,146.0,-2.7,-5.6,C3,4.0,1.0,1,Z-YQU,1.79966
42.5,116.0,7.0,6.2,C1,4.0,0.0,1,Z-ONZ,0.43038
53.1,120.0,-0.1,-3.3,C5,4.0,1.0,1,Z-BYM,-0.03697
46.0,91.0,5.0,-3.6,C4,4.0,0.0,1,Z-OLQ,0.43426
48.0,127.0,1.6,-1.8,C2,1.0,0.0,0,Z-HBB,0.7361
44.1,106.0,-0.4,2.4,C3,5.0,0.0,0,Z-NZA,-0.40837
48.9,11.0,4.5,-8.6,C2,2.0,0.0,0,Z-XYB,-1.21858
65.3,104.0,2.6,6.6,C1,4.0,0.0,0,Z-QWZ,-1.4818
61.2,124.0,-1.9,-0.8,C1,1.0,0.0,1,Z-WFW,0.58928
53.0,113.0,5.6,2.3,C4,2.0,0.0,1,Z-GTS,-0.82061
50.0,119.0,4.3,3.4,,5.0,0.0,0,Z-HZF,-1.46533
56.9,154.0,6.4,,C4,1.0,0.0,0,Z-GQR,-1.58213
59.2,131.0,5.7,3.5,,3.0,,0,Z-AST,1.36363
43.5,33.0,3.8,,C1,1.0,1.0,1,Z-UEE,1.64019
49.5,105.0,-4.7,-2.1,C1,1.0,1.0,1,Z-SGK,0.01841
35.6,109.0,0.8,-0.2,C1,5.0,0.0,1,Z-EFX,1.07453
59.1,,-0.4,-6.7,C3,,1.0,1,Z-XPJ,0.69784
66.7,134.0,2.5,0.2,C1,3.0,0.0,0,Z-VQE,-1.48436
50.8,88.0,-2.2,,C4,2.0,1.0,0,Z-TAJ,0.73509
,97.0,0.6,0.8,C3,2.0,0.0,1,Z-XTZ,0.25639
55.0,99.0,-1.1,-4.3,C1,3.0,0.0,1,Z-CUY,-0.00389
42.9,104.0,4.6,-0.2,C2,2.0,0.0,0,Z-OIA,-0.0345
44.8,103.0,1.4,2.4,C5,2.0,0.0,1,Z-PIV,
55.2,110.0,3.9,-3.6,C1,3.0,1.0,1,Z-HOR,0.99442
52.2,117.0,4.1,2.4,C2,2.0,0.0,0,Z-ALV,0.63275
46.3,99.0,,-4.3,C2,5.0,1.0,1,Z-LIH,-0.42869
45.0,126.0,,-1.2,C5,3.0,0.0,1,Z-WDO,-0.26225
51.2,120.0,2.9,2.1,C5,1.0,0.0,1,Z-NWR,-1.31896
46.9,123.0,,2.1,C4,3.0,0.0,0,Z-MUD,1.0349
41.3,65.0,-0.9,-0.7,C2,3.0,1.0,0,Z-SMW,0.194
47.5,,7.1,10.4,C4,2.0,0.0,0,Z-BTM,0.48353
52.9,107.0,4.0,7.8,C2,5.0,0.0,0,Z-YHN,0.17274
48.7,118.0,,1.5,C3,3.0,1.0,0,Z-QCI,0.69476
,96.0,4.1,-5.8,C5,2.0,0.0,1,Z-LVS,1.15418
58.1,93.0,2.1,-0.8,C1,3.0,0.0,1,Z-RXQ,1.48272
28.2,85.0,4.1,-2.6,C4,4.0,0.0,0,Z-FKF,0.22276
46.6,77.0,-0.6,10.0,C2,2.0,1.0,0,Z-ASM,-0.67106
45.2,110.0,5.2,-1.3,C4,5.0,1.0,1,Z-ITV,-1.13046
51.3,110.0,4.0,-4.5,C2,1.0,0.0,1,Z-HMK,0.88256
54.7,102.0,-3.3,,C1,2.0,1.0,0,Z-YGB,0.37739
59.2,101.0,,-1.4,C3,5.0,0.0,0,Z-ZAR,2.07146
44.5,94.0,5.0,3.3,,2.0,1.0,1,Z-FPM,
54.9,111.0,0.5,3.5,,1.0,0.0,1,Z-IBM,-1.27287
51.7,75.0,-1.3,-7.3,C1,1.0,0.0,0,Z-GJE,0.64198
36.5,94.0,0.9,4.1,C4,4.0,1.0,1,Z-IWR,-0.31713
65.4,157.0,5.1,2.6,C4,2.0,0.0,0,Z-AEE,0.71756
-40.7,104.0,-0.8,-4.3,C2,4.0,1.0,1,Z-JNH,-0.92679
53.5,,6.3,,C1,4.0,1.0,1,,0.12746
53.3,94.0,-1.0,3.5,C2,4.0,0.0,1,Z-WTD,-0.14053
52.4,108.0,,2.4,C1,5.0,0.0,1,Z-MTH,-0.55663
46.2,90.0,5.0,-2.0,C1,4.0,1.0,1,Z-AHU,-1.2763
,115.0,,3.3,C4,2.0,0.0,0,Z-VPE,0.4253
37.7,105.0,3.5,3.2,C1,5.0,0.0,1,Z-LJN,
49.6,97.0,1.0,-1.5,C1,2.0,0.0,1,Z-QMC,-1.97243
45.6,43.0,-1.5,1.4,C1,4.0,0.0,0,Z-WVP,-1.20036
44.7,113.0,4.1,-7.7,C5,3.0,0.0,1,Z-QTV,-0.40151
53.6,117.0,0.2,,,,1.0,1,Z-DVU,-0.01319
58.8,119.0,5.8,6.8,C3,4.0,0.0,0,,-0.39595
47.4,64.0,4.8,-3.5,,4.0,1.0,1,Z-NKQ,0.25588
56.4,88.0,6.6,-2.2,C2,5.0,0.0,1,Z-LAW,0.2358
50.6,82.0,4.3,6.4,,3.0,0.0,0,Z-UCX,0.13305
43.0,73.0,7.9,10.3,C1,4.0,1.0,1,Z-HFU,-0.09896
